-- MySQL dump 10.13  Distrib 8.0.19, for macos10.15 (x86_64)
--
-- Host: 0.0.0.0    Database: medicalAppDevV2
-- ------------------------------------------------------
-- Server version	5.7.28

/*!40101 SET @OLD_CHARACTER_SET_CLIENT=@@CHARACTER_SET_CLIENT */;
/*!40101 SET @OLD_CHARACTER_SET_RESULTS=@@CHARACTER_SET_RESULTS */;
/*!40101 SET @OLD_COLLATION_CONNECTION=@@COLLATION_CONNECTION */;
/*!50503 SET NAMES utf8 */;
/*!40103 SET @OLD_TIME_ZONE=@@TIME_ZONE */;
/*!40103 SET TIME_ZONE='+00:00' */;
/*!40014 SET @OLD_UNIQUE_CHECKS=@@UNIQUE_CHECKS, UNIQUE_CHECKS=0 */;
/*!40014 SET @OLD_FOREIGN_KEY_CHECKS=@@FOREIGN_KEY_CHECKS, FOREIGN_KEY_CHECKS=0 */;
/*!40101 SET @OLD_SQL_MODE=@@SQL_MODE, SQL_MODE='NO_AUTO_VALUE_ON_ZERO' */;
/*!40111 SET @OLD_SQL_NOTES=@@SQL_NOTES, SQL_NOTES=0 */;

--
-- Table structure for table `Cabinet`
--

DROP TABLE IF EXISTS `Cabinet`;
/*!40101 SET @saved_cs_client     = @@character_set_client */;
/*!50503 SET character_set_client = utf8mb4 */;
CREATE TABLE `Cabinet` (
  `id_cabinet` int(3) NOT NULL AUTO_INCREMENT,
  `denumire` varchar(50) DEFAULT NULL,
  `id_specialitate` int(3) DEFAULT NULL,
  `id_policlinica` int(3) DEFAULT NULL,
  PRIMARY KEY (`id_cabinet`),
  KEY `id_specialitate` (`id_specialitate`),
  KEY `id_policlinica` (`id_policlinica`),
  CONSTRAINT `Cabinet_ibfk_1` FOREIGN KEY (`id_specialitate`) REFERENCES `SpecialitateMedicala` (`id_specialitate`),
  CONSTRAINT `Cabinet_ibfk_2` FOREIGN KEY (`id_policlinica`) REFERENCES `Policlinica` (`id_policlinica`)
) ENGINE=InnoDB AUTO_INCREMENT=111 DEFAULT CHARSET=utf8;
/*!40101 SET character_set_client = @saved_cs_client */;

--
-- Dumping data for table `Cabinet`
--

LOCK TABLES `Cabinet` WRITE;
/*!40000 ALTER TABLE `Cabinet` DISABLE KEYS */;
INSERT INTO `Cabinet` VALUES (1,'Cabinet 1',5,1),(2,'Cabinet 2',24,1),(3,'Cabinet 3',26,1),(4,'Cabinet 4',5,1),(5,'Cabinet 5',1,1),(6,'Cabinet 6',15,1),(7,'Cabinet 7',18,1),(8,'Cabinet 8',20,1),(9,'Cabinet 9',18,1),(10,'Cabinet 10',4,1),(11,'Cabinet 1',18,2),(12,'Cabinet 2',1,2),(13,'Cabinet 3',26,2),(14,'Cabinet 4',22,2),(15,'Cabinet 5',7,2),(16,'Cabinet 6',21,2),(17,'Cabinet 7',4,2),(18,'Cabinet 8',10,2),(19,'Cabinet 9',12,2),(20,'Cabinet 10',2,2),(21,'Cabinet 1',26,3),(22,'Cabinet 2',18,3),(23,'Cabinet 3',13,3),(24,'Cabinet 4',10,3),(25,'Cabinet 5',11,3),(26,'Cabinet 6',24,3),(27,'Cabinet 7',9,3),(28,'Cabinet 8',26,3),(29,'Cabinet 9',22,3),(30,'Cabinet 10',7,3),(31,'Cabinet 1',22,4),(32,'Cabinet 2',7,4),(33,'Cabinet 3',23,4),(34,'Cabinet 4',14,4),(35,'Cabinet 5',3,4),(36,'Cabinet 6',24,4),(37,'Cabinet 7',6,4),(38,'Cabinet 8',10,4),(39,'Cabinet 9',5,4),(40,'Cabinet 10',21,4),(41,'Cabinet 1',10,5),(42,'Cabinet 2',13,5),(43,'Cabinet 3',10,5),(44,'Cabinet 4',10,5),(45,'Cabinet 5',21,5),(46,'Cabinet 6',21,5),(47,'Cabinet 7',17,5),(48,'Cabinet 8',20,5),(49,'Cabinet 9',23,5),(50,'Cabinet 10',4,5),(51,'Cabinet 1',26,6),(52,'Cabinet 2',15,6),(53,'Cabinet 3',22,6),(54,'Cabinet 4',11,6),(55,'Cabinet 5',14,6),(56,'Cabinet 6',13,6),(57,'Cabinet 7',21,6),(58,'Cabinet 8',13,6),(59,'Cabinet 9',2,6),(60,'Cabinet 10',22,6),(61,'Cabinet 1',25,7),(62,'Cabinet 2',8,7),(63,'Cabinet 3',14,7),(64,'Cabinet 4',21,7),(65,'Cabinet 5',11,7),(66,'Cabinet 6',15,7),(67,'Cabinet 7',18,7),(68,'Cabinet 8',18,7),(69,'Cabinet 9',11,7),(70,'Cabinet 10',24,7),(71,'Cabinet 1',11,8),(72,'Cabinet 2',7,8),(73,'Cabinet 3',1,8),(74,'Cabinet 4',8,8),(75,'Cabinet 5',13,8),(76,'Cabinet 6',14,8),(77,'Cabinet 7',6,8),(78,'Cabinet 8',13,8),(79,'Cabinet 9',19,8),(80,'Cabinet 10',3,8),(81,'Cabinet 1',9,9),(82,'Cabinet 2',12,9),(83,'Cabinet 3',6,9),(84,'Cabinet 4',17,9),(85,'Cabinet 5',17,9),(86,'Cabinet 6',6,9),(87,'Cabinet 7',4,9),(88,'Cabinet 8',2,9),(89,'Cabinet 9',25,9),(90,'Cabinet 10',13,9),(91,'Cabinet 1',18,10),(92,'Cabinet 2',22,10),(93,'Cabinet 3',5,10),(94,'Cabinet 4',9,10),(95,'Cabinet 5',2,10),(96,'Cabinet 6',12,10),(97,'Cabinet 7',25,10),(98,'Cabinet 8',11,10),(99,'Cabinet 9',5,10),(100,'Cabinet 10',17,10),(101,'Cabinet 1',20,11),(102,'Cabinet 2',21,11),(103,'Cabinet 3',18,11),(104,'Cabinet 4',3,11),(105,'Cabinet 5',10,11),(106,'Cabinet 6',16,11),(107,'Cabinet 7',22,11),(108,'Cabinet 8',10,11),(109,'Cabinet 9',10,11),(110,'Cabinet 10',20,11);
/*!40000 ALTER TABLE `Cabinet` ENABLE KEYS */;
UNLOCK TABLES;

--
-- Table structure for table `Donator`
--

DROP TABLE IF EXISTS `Donator`;
/*!40101 SET @saved_cs_client     = @@character_set_client */;
/*!50503 SET character_set_client = utf8mb4 */;
CREATE TABLE `Donator` (
  `id_donator` int(3) NOT NULL AUTO_INCREMENT,
  `grupa_sanguina` enum('0_I pozitiv','0_I negativ','A_II pozitiv','A_II negativ','B_III pozitiv','B_III negativ','AB_IV pozitiv','AB_IV negativ') DEFAULT NULL,
  `rh` enum('pozitiv','negativ') DEFAULT NULL,
  `data_ultimei_donari` date DEFAULT NULL,
  `numar_donari` int(2) DEFAULT NULL,
  `id_pacient` int(3) DEFAULT NULL,
  PRIMARY KEY (`id_donator`),
  KEY `id_pacient` (`id_pacient`),
  CONSTRAINT `Donator_ibfk_1` FOREIGN KEY (`id_pacient`) REFERENCES `Pacient` (`id_pacient`)
) ENGINE=InnoDB AUTO_INCREMENT=256 DEFAULT CHARSET=utf8;
/*!40101 SET character_set_client = @saved_cs_client */;

--
-- Dumping data for table `Donator`
--

LOCK TABLES `Donator` WRITE;
/*!40000 ALTER TABLE `Donator` DISABLE KEYS */;
INSERT INTO `Donator` VALUES (1,'0_I negativ','pozitiv','2019-06-08',5,228),(2,'A_II pozitiv','pozitiv','2017-06-07',9,210),(3,'0_I negativ','negativ','2019-08-24',2,137),(4,'B_III negativ','pozitiv','2019-06-04',6,406),(5,'0_I negativ','negativ','2018-01-09',7,127),(6,'AB_IV pozitiv','negativ','2015-05-14',6,326),(7,'A_II pozitiv','pozitiv','2020-12-18',0,204),(8,'A_II pozitiv','negativ','2012-12-10',18,4),(9,'AB_IV pozitiv','negativ','2015-08-27',25,391),(10,'B_III negativ','negativ','2018-10-05',4,450),(11,'0_I negativ','negativ','2020-07-26',0,335),(12,'0_I pozitiv','negativ','2018-11-01',7,96),(13,'B_III pozitiv','pozitiv','2019-06-14',4,223),(14,'B_III pozitiv','pozitiv','2019-11-23',3,16),(15,'A_II pozitiv','pozitiv','2018-02-15',4,352),(16,'AB_IV negativ','negativ','2015-05-25',12,118),(17,'A_II negativ','pozitiv','2013-01-18',11,57),(18,'B_III negativ','negativ','2013-07-17',1,323),(19,'0_I pozitiv','negativ','2019-07-25',5,383),(20,'0_I pozitiv','negativ','2018-01-21',6,180),(21,'0_I pozitiv','pozitiv','2012-09-29',6,38),(22,'A_II negativ','pozitiv','2012-08-16',25,306),(23,'B_III negativ','negativ','2019-03-15',5,297),(24,'0_I pozitiv','pozitiv','2016-01-29',9,424),(25,'0_I negativ','negativ','2012-05-19',2,110),(26,'AB_IV negativ','pozitiv','2014-06-19',14,458),(27,'AB_IV negativ','pozitiv','2018-05-04',2,365),(28,'0_I pozitiv','pozitiv','2017-07-11',7,48),(29,'A_II pozitiv','pozitiv','2013-09-19',27,461),(30,'A_II pozitiv','negativ','2012-05-28',7,208),(31,'B_III pozitiv','pozitiv','2017-10-09',8,380),(32,'AB_IV pozitiv','negativ','2013-05-28',26,448),(33,'A_II pozitiv','pozitiv','2017-02-10',9,397),(34,'0_I pozitiv','negativ','2016-11-20',19,175),(35,'A_II negativ','negativ','2017-05-23',8,444),(36,'0_I pozitiv','negativ','2019-04-03',3,15),(37,'0_I pozitiv','negativ','2015-12-13',6,43),(38,'0_I negativ','negativ','2012-07-26',5,404),(39,'AB_IV pozitiv','negativ','2021-04-16',0,224),(40,'A_II negativ','negativ','2016-10-17',2,147),(41,'AB_IV negativ','pozitiv','2018-10-09',2,124),(42,'AB_IV negativ','negativ','2015-03-03',15,165),(43,'0_I negativ','negativ','2020-07-06',0,253),(44,'AB_IV negativ','negativ','2012-09-15',15,183),(45,'A_II negativ','pozitiv','2017-01-09',12,318),(46,'AB_IV negativ','pozitiv','2019-08-10',4,140),(47,'AB_IV pozitiv','negativ','2012-09-12',25,26),(48,'AB_IV negativ','negativ','2016-08-10',20,296),(49,'0_I pozitiv','negativ','2015-01-02',1,364),(50,'AB_IV pozitiv','pozitiv','2018-08-27',8,408),(51,'AB_IV negativ','negativ','2015-01-08',5,31),(52,'AB_IV negativ','pozitiv','2014-08-21',16,231),(53,'0_I pozitiv','negativ','2016-06-14',16,275),(54,'A_II negativ','pozitiv','2020-10-31',0,462),(55,'AB_IV pozitiv','negativ','2017-04-22',10,41),(56,'AB_IV pozitiv','negativ','2017-11-14',8,119),(57,'B_III negativ','pozitiv','2020-02-17',1,34),(58,'AB_IV pozitiv','pozitiv','2016-03-31',12,395),(59,'A_II pozitiv','negativ','2018-08-19',4,336),(60,'AB_IV negativ','pozitiv','2013-12-24',8,343),(61,'B_III pozitiv','negativ','2012-08-03',9,463),(62,'A_II pozitiv','pozitiv','2017-05-28',8,276),(63,'B_III pozitiv','pozitiv','2014-07-16',16,13),(64,'0_I negativ','pozitiv','2017-11-12',1,58),(65,'0_I pozitiv','pozitiv','2014-10-25',18,240),(66,'B_III negativ','negativ','2020-10-22',0,139),(67,'A_II pozitiv','pozitiv','2021-04-05',0,92),(68,'A_II pozitiv','pozitiv','2013-11-28',13,284),(69,'B_III negativ','negativ','2015-05-03',22,199),(70,'B_III negativ','pozitiv','2020-08-25',0,330),(71,'0_I pozitiv','pozitiv','2012-09-16',7,181),(72,'A_II pozitiv','pozitiv','2021-05-26',0,87),(73,'B_III pozitiv','pozitiv','2019-12-05',2,338),(74,'B_III pozitiv','pozitiv','2021-04-19',0,394),(75,'0_I negativ','negativ','2018-12-27',5,347),(76,'A_II negativ','pozitiv','2012-05-15',6,138),(77,'B_III negativ','negativ','2019-10-29',2,320),(78,'AB_IV pozitiv','negativ','2015-08-02',23,150),(79,'0_I pozitiv','pozitiv','2012-09-21',10,248),(80,'AB_IV pozitiv','negativ','2013-08-01',5,225),(81,'AB_IV negativ','pozitiv','2016-02-19',20,196),(82,'0_I pozitiv','pozitiv','2019-01-26',4,94),(83,'B_III pozitiv','negativ','2019-08-21',4,344),(84,'AB_IV negativ','pozitiv','2016-11-28',16,12),(85,'B_III negativ','pozitiv','2021-01-01',0,291),(86,'B_III pozitiv','negativ','2017-12-28',2,310),(87,'AB_IV pozitiv','negativ','2017-12-01',6,263),(88,'0_I negativ','negativ','2014-04-01',11,167),(89,'B_III pozitiv','pozitiv','2014-01-29',9,7),(90,'A_II pozitiv','pozitiv','2012-11-06',29,252),(91,'AB_IV pozitiv','pozitiv','2019-05-04',6,327),(92,'0_I negativ','pozitiv','2019-01-06',4,367),(93,'0_I negativ','negativ','2014-05-31',4,386),(94,'AB_IV pozitiv','pozitiv','2018-03-16',6,271),(95,'A_II pozitiv','pozitiv','2014-01-09',14,82),(96,'0_I negativ','negativ','2021-03-15',0,99),(97,'AB_IV pozitiv','pozitiv','2016-11-20',14,422),(98,'B_III negativ','pozitiv','2021-03-26',0,258),(99,'AB_IV pozitiv','pozitiv','2014-03-27',25,400),(100,'A_II pozitiv','negativ','2017-07-11',15,162),(101,'AB_IV negativ','pozitiv','2014-07-07',23,123),(102,'B_III pozitiv','pozitiv','2019-10-10',2,246),(103,'0_I pozitiv','negativ','2019-02-15',7,337),(104,'AB_IV pozitiv','negativ','2013-02-03',9,334),(105,'B_III negativ','pozitiv','2012-08-09',28,430),(106,'A_II pozitiv','pozitiv','2017-08-31',2,200),(107,'A_II negativ','negativ','2018-04-22',4,238),(108,'0_I pozitiv','pozitiv','2019-07-06',5,399),(109,'AB_IV negativ','negativ','2016-07-04',8,154),(110,'B_III pozitiv','pozitiv','2014-03-03',21,117),(111,'0_I negativ','negativ','2013-05-12',8,197),(112,'0_I pozitiv','pozitiv','2014-01-03',9,333),(113,'AB_IV negativ','negativ','2019-06-11',1,14),(114,'A_II negativ','negativ','2016-10-27',16,29),(115,'A_II pozitiv','negativ','2019-05-16',6,418),(116,'0_I negativ','pozitiv','2018-02-18',8,203),(117,'0_I pozitiv','pozitiv','2014-05-10',2,153),(118,'B_III pozitiv','negativ','2013-07-10',26,435),(119,'AB_IV negativ','pozitiv','2017-06-07',3,171),(120,'AB_IV pozitiv','pozitiv','2012-12-16',34,1),(121,'0_I negativ','negativ','2015-05-03',20,75),(122,'B_III pozitiv','negativ','2013-08-24',7,286),(123,'A_II pozitiv','pozitiv','2020-05-08',0,44),(124,'B_III negativ','pozitiv','2018-05-06',3,106),(125,'B_III negativ','negativ','2012-11-27',22,9),(126,'A_II negativ','pozitiv','2012-09-08',6,70),(127,'A_II pozitiv','pozitiv','2015-06-18',8,115),(128,'AB_IV negativ','pozitiv','2020-08-16',0,227),(129,'AB_IV negativ','pozitiv','2020-11-30',0,254),(130,'AB_IV negativ','negativ','2015-09-15',19,211),(131,'AB_IV pozitiv','pozitiv','2017-05-09',6,241),(132,'A_II pozitiv','pozitiv','2013-02-16',34,361),(133,'A_II pozitiv','pozitiv','2015-10-24',12,215),(134,'A_II negativ','pozitiv','2019-03-12',4,195),(135,'A_II pozitiv','pozitiv','2018-12-08',2,85),(136,'A_II negativ','negativ','2016-10-03',16,71),(137,'0_I negativ','negativ','2015-06-13',13,134),(138,'AB_IV pozitiv','pozitiv','2016-03-28',1,289),(139,'0_I negativ','negativ','2016-04-06',16,304),(140,'AB_IV pozitiv','pozitiv','2014-12-02',20,113),(141,'B_III pozitiv','pozitiv','2014-01-18',19,97),(142,'0_I negativ','negativ','2016-12-05',16,50),(143,'0_I pozitiv','pozitiv','2020-05-27',0,83),(144,'0_I negativ','negativ','2015-04-20',22,273),(145,'A_II pozitiv','negativ','2013-03-18',12,243),(146,'0_I negativ','negativ','2016-03-16',8,73),(147,'AB_IV negativ','pozitiv','2017-04-09',13,249),(148,'0_I negativ','pozitiv','2021-01-13',0,72),(149,'0_I negativ','pozitiv','2020-02-10',1,158),(150,'A_II negativ','negativ','2020-11-20',0,68),(151,'B_III negativ','negativ','2016-09-19',1,23),(152,'AB_IV negativ','negativ','2018-08-27',6,299),(153,'AB_IV pozitiv','pozitiv','2019-03-05',6,220),(154,'0_I negativ','negativ','2015-07-23',3,146),(155,'A_II pozitiv','negativ','2016-11-06',7,414),(156,'A_II pozitiv','pozitiv','2019-01-17',1,425);
/*!40000 ALTER TABLE `Donator` ENABLE KEYS */;
UNLOCK TABLES;

--
-- Table structure for table `GradProfesional`
--

DROP TABLE IF EXISTS `GradProfesional`;
/*!40101 SET @saved_cs_client     = @@character_set_client */;
/*!50503 SET character_set_client = utf8mb4 */;
CREATE TABLE `GradProfesional` (
  `id_grad` int(3) NOT NULL AUTO_INCREMENT,
  `grad_profesional` varchar(20) DEFAULT NULL,
  `salariu_min` int(6) DEFAULT NULL,
  `salariu_max` int(6) DEFAULT NULL,
  PRIMARY KEY (`id_grad`)
) ENGINE=InnoDB AUTO_INCREMENT=4 DEFAULT CHARSET=utf8;
/*!40101 SET character_set_client = @saved_cs_client */;

--
-- Dumping data for table `GradProfesional`
--

LOCK TABLES `GradProfesional` WRITE;
/*!40000 ALTER TABLE `GradProfesional` DISABLE KEYS */;
INSERT INTO `GradProfesional` VALUES (1,'primar',10500,14500),(2,'specialist',7300,9900),(3,'rezident',4700,6200);
/*!40000 ALTER TABLE `GradProfesional` ENABLE KEYS */;
UNLOCK TABLES;

--
-- Table structure for table `Medic`
--

DROP TABLE IF EXISTS `Medic`;
/*!40101 SET @saved_cs_client     = @@character_set_client */;
/*!50503 SET character_set_client = utf8mb4 */;
CREATE TABLE `Medic` (
  `id_medic` int(3) NOT NULL AUTO_INCREMENT,
  `salariu` int(6) DEFAULT NULL,
  `data_angajarii` date DEFAULT NULL,
  `id_grad` int(3) DEFAULT NULL,
  `id_specialitate` int(3) DEFAULT NULL,
  `id_utilizator` int(3) DEFAULT NULL,
  PRIMARY KEY (`id_medic`),
  KEY `id_utilizator` (`id_utilizator`),
  KEY `id_grad` (`id_grad`),
  KEY `id_specialitate` (`id_specialitate`),
  CONSTRAINT `Medic_ibfk_1` FOREIGN KEY (`id_utilizator`) REFERENCES `Utilizator` (`id_utilizator`),
  CONSTRAINT `Medic_ibfk_2` FOREIGN KEY (`id_grad`) REFERENCES `GradProfesional` (`id_grad`),
  CONSTRAINT `Medic_ibfk_3` FOREIGN KEY (`id_specialitate`) REFERENCES `SpecialitateMedicala` (`id_specialitate`)
) ENGINE=InnoDB AUTO_INCREMENT=120 DEFAULT CHARSET=utf8;
/*!40101 SET character_set_client = @saved_cs_client */;

--
-- Dumping data for table `Medic`
--

LOCK TABLES `Medic` WRITE;
/*!40000 ALTER TABLE `Medic` DISABLE KEYS */;
INSERT INTO `Medic` VALUES (1,9200,'2009-05-26',2,1,1),(2,8500,'2015-09-27',2,2,2),(3,5200,'2012-07-12',3,3,3),(4,7700,'2012-04-22',2,4,4),(5,8300,'2015-11-27',2,5,5),(6,8600,'2019-08-11',2,6,6),(7,8400,'2018-02-19',2,7,7),(8,8700,'2009-03-18',2,8,8),(9,8400,'2009-04-24',2,9,9),(10,5000,'2008-04-13',3,10,10),(11,8900,'2012-11-04',2,11,11),(12,4800,'2017-12-05',3,12,12),(13,12000,'2009-11-08',1,13,13),(14,10600,'2011-05-07',1,14,14),(15,9100,'2011-12-13',2,15,15),(16,9300,'2009-09-19',2,16,16),(17,9400,'2011-09-20',2,17,17),(18,10700,'2008-11-01',1,18,18),(19,5700,'2011-09-30',3,19,19),(20,8900,'2015-05-12',2,20,20),(21,9300,'2014-04-24',2,21,21),(22,4900,'2009-10-23',3,22,22),(23,7400,'2008-02-10',2,23,23),(24,9400,'2019-11-02',2,24,24),(25,7300,'2011-12-20',2,25,25),(26,11200,'2013-01-03',1,26,26),(27,8900,'2015-07-18',2,1,27),(28,5800,'2010-04-29',3,2,28),(29,5300,'2015-08-24',3,3,29),(30,5900,'2009-12-21',3,4,30),(31,13200,'2008-11-13',1,5,31),(32,14200,'2016-08-22',1,6,32),(33,7400,'2016-12-10',2,7,33),(34,8200,'2015-12-06',2,8,34),(35,5700,'2011-03-23',3,9,35),(36,9200,'2013-03-28',2,10,36),(37,5000,'2018-05-14',3,11,37),(38,8800,'2012-10-26',2,12,38),(39,9300,'2011-09-18',2,13,39),(40,13000,'2019-03-10',1,14,40),(41,6100,'2016-03-29',3,15,41),(42,11800,'2011-08-02',1,16,42),(43,4800,'2008-11-26',3,17,43),(44,7600,'2012-05-07',2,18,44),(45,5600,'2008-12-11',3,19,45),(46,8000,'2018-05-12',2,20,46),(47,6000,'2011-02-14',3,21,47),(48,5500,'2015-11-15',3,22,48),(49,5100,'2016-09-07',3,23,49),(50,5500,'2016-06-30',3,24,50),(51,7300,'2014-05-22',2,25,51),(52,4800,'2016-01-06',3,26,52),(53,13600,'2016-12-06',1,1,53),(54,14100,'2013-05-17',1,2,54),(55,5900,'2009-09-02',3,3,55),(56,8100,'2008-04-15',2,4,56),(57,11100,'2013-02-07',1,5,57),(58,10800,'2019-02-09',1,6,58),(59,14200,'2017-04-13',1,7,59),(60,5900,'2009-10-20',3,8,60),(61,5500,'2009-07-19',3,9,61),(62,12100,'2019-04-30',1,10,62),(63,5100,'2008-12-05',3,11,63),(64,11700,'2011-04-30',1,12,64),(65,11800,'2008-08-22',1,13,65),(66,5900,'2008-06-28',3,14,66),(67,8700,'2013-06-27',2,15,67),(68,4900,'2014-08-03',3,16,68),(69,9100,'2016-09-05',2,17,69),(70,9600,'2018-04-04',2,18,70),(71,5200,'2014-06-16',3,19,71),(72,8300,'2012-04-19',2,20,72),(73,13400,'2008-07-01',1,21,73),(74,13300,'2018-08-19',1,22,74),(75,8100,'2013-01-25',2,23,75),(76,8400,'2014-03-05',2,24,76),(77,7900,'2019-09-30',2,25,77),(78,9600,'2019-07-16',2,26,78),(79,9100,'2019-01-07',2,1,79),(80,9500,'2017-01-31',2,2,80),(81,7900,'2016-01-29',2,3,81),(82,11600,'2013-08-24',1,4,82),(83,5400,'2019-10-22',3,5,83),(84,5200,'2016-09-20',3,6,84),(85,5000,'2016-12-18',3,7,85),(86,11700,'2013-10-08',1,8,86),(87,4700,'2016-11-27',3,9,87),(88,8800,'2016-05-06',2,10,88),(89,5600,'2013-10-04',3,11,89),(90,13200,'2009-10-11',1,12,90),(91,6000,'2011-11-01',3,13,91),(92,8100,'2011-09-27',2,14,92),(93,9100,'2009-11-22',2,15,93),(94,5800,'2013-02-09',3,16,94),(95,9000,'2019-09-03',2,17,95),(96,6100,'2009-06-27',3,18,96),(97,12400,'2011-06-18',1,19,97),(98,7600,'2018-08-23',2,20,98),(99,5600,'2013-10-10',3,21,99),(100,9000,'2013-02-18',2,22,100),(101,9800,'2008-01-28',2,23,101),(102,9500,'2016-03-10',2,24,102),(103,5000,'2010-08-13',3,25,103),(104,8200,'2018-07-22',2,26,104),(105,8000,'2010-07-23',2,1,105),(106,5100,'2015-10-11',3,2,106),(107,11900,'2018-04-12',1,3,107),(108,12100,'2010-06-17',1,4,108),(109,14200,'2010-02-19',1,5,109),(110,12400,'2009-07-15',1,6,110),(111,12800,'2013-04-17',1,7,111),(112,8000,'2014-11-08',2,8,112),(113,12500,'2009-11-02',1,9,113),(114,8800,'2013-11-16',2,10,114),(115,7700,'2019-05-22',2,11,115),(116,7400,'2008-02-21',2,12,116),(117,13600,'2015-08-24',1,13,117),(118,12200,'2011-07-27',1,14,118),(119,5600,'2012-07-21',3,15,119);
/*!40000 ALTER TABLE `Medic` ENABLE KEYS */;
UNLOCK TABLES;

--
-- Table structure for table `OrarMedic`
--

DROP TABLE IF EXISTS `OrarMedic`;
/*!40101 SET @saved_cs_client     = @@character_set_client */;
/*!50503 SET character_set_client = utf8mb4 */;
CREATE TABLE `OrarMedic` (
  `id_orar` int(3) NOT NULL AUTO_INCREMENT,
  `id_medic` int(3) DEFAULT NULL,
  `id_cabinet` int(3) DEFAULT NULL,
  `ziua_saptamanii` enum('Lu','Ma','Mi','Joi','Vn','Sa','Du') DEFAULT NULL,
  `ora_inceput` time DEFAULT NULL,
  `ora_sfarsit` time DEFAULT NULL,
  PRIMARY KEY (`id_orar`),
  KEY `id_medic` (`id_medic`),
  KEY `id_cabinet` (`id_cabinet`),
  CONSTRAINT `OrarMedic_ibfk_1` FOREIGN KEY (`id_medic`) REFERENCES `Medic` (`id_medic`),
  CONSTRAINT `OrarMedic_ibfk_2` FOREIGN KEY (`id_cabinet`) REFERENCES `Cabinet` (`id_cabinet`)
) ENGINE=InnoDB AUTO_INCREMENT=963 DEFAULT CHARSET=utf8;
/*!40101 SET character_set_client = @saved_cs_client */;

--
-- Dumping data for table `OrarMedic`
--

LOCK TABLES `OrarMedic` WRITE;
/*!40000 ALTER TABLE `OrarMedic` DISABLE KEYS */;
INSERT INTO `OrarMedic` VALUES (1,1,5,'Lu','08:30:00','12:30:00'),(2,1,5,'Ma','08:30:00','12:30:00'),(3,1,5,'Mi','08:30:00','12:30:00'),(4,1,5,'Joi','08:30:00','12:30:00'),(5,1,5,'Vn','08:30:00','12:30:00'),(6,1,5,'Sa','09:30:00','13:30:00'),(7,27,5,'Lu','13:00:00','17:00:00'),(8,27,5,'Ma','13:00:00','17:00:00'),(9,27,5,'Mi','13:00:00','17:00:00'),(10,27,5,'Joi','13:00:00','17:00:00'),(11,27,5,'Vn','13:00:00','17:00:00'),(12,27,12,'Sa','11:30:00','15:30:00'),(13,53,12,'Lu','11:30:00','15:30:00'),(14,53,12,'Lu','16:00:00','20:00:00'),(15,53,12,'Ma','11:30:00','15:30:00'),(16,53,12,'Ma','16:00:00','20:00:00'),(17,53,12,'Mi','11:30:00','15:30:00'),(18,53,12,'Mi','16:00:00','20:00:00'),(19,53,12,'Joi','11:30:00','15:30:00'),(20,79,73,'Lu','11:30:00','15:30:00'),(21,79,73,'Lu','16:00:00','20:00:00'),(22,79,73,'Ma','11:30:00','15:30:00'),(23,79,73,'Mi','11:30:00','15:30:00'),(24,79,12,'Joi','16:00:00','20:00:00'),(25,79,12,'Vn','11:30:00','15:30:00'),(26,79,12,'Vn','16:00:00','20:00:00'),(27,105,73,'Ma','16:00:00','20:00:00'),(28,105,73,'Mi','16:00:00','20:00:00'),(29,105,73,'Joi','11:30:00','15:30:00'),(30,105,73,'Joi','16:00:00','20:00:00'),(31,105,73,'Vn','11:30:00','15:30:00'),(32,105,73,'Vn','16:00:00','20:00:00'),(33,105,73,'Sa','11:30:00','15:30:00'),(34,2,20,'Lu','11:30:00','15:30:00'),(35,2,20,'Lu','16:00:00','20:00:00'),(36,2,20,'Ma','11:30:00','15:30:00'),(37,2,20,'Ma','16:00:00','20:00:00'),(38,2,20,'Mi','11:30:00','15:30:00'),(39,2,20,'Mi','16:00:00','20:00:00'),(40,2,20,'Joi','11:30:00','15:30:00'),(41,2,20,'Joi','16:00:00','20:00:00'),(42,28,59,'Lu','11:30:00','15:30:00'),(43,28,59,'Lu','16:00:00','20:00:00'),(44,28,59,'Ma','11:30:00','15:30:00'),(45,28,59,'Ma','16:00:00','20:00:00'),(46,28,59,'Mi','11:30:00','15:30:00'),(47,28,59,'Mi','16:00:00','20:00:00'),(48,28,20,'Vn','11:30:00','15:30:00'),(49,28,20,'Vn','16:00:00','20:00:00'),(50,54,88,'Lu','08:30:00','12:30:00'),(51,54,88,'Lu','13:00:00','17:00:00'),(52,54,88,'Ma','11:30:00','15:30:00'),(53,54,88,'Ma','16:00:00','20:00:00'),(54,54,88,'Mi','08:30:00','12:30:00'),(55,54,88,'Mi','13:00:00','17:00:00'),(56,54,88,'Joi','11:30:00','15:30:00'),(57,54,20,'Sa','11:30:00','15:30:00'),(58,80,95,'Lu','11:30:00','15:30:00'),(59,80,95,'Lu','16:00:00','20:00:00'),(60,80,95,'Ma','08:30:00','12:30:00'),(61,80,95,'Ma','13:00:00','17:00:00'),(62,80,59,'Joi','16:00:00','20:00:00'),(63,80,59,'Vn','08:30:00','12:30:00'),(64,80,59,'Vn','13:00:00','17:00:00'),(65,106,95,'Joi','11:30:00','15:30:00'),(66,106,95,'Joi','11:30:00','15:30:00'),(67,106,95,'Vn','16:00:00','20:00:00'),(68,106,95,'Vn','16:00:00','20:00:00'),(69,106,95,'Sa','11:30:00','15:30:00'),(70,3,35,'Ma','11:30:00','15:30:00'),(71,3,35,'Mi','11:30:00','15:30:00'),(72,3,35,'Joi','11:30:00','15:30:00'),(73,3,35,'Vn','11:30:00','15:30:00'),(74,3,35,'Sa','11:30:00','15:30:00'),(75,3,80,'Lu','11:30:00','15:30:00'),(76,29,35,'Ma','16:00:00','20:00:00'),(77,29,35,'Mi','16:00:00','20:00:00'),(78,29,35,'Joi','16:00:00','20:00:00'),(79,29,35,'Vn','16:00:00','20:00:00'),(80,29,80,'Sa','11:30:00','15:30:00'),(81,29,80,'Lu','16:00:00','20:00:00'),(82,55,80,'Ma','11:30:00','15:30:00'),(83,55,80,'Mi','11:30:00','15:30:00'),(84,55,80,'Joi','11:30:00','15:30:00'),(85,55,80,'Vn','11:30:00','15:30:00'),(86,81,104,'Lu','08:30:00','12:30:00'),(87,81,104,'Ma','08:30:00','12:30:00'),(88,81,104,'Mi','08:30:00','12:30:00'),(89,81,104,'Joi','08:30:00','12:30:00'),(90,81,104,'Vn','08:30:00','12:30:00'),(91,107,104,'Lu','13:00:00','17:00:00'),(92,107,104,'Ma','13:00:00','17:00:00'),(93,107,104,'Mi','13:00:00','17:00:00'),(94,107,104,'Joi','13:00:00','17:00:00'),(95,107,104,'Vn','13:00:00','17:00:00'),(96,4,10,'Lu','08:30:00','12:30:00'),(97,4,10,'Lu','13:00:00','17:00:00'),(98,4,10,'Ma','08:30:00','12:30:00'),(99,4,10,'Ma','13:00:00','17:00:00'),(100,4,10,'Mi','08:30:00','12:30:00'),(101,4,10,'Mi','08:30:00','12:30:00'),(102,4,10,'Joi','08:30:00','12:30:00'),(103,4,10,'Joi','13:00:00','17:00:00'),(104,30,17,'Lu','11:30:00','15:30:00'),(105,30,17,'Lu','16:00:00','20:00:00'),(106,30,17,'Ma','11:30:00','15:30:00'),(107,30,17,'Ma','16:00:00','20:00:00'),(108,30,17,'Mi','11:30:00','15:30:00'),(109,30,17,'Mi','16:00:00','20:00:00'),(110,30,17,'Vn','11:30:00','15:30:00'),(111,30,17,'Vn','16:00:00','20:00:00'),(112,30,17,'Sa','11:30:00','15:30:00'),(113,56,50,'Lu','08:30:00','12:30:00'),(114,56,50,'Lu','13:00:00','17:00:00'),(115,56,50,'Ma','08:30:00','12:30:00'),(116,56,50,'Ma','13:00:00','17:00:00'),(117,56,50,'Joi','08:30:00','12:30:00'),(118,56,50,'Joi','13:00:00','17:00:00'),(119,56,50,'Vn','08:30:00','12:30:00'),(120,56,50,'Vn','13:00:00','17:00:00'),(121,56,50,'Sa','09:30:00','13:30:00'),(122,82,87,'Lu','08:30:00','12:30:00'),(123,82,87,'Ma','11:30:00','15:30:00'),(124,82,87,'Mi','08:30:00','12:30:00'),(125,82,17,'Joi','11:30:00','15:30:00'),(126,82,17,'Joi','16:00:00','20:00:00'),(127,82,10,'Vn','08:30:00','12:30:00'),(128,82,10,'Vn','13:00:00','17:00:00'),(129,82,10,'Sa','09:30:00','13:30:00'),(130,108,87,'Lu','13:00:00','17:00:00'),(131,108,87,'Ma','16:00:00','20:00:00'),(132,108,87,'Mi','13:00:00','17:00:00'),(133,108,87,'Joi','11:30:00','15:30:00'),(134,108,87,'Joi','16:00:00','20:00:00'),(135,108,87,'Vn','08:30:00','12:30:00'),(136,108,87,'Vn','13:00:00','17:00:00'),(137,108,87,'Sa','11:30:00','15:30:00'),(138,5,1,'Lu','08:30:00','12:30:00'),(139,5,1,'Lu','13:00:00','17:00:00'),(140,5,1,'Ma','08:30:00','12:30:00'),(141,5,1,'Ma','13:00:00','17:00:00'),(142,5,1,'Mi','08:30:00','12:30:00'),(143,5,1,'Mi','13:00:00','17:00:00'),(144,5,1,'Joi','08:30:00','12:30:00'),(145,5,1,'Joi','13:00:00','17:00:00'),(146,5,1,'Vn','08:30:00','12:30:00'),(147,5,1,'Vn','13:00:00','17:00:00'),(148,5,1,'Sa','09:30:00','13:30:00'),(149,31,4,'Lu','08:30:00','12:30:00'),(150,31,4,'Lu','13:00:00','17:00:00'),(151,31,4,'Ma','08:30:00','12:30:00'),(152,31,4,'Ma','13:00:00','17:00:00'),(153,31,4,'Mi','08:30:00','12:30:00'),(154,31,4,'Mi','13:00:00','17:00:00'),(155,31,4,'Joi','08:30:00','12:30:00'),(156,31,4,'Joi','13:00:00','17:00:00'),(157,31,4,'Vn','08:30:00','12:30:00'),(158,31,4,'Vn','13:00:00','17:00:00'),(159,31,4,'Sa','09:30:00','13:30:00'),(160,57,39,'Ma','11:30:00','15:30:00'),(161,57,39,'Ma','16:00:00','20:00:00'),(162,57,39,'Mi','11:30:00','15:30:00'),(163,57,39,'Mi','16:00:00','20:00:00'),(164,57,39,'Joi','11:30:00','15:30:00'),(165,57,39,'Joi','16:00:00','20:00:00'),(166,57,39,'Vn','11:30:00','15:30:00'),(167,57,39,'Vn','16:00:00','20:00:00'),(168,57,39,'Sa','11:30:00','15:30:00'),(169,83,93,'Lu','11:30:00','15:30:00'),(170,83,93,'Lu','16:00:00','20:00:00'),(171,83,93,'Ma','08:30:00','12:30:00'),(172,83,93,'Ma','13:00:00','17:00:00'),(173,83,93,'Joi','11:30:00','15:30:00'),(174,83,93,'Joi','16:00:00','20:00:00'),(175,83,93,'Vn','08:30:00','12:30:00'),(176,83,93,'Vn','13:00:00','17:00:00'),(177,83,93,'Sa','11:30:00','15:30:00'),(178,109,99,'Lu','11:30:00','15:30:00'),(179,109,99,'Lu','16:00:00','20:00:00'),(180,109,99,'Ma','08:30:00','12:30:00'),(181,109,99,'Ma','13:00:00','17:00:00'),(182,109,99,'Joi','11:30:00','15:30:00'),(183,109,99,'Joi','16:00:00','20:00:00'),(184,109,99,'Vn','08:30:00','12:30:00'),(185,109,99,'Vn','13:00:00','17:00:00'),(186,109,99,'Sa','11:30:00','15:30:00'),(187,6,37,'Ma','11:30:00','15:30:00'),(188,6,37,'Ma','16:00:00','20:00:00'),(189,6,37,'Mi','11:30:00','15:30:00'),(190,6,37,'Mi','16:00:00','20:00:00'),(191,6,37,'Joi','11:30:00','15:30:00'),(192,6,37,'Joi','16:00:00','20:00:00'),(193,6,37,'Vn','11:30:00','15:30:00'),(194,6,37,'Vn','16:00:00','20:00:00'),(195,6,37,'Sa','11:30:00','15:30:00'),(196,32,77,'Ma','11:30:00','15:30:00'),(197,32,77,'Ma','16:00:00','20:00:00'),(198,32,77,'Mi','11:30:00','15:30:00'),(199,32,77,'Mi','16:00:00','20:00:00'),(200,32,77,'Joi','11:30:00','15:30:00'),(201,32,77,'Joi','16:00:00','20:00:00'),(202,32,77,'Vn','11:30:00','15:30:00'),(203,32,77,'Vn','16:00:00','20:00:00'),(204,32,77,'Sa','11:30:00','15:30:00'),(221,110,77,'Lu','11:30:00','15:30:00'),(222,110,77,'Lu','16:00:00','20:00:00'),(268,7,15,'Ma','11:30:00','15:30:00'),(269,7,15,'Ma','16:00:00','20:00:00'),(270,7,15,'Mi','11:30:00','15:30:00'),(271,7,15,'Mi','16:00:00','20:00:00'),(272,7,15,'Joi','11:30:00','15:30:00'),(273,7,15,'Joi','16:00:00','20:00:00'),(274,7,15,'Vn','11:30:00','15:30:00'),(275,7,15,'Vn','16:00:00','20:00:00'),(276,7,15,'Sa','11:30:00','15:30:00'),(277,33,30,'Lu','08:30:00','12:30:00'),(278,33,30,'Lu','13:00:00','17:00:00'),(279,33,30,'Ma','08:30:00','12:30:00'),(280,33,30,'Ma','13:00:00','17:00:00'),(281,33,30,'Mi','08:30:00','12:30:00'),(282,33,30,'Mi','13:00:00','17:00:00'),(283,33,30,'Joi','08:30:00','12:30:00'),(284,33,30,'Joi','13:00:00','17:00:00'),(285,33,30,'Vn','08:30:00','12:30:00'),(286,33,30,'Vn','13:00:00','17:00:00'),(287,59,32,'Ma','11:30:00','15:30:00'),(288,59,32,'Ma','16:00:00','20:00:00'),(289,59,32,'Mi','11:30:00','15:30:00'),(290,59,32,'Mi','16:00:00','20:00:00'),(291,59,32,'Joi','11:30:00','15:30:00'),(292,59,32,'Joi','16:00:00','20:00:00'),(293,59,32,'Vn','11:30:00','15:30:00'),(294,59,32,'Vn','16:00:00','20:00:00'),(295,59,32,'Sa','11:30:00','15:30:00'),(296,85,72,'Lu','11:30:00','15:30:00'),(297,85,72,'Ma','11:30:00','15:30:00'),(298,85,72,'Mi','11:30:00','15:30:00'),(299,85,72,'Joi','11:30:00','15:30:00'),(300,85,72,'Vn','11:30:00','15:30:00'),(301,85,72,'Sa','11:30:00','15:30:00'),(302,111,72,'Lu','16:00:00','20:00:00'),(303,111,72,'Ma','16:00:00','20:00:00'),(304,111,72,'Mi','16:00:00','20:00:00'),(305,111,72,'Joi','16:00:00','20:00:00'),(306,111,72,'Vn','16:00:00','20:00:00'),(307,8,62,'Lu','08:30:00','12:30:00'),(308,8,62,'Ma','11:30:00','15:30:00'),(309,8,62,'Mi','08:30:00','12:30:00'),(310,8,62,'Joi','11:30:00','15:30:00'),(311,8,62,'Vn','08:30:00','12:30:00'),(312,34,62,'Lu','13:00:00','17:00:00'),(313,34,62,'Ma','16:00:00','20:00:00'),(314,34,62,'Mi','13:00:00','17:00:00'),(315,34,62,'Joi','16:00:00','20:00:00'),(316,34,62,'Vn','13:00:00','17:00:00'),(317,60,74,'Ma','11:30:00','15:30:00'),(318,60,74,'Ma','16:00:00','20:00:00'),(319,60,74,'Mi','11:30:00','15:30:00'),(320,60,74,'Mi','16:00:00','20:00:00'),(321,86,74,'Lu','11:30:00','15:30:00'),(322,86,74,'Lu','16:00:00','20:00:00'),(323,86,74,'Joi','11:30:00','15:30:00'),(324,86,74,'Sa','11:30:00','15:30:00'),(325,112,74,'Joi','16:00:00','20:00:00'),(326,112,74,'Vn','11:30:00','15:30:00'),(327,112,74,'Vn','16:00:00','20:00:00'),(328,112,62,'Sa','11:30:00','15:30:00'),(329,9,27,'Lu','08:30:00','12:30:00'),(330,9,27,'Lu','13:00:00','17:00:00'),(331,9,27,'Ma','08:30:00','12:30:00'),(332,9,27,'Ma','13:00:00','17:00:00'),(333,9,27,'Mi','08:30:00','12:30:00'),(334,9,27,'Mi','13:00:00','17:00:00'),(335,9,27,'Joi','08:30:00','12:30:00'),(336,9,27,'Joi','13:00:00','17:00:00'),(337,9,27,'Vn','08:30:00','12:30:00'),(338,9,27,'Vn','13:00:00','17:00:00'),(339,35,81,'Lu','08:30:00','12:30:00'),(340,35,81,'Ma','11:30:00','15:30:00'),(341,35,81,'Mi','08:30:00','12:30:00'),(342,35,81,'Joi','11:30:00','15:30:00'),(343,35,81,'Vn','08:30:00','12:30:00'),(344,35,81,'Sa','11:30:00','15:30:00'),(345,61,81,'Lu','13:00:00','17:00:00'),(346,61,81,'Ma','16:00:00','20:00:00'),(347,61,81,'Mi','13:00:00','17:00:00'),(348,61,81,'Joi','16:00:00','20:00:00'),(349,61,81,'Vn','13:00:00','17:00:00'),(350,87,94,'Lu','11:30:00','15:30:00'),(351,87,94,'Ma','08:30:00','12:30:00'),(352,87,94,'Joi','11:30:00','15:30:00'),(353,87,94,'Vn','08:30:00','12:30:00'),(354,87,94,'Sa','11:30:00','15:30:00'),(355,113,94,'Lu','16:00:00','20:00:00'),(356,113,94,'Ma','13:00:00','17:00:00'),(357,113,94,'Joi','16:00:00','20:00:00'),(358,113,94,'Vn','13:00:00','17:00:00'),(359,10,18,'Lu','11:30:00','15:30:00'),(360,10,18,'Lu','16:00:00','20:00:00'),(361,10,18,'Ma','11:30:00','15:30:00'),(362,10,18,'Ma','16:00:00','20:00:00'),(363,10,18,'Mi','11:30:00','15:30:00'),(364,10,18,'Mi','16:00:00','20:00:00'),(365,10,18,'Joi','11:30:00','15:30:00'),(366,10,18,'Joi','16:00:00','20:00:00'),(367,10,18,'Vn','11:30:00','15:30:00'),(368,10,18,'Vn','16:00:00','20:00:00'),(369,36,38,'Ma','11:30:00','15:30:00'),(370,36,38,'Ma','16:00:00','20:00:00'),(371,36,38,'Mi','11:30:00','15:30:00'),(372,36,38,'Mi','16:00:00','20:00:00'),(373,36,38,'Joi','11:30:00','15:30:00'),(374,36,38,'Joi','16:00:00','20:00:00'),(375,36,38,'Vn','11:30:00','15:30:00'),(376,36,38,'Vn','16:00:00','20:00:00'),(377,36,38,'Sa','11:30:00','15:30:00'),(378,36,38,'Sa','16:00:00','20:00:00'),(379,62,24,'Lu','08:30:00','12:30:00'),(380,62,24,'Lu','13:00:00','17:00:00'),(381,62,24,'Ma','08:30:00','12:30:00'),(382,62,24,'Ma','13:00:00','17:00:00'),(383,62,24,'Mi','08:30:00','12:30:00'),(384,62,24,'Mi','13:00:00','17:00:00'),(385,62,24,'Joi','08:30:00','12:30:00'),(386,62,24,'Joi','13:00:00','17:00:00'),(387,62,24,'Vn','08:30:00','12:30:00'),(388,62,24,'Vn','13:00:00','17:00:00'),(389,88,41,'Lu','08:30:00','12:30:00'),(390,88,41,'Lu','13:00:00','17:00:00'),(391,88,41,'Ma','08:30:00','12:30:00'),(392,88,41,'Ma','13:00:00','17:00:00'),(393,88,41,'Joi','08:30:00','12:30:00'),(394,88,41,'Joi','13:00:00','17:00:00'),(395,88,41,'Vn','08:30:00','12:30:00'),(396,88,41,'Vn','13:00:00','17:00:00'),(397,88,41,'Sa','09:30:00','13:30:00'),(398,114,43,'Lu','08:30:00','12:30:00'),(399,114,43,'Lu','13:00:00','17:00:00'),(400,114,43,'Ma','08:30:00','12:30:00'),(401,114,43,'Ma','13:00:00','17:00:00'),(402,114,43,'Joi','08:30:00','12:30:00'),(403,114,43,'Joi','13:00:00','17:00:00'),(404,114,43,'Vn','08:30:00','12:30:00'),(405,114,43,'Vn','13:00:00','17:00:00'),(406,114,43,'Sa','09:30:00','13:30:00'),(407,11,25,'Lu','08:30:00','12:30:00'),(408,11,25,'Lu','13:00:00','17:00:00'),(409,11,25,'Ma','08:30:00','12:30:00'),(410,11,25,'Ma','13:00:00','17:00:00'),(411,11,25,'Mi','08:30:00','12:30:00'),(412,11,25,'Mi','13:00:00','17:00:00'),(413,11,25,'Joi','08:30:00','12:30:00'),(414,11,25,'Joi','13:00:00','17:00:00'),(415,11,25,'Vn','08:30:00','12:30:00'),(416,11,25,'Vn','13:00:00','17:00:00'),(417,37,54,'Lu','11:30:00','15:30:00'),(418,37,54,'Lu','16:00:00','20:00:00'),(419,37,54,'Ma','11:30:00','15:30:00'),(420,37,54,'Ma','16:00:00','20:00:00'),(421,37,54,'Mi','11:30:00','15:30:00'),(422,37,54,'Mi','16:00:00','20:00:00'),(423,37,54,'Vn','11:30:00','15:30:00'),(424,37,54,'Vn','16:00:00','20:00:00'),(425,37,54,'Sa','11:30:00','15:30:00'),(426,63,65,'Lu','08:30:00','12:30:00'),(427,63,65,'Lu','13:00:00','17:00:00'),(428,63,65,'Ma','11:30:00','15:30:00'),(429,63,65,'Ma','16:00:00','20:00:00'),(430,63,65,'Mi','08:30:00','12:30:00'),(431,63,65,'Mi','13:00:00','17:00:00'),(432,63,65,'Joi','11:30:00','15:30:00'),(433,63,65,'Joi','16:00:00','20:00:00'),(434,63,65,'Vn','08:30:00','12:30:00'),(435,63,65,'Vn','13:00:00','17:00:00'),(436,63,65,'Sa','11:30:00','15:30:00'),(437,89,69,'Lu','08:30:00','12:30:00'),(438,89,69,'Lu','13:00:00','17:00:00'),(439,89,69,'Ma','11:30:00','15:30:00'),(440,89,69,'Ma','16:00:00','20:00:00'),(441,89,69,'Mi','08:30:00','12:30:00'),(442,89,69,'Mi','13:00:00','17:00:00'),(443,89,69,'Joi','11:30:00','15:30:00'),(444,89,69,'Joi','16:00:00','20:00:00'),(445,89,69,'Vn','08:30:00','12:30:00'),(446,89,69,'Vn','13:00:00','17:00:00'),(447,89,69,'Sa','11:30:00','15:30:00'),(448,115,71,'Lu','11:30:00','15:30:00'),(449,115,71,'Lu','16:00:00','20:00:00'),(450,115,71,'Ma','11:30:00','15:30:00'),(451,115,71,'Ma','16:00:00','20:00:00'),(452,115,71,'Mi','11:30:00','15:30:00'),(453,115,71,'Mi','16:00:00','20:00:00'),(454,115,71,'Joi','11:30:00','15:30:00'),(455,115,71,'Joi','16:00:00','20:00:00'),(456,115,71,'Vn','11:30:00','15:30:00'),(457,115,71,'Vn','16:00:00','20:00:00'),(458,115,71,'Sa','11:30:00','15:30:00'),(459,12,19,'Lu','11:30:00','15:30:00'),(460,12,19,'Lu','16:00:00','20:00:00'),(461,12,19,'Ma','11:30:00','15:30:00'),(462,12,19,'Ma','16:00:00','20:00:00'),(463,12,19,'Mi','11:30:00','15:30:00'),(464,12,19,'Mi','16:00:00','20:00:00'),(465,12,19,'Joi','11:30:00','15:30:00'),(466,12,19,'Joi','16:00:00','20:00:00'),(467,12,19,'Vn','11:30:00','15:30:00'),(468,12,19,'Vn','16:00:00','20:00:00'),(469,12,19,'Sa','11:30:00','15:30:00'),(470,38,82,'Lu','08:30:00','12:30:00'),(471,38,82,'Ma','11:30:00','15:30:00'),(472,38,82,'Mi','08:30:00','12:30:00'),(473,38,82,'Joi','11:30:00','15:30:00'),(474,38,82,'Vn','08:30:00','12:30:00'),(475,38,82,'Sa','11:30:00','15:30:00'),(476,64,82,'Lu','13:00:00','17:00:00'),(477,64,82,'Ma','16:00:00','20:00:00'),(478,64,82,'Mi','13:00:00','17:00:00'),(479,64,82,'Joi','16:00:00','20:00:00'),(480,64,82,'Vn','13:00:00','17:00:00'),(481,90,96,'Lu','11:30:00','15:30:00'),(482,90,96,'Ma','08:30:00','12:30:00'),(483,90,96,'Joi','11:30:00','15:30:00'),(484,90,96,'Vn','08:30:00','12:30:00'),(485,90,96,'Sa','11:30:00','15:30:00'),(486,116,96,'Lu','16:00:00','20:00:00'),(487,116,96,'Ma','13:00:00','17:00:00'),(488,116,96,'Joi','16:00:00','20:00:00'),(489,116,96,'Vn','13:00:00','17:00:00'),(490,13,23,'Lu','08:30:00','12:30:00'),(491,13,23,'Lu','13:00:00','17:00:00'),(492,13,23,'Ma','08:30:00','12:30:00'),(493,13,23,'Ma','13:00:00','17:00:00'),(494,13,23,'Mi','08:30:00','12:30:00'),(495,13,23,'Mi','13:00:00','17:00:00'),(496,13,23,'Joi','08:30:00','12:30:00'),(497,13,23,'Joi','13:00:00','17:00:00'),(498,13,23,'Vn','08:30:00','12:30:00'),(499,13,23,'Vn','13:00:00','17:00:00'),(500,39,42,'Lu','08:30:00','12:30:00'),(501,39,42,'Lu','13:00:00','17:00:00'),(502,39,42,'Ma','08:30:00','12:30:00'),(503,39,42,'Ma','13:00:00','17:00:00'),(504,39,42,'Mi','08:30:00','12:30:00'),(505,39,42,'Mi','13:00:00','17:00:00'),(506,39,42,'Joi','08:30:00','12:30:00'),(507,39,42,'Joi','13:00:00','17:00:00'),(508,39,42,'Vn','08:30:00','12:30:00'),(509,39,42,'Vn','13:00:00','17:00:00'),(510,39,42,'Sa','09:30:00','13:30:00'),(511,65,56,'Lu','11:30:00','15:30:00'),(512,65,56,'Lu','16:00:00','20:00:00'),(513,65,56,'Ma','11:30:00','15:30:00'),(514,65,56,'Ma','16:00:00','20:00:00'),(515,65,56,'Mi','11:30:00','15:30:00'),(516,65,56,'Mi','16:00:00','20:00:00'),(517,65,56,'Vn','11:30:00','15:30:00'),(518,65,56,'Vn','16:00:00','20:00:00'),(519,65,56,'Sa','11:30:00','15:30:00'),(520,91,58,'Lu','11:30:00','15:30:00'),(521,91,58,'Lu','16:00:00','20:00:00'),(522,91,58,'Ma','11:30:00','15:30:00'),(523,91,58,'Ma','16:00:00','20:00:00'),(524,91,58,'Mi','11:30:00','15:30:00'),(525,91,58,'Mi','16:00:00','20:00:00'),(526,91,58,'Vn','11:30:00','15:30:00'),(527,91,58,'Vn','16:00:00','20:00:00'),(528,91,58,'Sa','11:30:00','15:30:00'),(529,117,75,'Lu','11:30:00','15:30:00'),(530,117,75,'Lu','16:00:00','20:00:00'),(531,117,75,'Ma','11:30:00','15:30:00'),(532,117,75,'Ma','16:00:00','20:00:00'),(533,117,75,'Mi','11:30:00','15:30:00'),(534,117,75,'Mi','16:00:00','20:00:00'),(535,117,75,'Joi','11:30:00','15:30:00'),(536,117,75,'Joi','16:00:00','20:00:00'),(537,117,75,'Vn','11:30:00','15:30:00'),(538,117,75,'Vn','16:00:00','20:00:00'),(539,117,75,'Sa','11:30:00','15:30:00'),(540,14,34,'Ma','11:30:00','15:30:00'),(541,14,34,'Ma','16:00:00','20:00:00'),(542,14,34,'Mi','11:30:00','15:30:00'),(543,14,34,'Mi','16:00:00','20:00:00'),(544,14,34,'Joi','11:30:00','15:30:00'),(545,14,34,'Joi','16:00:00','20:00:00'),(546,14,34,'Vn','11:30:00','15:30:00'),(547,14,34,'Vn','16:00:00','20:00:00'),(548,14,34,'Sa','11:30:00','15:30:00'),(549,40,55,'Lu','11:30:00','15:30:00'),(550,40,55,'Lu','16:00:00','20:00:00'),(551,40,55,'Ma','11:30:00','15:30:00'),(552,40,55,'Ma','16:00:00','20:00:00'),(553,40,55,'Mi','11:30:00','15:30:00'),(554,40,55,'Mi','16:00:00','20:00:00'),(555,40,55,'Vn','11:30:00','15:30:00'),(556,40,55,'Vn','16:00:00','20:00:00'),(557,40,55,'Sa','11:30:00','15:30:00'),(558,66,63,'Lu','08:30:00','12:30:00'),(559,66,63,'Ma','11:30:00','15:30:00'),(560,66,63,'Mi','08:30:00','12:30:00'),(561,66,63,'Joi','11:30:00','15:30:00'),(562,66,63,'Vn','08:30:00','12:30:00'),(563,66,63,'Sa','11:30:00','15:30:00'),(564,92,63,'Lu','13:00:00','17:00:00'),(565,92,63,'Ma','16:00:00','20:00:00'),(566,92,63,'Mi','13:00:00','17:00:00'),(567,92,63,'Joi','16:00:00','20:00:00'),(568,92,63,'Vn','13:00:00','17:00:00'),(569,118,76,'Lu','11:30:00','15:30:00'),(570,118,76,'Lu','16:00:00','20:00:00'),(571,118,76,'Ma','11:30:00','15:30:00'),(572,118,76,'Ma','16:00:00','20:00:00'),(573,118,76,'Mi','11:30:00','15:30:00'),(574,118,76,'Mi','16:00:00','20:00:00'),(575,118,76,'Joi','11:30:00','15:30:00'),(576,118,76,'Joi','16:00:00','20:00:00'),(577,118,76,'Vn','11:30:00','15:30:00'),(578,118,76,'Vn','16:00:00','20:00:00'),(579,118,76,'Sa','11:30:00','15:30:00'),(580,15,6,'Lu','08:30:00','12:30:00'),(581,15,6,'Lu','13:00:00','17:00:00'),(582,15,6,'Ma','08:30:00','12:30:00'),(583,15,6,'Ma','13:00:00','17:00:00'),(584,15,6,'Mi','08:30:00','12:30:00'),(585,15,6,'Mi','13:00:00','17:00:00'),(586,15,6,'Joi','08:30:00','12:30:00'),(587,15,6,'Joi','13:00:00','17:00:00'),(588,15,6,'Vn','08:30:00','12:30:00'),(589,15,6,'Vn','13:00:00','17:00:00'),(590,15,6,'Sa','09:30:00','13:30:00'),(591,41,52,'Lu','11:30:00','15:30:00'),(592,41,52,'Ma','11:30:00','15:30:00'),(593,41,52,'Mi','11:30:00','15:30:00'),(594,41,52,'Vn','11:30:00','15:30:00'),(595,41,52,'Sa','11:30:00','15:30:00'),(596,67,52,'Lu','16:00:00','20:00:00'),(597,67,52,'Ma','16:00:00','20:00:00'),(598,67,52,'Mi','16:00:00','20:00:00'),(599,67,52,'Vn','16:00:00','20:00:00'),(600,93,66,'Lu','08:30:00','12:30:00'),(601,93,66,'Ma','11:30:00','15:30:00'),(602,93,66,'Mi','08:30:00','12:30:00'),(603,93,66,'Joi','11:30:00','15:30:00'),(604,93,66,'Vn','08:30:00','12:30:00'),(605,93,66,'Sa','11:30:00','15:30:00'),(606,119,66,'Lu','13:00:00','17:00:00'),(607,119,66,'Ma','16:00:00','20:00:00'),(608,119,66,'Mi','13:00:00','17:00:00'),(609,119,66,'Joi','16:00:00','20:00:00'),(610,119,66,'Vn','13:00:00','17:00:00'),(611,16,106,'Lu','08:30:00','12:30:00'),(612,16,106,'Ma','08:30:00','12:30:00'),(613,16,106,'Mi','08:30:00','12:30:00'),(614,16,106,'Joi','08:30:00','12:30:00'),(615,16,106,'Vn','08:30:00','12:30:00'),(616,42,106,'Lu','13:00:00','17:00:00'),(617,42,106,'Ma','13:00:00','17:00:00'),(618,42,106,'Mi','13:00:00','17:00:00'),(619,42,106,'Joi','13:00:00','17:00:00'),(620,42,106,'Vn','13:00:00','17:00:00'),(621,17,47,'Lu','08:30:00','12:30:00'),(622,17,47,'Lu','13:00:00','17:00:00'),(623,17,47,'Ma','08:30:00','12:30:00'),(624,17,47,'Ma','13:00:00','17:00:00'),(625,17,47,'Joi','08:30:00','12:30:00'),(626,17,47,'Joi','13:00:00','17:00:00'),(627,17,47,'Vn','08:30:00','12:30:00'),(628,17,47,'Vn','13:00:00','17:00:00'),(629,17,47,'Sa','09:30:00','13:30:00'),(630,43,84,'Lu','08:30:00','12:30:00'),(631,43,84,'Lu','13:00:00','17:00:00'),(632,43,84,'Ma','11:30:00','15:30:00'),(633,43,84,'Ma','16:00:00','20:00:00'),(634,43,84,'Mi','08:30:00','12:30:00'),(635,43,84,'Mi','13:00:00','17:00:00'),(636,43,84,'Joi','11:30:00','15:30:00'),(637,43,84,'Joi','16:00:00','20:00:00'),(638,43,84,'Vn','08:30:00','12:30:00'),(639,43,84,'Vn','13:00:00','17:00:00'),(640,43,84,'Sa','11:30:00','15:30:00'),(641,69,85,'Lu','08:30:00','12:30:00'),(642,69,85,'Lu','13:00:00','17:00:00'),(643,69,85,'Ma','11:30:00','15:30:00'),(644,69,85,'Ma','16:00:00','20:00:00'),(645,69,85,'Mi','08:30:00','12:30:00'),(646,69,85,'Mi','13:00:00','17:00:00'),(647,69,85,'Joi','11:30:00','15:30:00'),(648,69,85,'Joi','16:00:00','20:00:00'),(649,69,85,'Vn','08:30:00','12:30:00'),(650,69,85,'Vn','13:00:00','17:00:00'),(651,69,85,'Sa','11:30:00','15:30:00'),(652,95,100,'Lu','11:30:00','15:30:00'),(653,95,100,'Lu','16:00:00','20:00:00'),(654,95,100,'Ma','08:30:00','12:30:00'),(655,95,100,'Ma','13:00:00','17:00:00'),(656,95,100,'Joi','11:30:00','15:30:00'),(657,95,100,'Joi','16:00:00','20:00:00'),(658,95,100,'Vn','08:30:00','12:30:00'),(659,95,100,'Vn','13:00:00','17:00:00'),(660,95,100,'Sa','11:30:00','15:30:00'),(661,18,7,'Lu','08:30:00','12:30:00'),(662,18,7,'Lu','13:00:00','17:00:00'),(663,18,7,'Ma','08:30:00','12:30:00'),(664,18,7,'Ma','13:00:00','17:00:00'),(665,18,7,'Mi','08:30:00','12:30:00'),(666,18,7,'Mi','13:00:00','17:00:00'),(667,18,7,'Joi','08:30:00','12:30:00'),(668,18,7,'Joi','13:00:00','17:00:00'),(669,18,7,'Vn','08:30:00','12:30:00'),(670,18,7,'Vn','13:00:00','17:00:00'),(671,18,7,'Sa','09:30:00','13:30:00'),(672,44,11,'Lu','11:30:00','15:30:00'),(673,44,11,'Lu','16:00:00','20:00:00'),(674,44,11,'Ma','11:30:00','15:30:00'),(675,44,11,'Ma','16:00:00','20:00:00'),(676,44,11,'Mi','11:30:00','15:30:00'),(677,44,11,'Mi','16:00:00','20:00:00'),(678,44,11,'Joi','11:30:00','15:30:00'),(679,44,11,'Joi','16:00:00','20:00:00'),(680,44,11,'Vn','11:30:00','15:30:00'),(681,44,11,'Vn','16:00:00','20:00:00'),(682,44,11,'Sa','11:30:00','15:30:00'),(683,70,22,'Lu','08:30:00','12:30:00'),(684,70,22,'Lu','13:00:00','17:00:00'),(685,70,22,'Ma','08:30:00','12:30:00'),(686,70,22,'Ma','13:00:00','17:00:00'),(687,70,22,'Mi','08:30:00','12:30:00'),(688,70,22,'Mi','13:00:00','17:00:00'),(689,70,22,'Joi','08:30:00','12:30:00'),(690,70,22,'Joi','13:00:00','17:00:00'),(691,70,22,'Vn','08:30:00','12:30:00'),(692,70,22,'Vn','13:00:00','17:00:00'),(693,96,67,'Lu','08:30:00','12:30:00'),(694,96,67,'Lu','13:00:00','17:00:00'),(695,96,67,'Ma','11:30:00','15:30:00'),(696,96,67,'Ma','16:00:00','20:00:00'),(697,96,67,'Mi','08:30:00','12:30:00'),(698,96,67,'Mi','13:00:00','17:00:00'),(699,96,67,'Joi','11:30:00','15:30:00'),(700,96,67,'Joi','16:00:00','20:00:00'),(701,96,67,'Vn','08:30:00','12:30:00'),(702,96,67,'Vn','13:00:00','17:00:00'),(703,96,67,'Sa','11:30:00','15:30:00'),(704,19,79,'Lu','16:00:00','20:00:00'),(705,19,79,'Ma','16:00:00','20:00:00'),(706,19,79,'Mi','16:00:00','20:00:00'),(707,19,79,'Joi','16:00:00','20:00:00'),(708,19,79,'Vn','16:00:00','20:00:00'),(709,45,79,'Lu','11:30:00','15:30:00'),(710,45,79,'Ma','11:30:00','15:30:00'),(711,45,79,'Mi','11:30:00','15:30:00'),(712,45,79,'Joi','11:30:00','15:30:00'),(713,45,79,'Vn','11:30:00','15:30:00'),(714,45,79,'Sa','11:30:00','15:30:00'),(715,20,8,'Lu','08:30:00','12:30:00'),(716,20,8,'Lu','13:00:00','17:00:00'),(717,20,8,'Ma','08:30:00','12:30:00'),(718,20,8,'Ma','13:00:00','17:00:00'),(719,20,8,'Mi','08:30:00','12:30:00'),(720,20,8,'Mi','13:00:00','17:00:00'),(721,20,8,'Joi','08:30:00','12:30:00'),(722,20,8,'Joi','13:00:00','17:00:00'),(723,20,8,'Vn','08:30:00','12:30:00'),(724,20,8,'Vn','13:00:00','17:00:00'),(725,20,8,'Sa','09:30:00','13:30:00'),(726,46,48,'Lu','08:30:00','12:30:00'),(727,46,48,'Lu','13:00:00','17:00:00'),(728,46,48,'Ma','08:30:00','12:30:00'),(729,46,48,'Ma','13:00:00','17:00:00'),(730,46,48,'Joi','08:30:00','12:30:00'),(731,46,48,'Joi','13:00:00','17:00:00'),(732,46,48,'Vn','08:30:00','12:30:00'),(733,46,48,'Vn','13:00:00','17:00:00'),(734,46,48,'Sa','09:30:00','13:30:00'),(735,72,101,'Lu','08:30:00','12:30:00'),(736,72,101,'Lu','13:00:00','17:00:00'),(737,72,101,'Ma','08:30:00','12:30:00'),(738,72,101,'Ma','13:00:00','17:00:00'),(739,72,101,'Mi','08:30:00','12:30:00'),(740,72,101,'Mi','13:00:00','17:00:00'),(741,72,101,'Joi','08:30:00','12:30:00'),(742,72,101,'Joi','13:00:00','17:00:00'),(743,72,101,'Vn','08:30:00','12:30:00'),(744,72,101,'Vn','13:00:00','17:00:00'),(745,98,110,'Lu','08:30:00','12:30:00'),(746,98,110,'Lu','13:00:00','17:00:00'),(747,98,110,'Ma','08:30:00','12:30:00'),(748,98,110,'Ma','13:00:00','17:00:00'),(749,98,110,'Mi','08:30:00','12:30:00'),(750,98,110,'Mi','13:00:00','17:00:00'),(751,98,110,'Joi','08:30:00','12:30:00'),(752,98,110,'Joi','13:00:00','17:00:00'),(753,98,110,'Vn','08:30:00','12:30:00'),(754,98,110,'Vn','13:00:00','17:00:00'),(755,21,16,'Lu','11:30:00','15:30:00'),(756,21,16,'Lu','16:00:00','20:00:00'),(757,21,16,'Ma','11:30:00','15:30:00'),(758,21,16,'Ma','16:00:00','20:00:00'),(759,21,16,'Mi','11:30:00','15:30:00'),(760,21,16,'Mi','16:00:00','20:00:00'),(761,21,16,'Joi','11:30:00','15:30:00'),(762,21,16,'Joi','16:00:00','20:00:00'),(763,21,16,'Vn','11:30:00','15:30:00'),(764,21,16,'Vn','16:00:00','20:00:00'),(765,21,16,'Sa','11:30:00','15:30:00'),(766,47,40,'Ma','11:30:00','15:30:00'),(767,47,40,'Ma','16:00:00','20:00:00'),(768,47,40,'Mi','11:30:00','15:30:00'),(769,47,40,'Mi','16:00:00','20:00:00'),(770,47,40,'Joi','11:30:00','15:30:00'),(771,47,40,'Joi','16:00:00','20:00:00'),(772,47,40,'Vn','11:30:00','15:30:00'),(773,47,40,'Vn','16:00:00','20:00:00'),(774,47,40,'Sa','11:30:00','15:30:00'),(775,73,45,'Lu','08:30:00','12:30:00'),(776,73,45,'Lu','13:00:00','17:00:00'),(777,73,45,'Ma','08:30:00','12:30:00'),(778,73,45,'Ma','13:00:00','17:00:00'),(779,73,45,'Joi','08:30:00','12:30:00'),(780,73,45,'Joi','13:00:00','17:00:00'),(781,73,45,'Vn','08:30:00','12:30:00'),(782,73,45,'Vn','13:00:00','17:00:00'),(783,73,45,'Sa','09:30:00','13:30:00'),(784,99,57,'Lu','11:30:00','15:30:00'),(785,99,57,'Lu','16:00:00','20:00:00'),(786,99,57,'Ma','11:30:00','15:30:00'),(787,99,57,'Ma','16:00:00','20:00:00'),(788,99,57,'Mi','11:30:00','15:30:00'),(789,99,57,'Mi','16:00:00','20:00:00'),(790,99,57,'Vn','11:30:00','15:30:00'),(791,99,57,'Vn','16:00:00','20:00:00'),(792,99,57,'Sa','11:30:00','15:30:00'),(793,22,14,'Lu','11:30:00','15:30:00'),(794,22,14,'Lu','16:00:00','20:00:00'),(795,22,14,'Ma','11:30:00','15:30:00'),(796,22,14,'Ma','16:00:00','20:00:00'),(797,22,14,'Mi','11:30:00','15:30:00'),(798,22,14,'Mi','16:00:00','20:00:00'),(799,22,14,'Joi','11:30:00','15:30:00'),(800,22,14,'Joi','16:00:00','20:00:00'),(801,22,14,'Vn','11:30:00','15:30:00'),(802,22,14,'Vn','16:00:00','20:00:00'),(803,22,14,'Sa','11:30:00','15:30:00'),(804,48,29,'Lu','08:30:00','12:30:00'),(805,48,29,'Lu','13:00:00','17:00:00'),(806,48,29,'Ma','08:30:00','12:30:00'),(807,48,29,'Ma','13:00:00','17:00:00'),(808,48,29,'Mi','08:30:00','12:30:00'),(809,48,29,'Mi','13:00:00','17:00:00'),(810,48,29,'Joi','08:30:00','12:30:00'),(811,48,29,'Joi','13:00:00','17:00:00'),(812,48,29,'Vn','08:30:00','12:30:00'),(813,48,29,'Vn','13:00:00','17:00:00'),(814,74,31,'Ma','11:30:00','15:30:00'),(815,74,31,'Ma','16:00:00','20:00:00'),(816,74,31,'Mi','11:30:00','15:30:00'),(817,74,31,'Mi','16:00:00','20:00:00'),(818,74,31,'Joi','11:30:00','15:30:00'),(819,74,31,'Joi','16:00:00','20:00:00'),(820,74,31,'Vn','11:30:00','15:30:00'),(821,74,31,'Vn','16:00:00','20:00:00'),(822,74,31,'Sa','11:30:00','15:30:00'),(823,100,53,'Lu','11:30:00','15:30:00'),(824,100,53,'Lu','16:00:00','20:00:00'),(825,100,53,'Ma','11:30:00','15:30:00'),(826,100,53,'Ma','16:00:00','20:00:00'),(827,100,53,'Mi','11:30:00','15:30:00'),(828,100,53,'Mi','16:00:00','20:00:00'),(829,100,53,'Vn','11:30:00','15:30:00'),(830,100,53,'Vn','16:00:00','20:00:00'),(831,100,53,'Sa','11:30:00','15:30:00'),(832,23,33,'Ma','11:30:00','15:30:00'),(833,23,33,'Mi','11:30:00','15:30:00'),(834,23,33,'Joi','11:30:00','15:30:00'),(835,23,33,'Vn','11:30:00','15:30:00'),(836,23,33,'Sa','11:30:00','15:30:00'),(837,49,72,'Ma','16:00:00','20:00:00'),(838,49,72,'Mi','16:00:00','20:00:00'),(839,49,72,'Joi','16:00:00','20:00:00'),(840,49,72,'Vn','16:00:00','20:00:00'),(841,75,49,'Lu','08:30:00','12:30:00'),(842,75,49,'Ma','08:30:00','12:30:00'),(843,75,49,'Joi','08:30:00','12:30:00'),(844,75,49,'Vn','08:30:00','12:30:00'),(845,75,49,'Sa','09:30:00','13:30:00'),(846,101,49,'Lu','13:00:00','17:00:00'),(847,101,49,'Ma','13:00:00','17:00:00'),(848,101,49,'Joi','13:00:00','17:00:00'),(849,101,49,'Vn','13:00:00','17:00:00'),(850,24,2,'Lu','08:30:00','12:30:00'),(851,24,2,'Lu','13:00:00','17:00:00'),(852,24,2,'Ma','08:30:00','12:30:00'),(853,24,2,'Ma','13:00:00','17:00:00'),(854,24,2,'Mi','08:30:00','12:30:00'),(855,24,2,'Mi','13:00:00','17:00:00'),(856,24,2,'Joi','08:30:00','12:30:00'),(857,24,2,'Joi','13:00:00','17:00:00'),(858,24,2,'Vn','08:30:00','12:30:00'),(859,24,2,'Vn','13:00:00','17:00:00'),(860,24,2,'Sa','09:30:00','13:30:00'),(861,50,26,'Lu','08:30:00','12:30:00'),(862,50,26,'Lu','13:00:00','17:00:00'),(863,50,26,'Ma','08:30:00','12:30:00'),(864,50,26,'Ma','13:00:00','17:00:00'),(865,50,26,'Mi','08:30:00','12:30:00'),(866,50,26,'Mi','13:00:00','17:00:00'),(867,50,26,'Joi','08:30:00','12:30:00'),(868,50,26,'Joi','13:00:00','17:00:00'),(869,50,26,'Vn','08:30:00','12:30:00'),(870,50,26,'Vn','13:00:00','17:00:00'),(871,76,36,'Ma','11:30:00','15:30:00'),(872,76,36,'Ma','16:00:00','20:00:00'),(873,76,36,'Mi','11:30:00','15:30:00'),(874,76,36,'Mi','16:00:00','20:00:00'),(875,76,36,'Joi','11:30:00','15:30:00'),(876,76,36,'Joi','16:00:00','20:00:00'),(877,76,36,'Vn','11:30:00','15:30:00'),(878,76,36,'Vn','16:00:00','20:00:00'),(879,76,36,'Sa','11:30:00','15:30:00'),(880,102,70,'Lu','08:30:00','12:30:00'),(881,102,70,'Lu','13:00:00','17:00:00'),(882,102,70,'Ma','11:30:00','15:30:00'),(883,102,70,'Ma','16:00:00','20:00:00'),(884,102,70,'Mi','08:30:00','12:30:00'),(885,102,70,'Mi','13:00:00','17:00:00'),(886,102,70,'Joi','11:30:00','15:30:00'),(887,102,70,'Joi','16:00:00','20:00:00'),(888,102,70,'Vn','08:30:00','12:30:00'),(889,102,70,'Vn','13:00:00','17:00:00'),(890,102,70,'Sa','11:30:00','15:30:00'),(891,25,89,'Lu','08:30:00','12:30:00'),(892,25,89,'Ma','11:30:00','15:30:00'),(893,25,89,'Mi','08:30:00','12:30:00'),(894,25,89,'Joi','11:30:00','15:30:00'),(895,25,89,'Vn','08:30:00','12:30:00'),(896,25,89,'Sa','11:30:00','15:30:00'),(897,51,89,'Lu','13:00:00','17:00:00'),(898,51,89,'Ma','16:00:00','20:00:00'),(899,51,89,'Mi','13:00:00','17:00:00'),(900,51,89,'Joi','16:00:00','20:00:00'),(901,51,89,'Vn','13:00:00','17:00:00'),(902,77,97,'Lu','11:30:00','15:30:00'),(903,77,97,'Lu','16:00:00','20:00:00'),(904,77,97,'Ma','08:30:00','12:30:00'),(905,77,97,'Ma','13:00:00','17:00:00'),(906,77,97,'Joi','11:30:00','15:30:00'),(907,77,97,'Joi','16:00:00','20:00:00'),(908,77,97,'Vn','08:30:00','12:30:00'),(909,77,97,'Vn','13:00:00','17:00:00'),(910,77,97,'Sa','11:30:00','15:30:00'),(911,103,61,'Lu','08:30:00','12:30:00'),(912,103,61,'Lu','13:00:00','17:00:00'),(913,103,61,'Ma','11:30:00','15:30:00'),(914,103,61,'Ma','16:00:00','20:00:00'),(915,103,61,'Mi','08:30:00','12:30:00'),(916,103,61,'Mi','13:00:00','17:00:00'),(917,103,61,'Joi','11:30:00','15:30:00'),(918,103,61,'Joi','16:00:00','20:00:00'),(919,103,61,'Vn','08:30:00','12:30:00'),(920,103,61,'Vn','13:00:00','17:00:00'),(921,103,61,'Sa','11:30:00','15:30:00'),(922,26,3,'Lu','08:30:00','12:30:00'),(923,26,3,'Lu','13:00:00','17:00:00'),(924,26,3,'Ma','08:30:00','12:30:00'),(925,26,3,'Ma','13:00:00','17:00:00'),(926,26,3,'Mi','08:30:00','12:30:00'),(927,26,3,'Mi','13:00:00','17:00:00'),(928,26,3,'Joi','08:30:00','12:30:00'),(929,26,3,'Joi','13:00:00','17:00:00'),(930,26,3,'Vn','08:30:00','12:30:00'),(931,26,3,'Vn','13:00:00','17:00:00'),(932,26,3,'Sa','09:30:00','13:30:00'),(933,52,13,'Lu','11:30:00','15:30:00'),(934,52,13,'Lu','16:00:00','20:00:00'),(935,52,13,'Ma','11:30:00','15:30:00'),(936,52,13,'Ma','16:00:00','20:00:00'),(937,52,13,'Mi','11:30:00','15:30:00'),(938,52,13,'Mi','16:00:00','20:00:00'),(939,52,13,'Joi','11:30:00','15:30:00'),(940,52,13,'Joi','16:00:00','20:00:00'),(941,52,13,'Vn','11:30:00','15:30:00'),(942,52,13,'Vn','16:00:00','20:00:00'),(943,52,13,'Sa','11:30:00','15:30:00'),(944,78,21,'Lu','08:30:00','12:30:00'),(945,78,21,'Lu','13:00:00','17:00:00'),(946,78,21,'Ma','08:30:00','12:30:00'),(947,78,21,'Ma','13:00:00','17:00:00'),(948,78,21,'Mi','08:30:00','12:30:00'),(949,78,21,'Mi','13:00:00','17:00:00'),(950,78,21,'Joi','08:30:00','12:30:00'),(951,78,21,'Joi','13:00:00','17:00:00'),(952,78,21,'Vn','08:30:00','12:30:00'),(953,78,21,'Vn','13:00:00','17:00:00'),(954,104,51,'Lu','11:30:00','15:30:00'),(955,104,51,'Lu','16:00:00','20:00:00'),(956,104,51,'Ma','11:30:00','15:30:00'),(957,104,51,'Ma','16:00:00','20:00:00'),(958,104,51,'Mi','11:30:00','15:30:00'),(959,104,51,'Mi','16:00:00','20:00:00'),(960,104,51,'Vn','11:30:00','15:30:00'),(961,104,51,'Vn','16:00:00','20:00:00'),(962,104,51,'Sa','11:30:00','15:30:00');
/*!40000 ALTER TABLE `OrarMedic` ENABLE KEYS */;
UNLOCK TABLES;

--
-- Table structure for table `Pacient`
--

DROP TABLE IF EXISTS `Pacient`;
/*!40101 SET @saved_cs_client     = @@character_set_client */;
/*!50503 SET character_set_client = utf8mb4 */;
CREATE TABLE `Pacient` (
  `id_pacient` int(3) NOT NULL AUTO_INCREMENT,
  `data_nasterii` date DEFAULT NULL,
  `id_zona` int(3) DEFAULT NULL,
  `id_asigurare` int(3) DEFAULT NULL,
  `id_utilizator` int(3) DEFAULT NULL,
  PRIMARY KEY (`id_pacient`),
  KEY `id_asigurare` (`id_asigurare`),
  KEY `id_zona` (`id_zona`),
  KEY `id_utilizator` (`id_utilizator`),
  CONSTRAINT `Pacient_ibfk_1` FOREIGN KEY (`id_asigurare`) REFERENCES `asigurareMedicala` (`id_asigurare`),
  CONSTRAINT `Pacient_ibfk_2` FOREIGN KEY (`id_zona`) REFERENCES `Zona` (`id_zona`),
  CONSTRAINT `Pacient_ibfk_3` FOREIGN KEY (`id_utilizator`) REFERENCES `Utilizator` (`id_utilizator`)
) ENGINE=InnoDB AUTO_INCREMENT=470 DEFAULT CHARSET=utf8;
/*!40101 SET character_set_client = @saved_cs_client */;

--
-- Dumping data for table `Pacient`
--

LOCK TABLES `Pacient` WRITE;
/*!40000 ALTER TABLE `Pacient` DISABLE KEYS */;
INSERT INTO `Pacient` VALUES (1,'1963-02-19',5,2,120),(2,'1999-02-11',2,4,121),(3,'1964-11-20',7,3,122),(4,'1968-09-05',8,2,123),(5,'1972-11-06',1,2,124),(6,'1988-06-16',3,1,125),(7,'1979-03-30',3,4,126),(8,'1994-08-29',7,2,127),(9,'1956-10-04',7,4,128),(10,'1943-06-13',7,4,129),(11,'1954-07-17',7,1,130),(12,'1946-12-04',5,2,131),(13,'1960-01-01',4,3,132),(14,'1997-04-01',5,2,133),(15,'1974-02-04',2,4,134),(16,'1977-07-18',5,4,135),(17,'1985-07-26',1,1,136),(18,'1963-08-06',5,4,137),(19,'1993-12-19',6,4,138),(20,'1995-07-20',6,3,139),(21,'1971-07-03',6,3,140),(22,'1947-03-03',2,2,141),(23,'2000-09-24',8,1,142),(24,'1959-01-02',8,3,143),(25,'1992-07-11',7,4,144),(26,'1994-06-03',4,1,145),(27,'1998-11-09',7,3,146),(28,'1954-12-17',7,1,147),(29,'1952-05-13',4,2,148),(30,'2000-10-27',8,2,149),(31,'1999-06-10',3,2,150),(32,'1990-11-02',6,1,151),(33,'1972-04-24',4,4,152),(34,'1988-08-16',4,1,153),(35,'1960-10-08',5,4,154),(36,'1960-07-28',6,1,155),(37,'1958-10-06',7,3,156),(38,'1980-02-20',8,3,157),(39,'1944-08-15',2,1,158),(40,'1973-10-18',2,4,159),(41,'1975-06-02',2,3,160),(42,'1947-04-20',3,1,161),(43,'1969-07-11',3,1,162),(44,'1943-09-24',4,1,163),(45,'1958-03-30',2,2,164),(46,'1993-09-05',8,1,165),(47,'1958-02-05',8,3,166),(48,'1966-05-10',7,2,167),(49,'1984-06-17',1,3,168),(50,'1980-02-07',8,3,169),(51,'1941-03-04',7,4,170),(52,'1943-05-01',8,4,171),(53,'1942-10-05',4,3,172),(54,'1986-10-06',3,2,173),(55,'1968-03-05',4,4,174),(56,'1980-03-28',7,4,175),(57,'1949-08-21',2,2,176),(58,'1974-02-08',2,4,177),(59,'1942-01-09',4,4,178),(60,'1980-10-31',7,4,179),(61,'1971-06-02',7,3,180),(62,'1956-07-13',3,3,181),(63,'1974-12-20',1,3,182),(64,'1989-01-16',4,4,183),(65,'1969-02-21',1,2,184),(66,'1972-02-07',1,4,185),(67,'1953-03-24',2,4,186),(68,'1988-08-20',7,3,187),(69,'1984-06-10',3,4,188),(70,'1977-11-10',1,1,189),(71,'1946-07-01',5,1,190),(72,'1969-07-01',6,2,191),(73,'1966-10-07',6,3,192),(74,'1959-10-28',5,3,193),(75,'1999-06-09',4,4,194),(76,'1943-11-26',6,3,195),(77,'1970-11-27',1,4,196),(78,'1952-05-09',5,2,197),(79,'1976-03-20',2,4,198),(80,'1958-07-26',4,1,199),(81,'1979-04-08',4,3,200),(82,'1969-10-20',7,3,201),(83,'1960-06-03',7,2,202),(84,'1989-08-22',4,3,203),(85,'1969-07-31',1,4,204),(86,'1978-11-14',2,4,205),(87,'1967-05-04',4,2,206),(88,'1971-02-01',6,4,207),(89,'1952-11-10',7,3,208),(90,'1956-09-18',4,2,209),(91,'1965-03-11',7,2,210),(92,'1996-04-09',5,4,211),(93,'1972-07-07',3,4,212),(94,'1971-09-11',2,1,213),(95,'1967-08-17',6,1,214),(96,'1952-05-20',1,3,215),(97,'1948-06-21',8,3,216),(98,'1993-07-06',7,1,217),(99,'1979-04-07',3,1,218),(100,'1982-11-15',8,3,219),(101,'1955-05-12',1,2,220),(102,'1951-01-20',1,1,221),(103,'1991-10-17',3,3,222),(104,'1980-02-08',2,1,223),(105,'1989-02-02',1,2,224),(106,'1950-01-20',8,1,225),(107,'1997-05-27',2,3,226),(108,'1998-08-29',3,3,227),(109,'1950-05-15',2,4,228),(110,'1991-05-13',8,4,229),(111,'1950-12-11',1,1,230),(112,'1948-04-19',4,1,231),(113,'1976-03-15',7,4,232),(114,'1941-06-12',2,1,233),(115,'1968-07-01',2,4,234),(116,'1970-06-21',4,2,235),(117,'1997-03-31',5,3,236),(118,'1987-03-05',3,2,237),(119,'1987-08-18',1,3,238),(120,'1950-07-07',3,1,239),(121,'1976-05-25',4,3,240),(122,'1956-04-10',4,3,241),(123,'1962-04-13',8,3,242),(124,'1983-03-05',3,2,243),(125,'1996-12-18',6,3,244),(126,'1944-01-09',4,1,245),(127,'1983-08-10',2,3,246),(128,'1963-03-01',7,3,247),(129,'1966-10-09',2,4,248),(130,'1945-10-08',5,1,249),(131,'1949-07-04',2,3,250),(132,'1945-04-15',5,1,251),(133,'1957-02-12',2,3,252),(134,'1957-05-22',2,2,253),(135,'1977-10-25',3,4,254),(136,'1965-07-02',1,4,255),(137,'1970-06-18',1,4,256),(138,'1960-07-24',5,1,257),(139,'1992-05-18',2,2,258),(140,'1963-05-03',5,3,259),(141,'1983-03-01',2,1,260),(142,'1968-08-19',1,2,261),(143,'1999-04-16',7,2,262),(144,'1959-10-05',2,4,263),(145,'1990-06-21',2,1,264),(146,'1990-09-08',5,3,265),(147,'1943-01-07',4,4,266),(148,'1999-06-11',1,4,267),(149,'1985-04-15',3,4,268),(150,'1959-12-27',2,2,269),(151,'1981-01-04',1,2,270),(152,'1968-05-06',8,2,271),(153,'1954-05-14',4,2,272),(154,'1990-06-28',1,4,273),(155,'1993-10-30',3,4,274),(156,'1992-11-28',1,4,275),(157,'1942-02-14',4,1,276),(158,'1985-10-06',2,3,277),(159,'1969-02-22',7,2,278),(160,'1964-09-25',2,1,279),(161,'1945-03-30',7,1,280),(162,'1977-01-30',4,4,281),(163,'1958-08-01',5,3,282),(164,'1983-04-20',5,4,283),(165,'1978-10-05',8,4,284),(166,'1986-09-25',1,3,285),(167,'1945-03-07',6,2,286),(168,'1976-06-27',1,3,287),(169,'1993-12-16',3,4,288),(170,'1961-09-21',2,3,289),(171,'1982-05-02',3,1,290),(172,'1999-11-22',1,4,291),(173,'1953-09-07',2,3,292),(174,'1942-03-26',1,1,293),(175,'1960-11-17',4,1,294),(176,'1941-04-15',1,1,295),(177,'1967-04-23',8,4,296),(178,'1941-08-08',6,3,297),(179,'1984-08-07',5,2,298),(180,'1985-08-10',7,2,299),(181,'1960-06-07',3,1,300),(182,'1955-02-09',8,1,301),(183,'1985-04-23',7,4,302),(184,'1950-11-05',1,3,303),(185,'1941-06-10',8,4,304),(186,'1987-02-27',5,4,305),(187,'1973-05-16',2,3,306),(188,'1979-04-08',1,1,307),(189,'1971-08-25',8,4,308),(190,'1941-07-25',2,4,309),(191,'1980-05-18',3,1,310),(192,'1947-09-28',7,2,311),(193,'1977-04-02',2,2,312),(194,'1973-03-11',4,1,313),(195,'1980-08-07',6,1,314),(196,'1991-02-25',3,3,315),(197,'1987-06-18',5,4,316),(198,'1969-10-21',5,2,317),(199,'1948-04-24',2,3,318),(200,'1995-01-31',1,3,319),(201,'1949-04-21',7,3,320),(202,'1962-03-29',8,3,321),(203,'1996-08-29',1,3,322),(204,'1954-01-26',3,1,323),(205,'1999-08-03',7,2,324),(206,'1966-07-02',2,2,325),(207,'1964-10-14',2,2,326),(208,'1964-09-23',5,2,327),(209,'1967-07-08',2,4,328),(210,'1973-07-08',4,2,329),(211,'1964-05-27',6,1,330),(212,'1986-08-14',2,2,331),(213,'1978-06-07',6,4,332),(214,'1959-10-31',1,3,333),(215,'1973-05-10',8,2,334),(216,'1967-10-17',5,2,335),(217,'1991-03-11',2,3,336),(218,'1990-10-20',3,2,337),(219,'1955-10-22',1,2,338),(220,'1994-05-24',4,4,339),(221,'1970-04-29',6,4,340),(222,'1951-04-23',1,2,341),(223,'1997-12-26',3,4,342),(224,'1991-04-24',5,2,343),(225,'1986-09-03',8,4,344),(226,'1994-04-05',8,3,345),(227,'1948-11-25',6,1,346),(228,'1974-09-06',6,3,347),(229,'1946-11-22',3,4,348),(230,'1942-08-16',5,1,349),(231,'1975-08-29',1,2,350),(232,'1959-08-05',4,3,351),(233,'1954-06-24',1,3,352),(234,'1957-04-01',7,1,353),(235,'1977-10-03',7,4,354),(236,'1944-05-31',8,3,355),(237,'1951-03-13',3,4,356),(238,'1974-01-27',4,1,357),(239,'1988-05-12',2,1,358),(240,'1959-04-15',6,3,359),(241,'1974-10-19',1,1,360),(242,'1959-08-31',8,1,361),(243,'1995-07-08',6,2,362),(244,'1958-09-20',6,3,363),(245,'1999-02-18',4,3,364),(246,'1959-08-28',1,4,365),(247,'1957-11-11',1,3,366),(248,'1997-03-28',1,1,367),(249,'1951-05-17',3,3,368),(250,'1968-01-17',1,1,369),(251,'1966-04-17',3,1,370),(252,'1942-03-03',5,4,371),(253,'1949-01-14',8,1,372),(254,'1988-09-28',8,4,373),(255,'1969-09-09',6,3,374),(256,'1994-08-29',7,1,375),(257,'1957-10-27',8,4,376),(258,'1945-01-10',3,4,377),(259,'1970-08-16',6,1,378),(260,'1963-08-11',4,1,379),(261,'1952-12-17',1,1,380),(262,'1962-07-02',2,4,381),(263,'1967-07-02',6,2,382),(264,'1960-03-30',1,3,383),(265,'1990-12-13',8,3,384),(266,'1997-02-04',7,1,385),(267,'1976-09-08',3,2,386),(268,'1986-05-09',8,3,387),(269,'1992-10-29',8,3,388),(270,'1941-03-28',7,1,389),(271,'1948-09-03',1,3,390),(272,'1986-10-19',6,3,391),(273,'1971-08-18',6,1,392),(274,'1998-06-05',1,3,393),(275,'1975-08-29',2,4,394),(276,'1958-09-19',1,2,395),(277,'1953-02-09',3,1,396),(278,'1994-08-25',7,2,397),(279,'1994-02-06',6,1,398),(280,'1957-12-25',4,4,399),(281,'1998-10-24',8,1,400),(282,'1969-04-23',4,1,401),(283,'1943-07-22',2,4,402),(284,'1941-10-06',8,1,403),(285,'1972-09-13',1,2,404),(286,'1953-08-29',4,1,405),(287,'1964-04-22',2,2,406),(288,'1962-12-04',3,1,407),(289,'1964-08-11',4,1,408),(290,'1954-11-01',7,2,409),(291,'1967-08-23',7,3,410),(292,'1963-11-15',5,2,411),(293,'1948-11-24',6,4,412),(294,'1985-11-26',3,3,413),(295,'1968-02-21',8,1,414),(296,'1975-11-13',5,3,415),(297,'1984-02-21',8,1,416),(298,'1986-01-12',3,3,417),(299,'1950-01-22',4,2,418),(300,'1976-11-05',2,3,419),(301,'1991-05-05',6,1,420),(302,'1958-03-18',7,1,421),(303,'1974-06-01',2,4,422),(304,'1961-03-02',5,1,423),(305,'1962-02-11',8,2,424),(306,'1957-06-05',8,1,425),(307,'1975-07-20',8,1,426),(308,'1977-02-08',8,4,427),(309,'1995-07-22',6,2,428),(310,'1961-04-08',5,3,429),(311,'1968-11-25',8,4,430),(312,'1971-11-04',6,2,431),(313,'1945-03-08',8,3,432),(314,'1966-02-24',4,1,433),(315,'1945-01-14',6,4,434),(316,'2000-09-26',6,2,435),(317,'1947-11-29',7,4,436),(318,'1945-09-02',8,1,437),(319,'1941-10-31',8,1,438),(320,'1964-01-07',1,4,439),(321,'1994-10-29',5,4,440),(322,'2000-04-17',4,4,441),(323,'1951-05-19',5,1,442),(324,'1956-11-13',4,2,443),(325,'1978-07-16',6,1,444),(326,'1941-05-30',8,1,445),(327,'1967-12-08',7,1,446),(328,'1986-06-14',2,1,447),(329,'1943-05-05',3,2,448),(330,'1968-03-16',1,2,449),(331,'1946-12-04',4,3,450),(332,'1960-01-01',7,1,451),(333,'1998-03-19',7,3,452),(334,'1963-04-13',6,3,453),(335,'1980-06-04',1,4,454),(336,'1979-05-24',1,2,455),(337,'1960-02-12',3,2,456),(338,'1956-07-10',3,1,457),(339,'1999-03-21',4,3,458),(340,'1948-05-09',3,2,459),(341,'1983-07-29',4,2,460),(342,'1946-10-07',8,2,461),(343,'1957-11-17',6,4,462),(344,'1944-01-09',5,1,463),(345,'1980-11-10',5,1,464),(346,'1944-10-02',2,1,465),(347,'1942-08-12',4,3,466),(348,'1943-07-02',5,1,467),(349,'1968-07-02',4,1,468),(350,'1959-04-04',5,2,469),(351,'1947-02-23',4,4,470),(352,'1959-02-08',4,2,471),(353,'1989-02-24',6,4,472),(354,'1942-05-24',3,1,473),(355,'1952-09-07',6,3,474),(356,'1942-03-27',5,2,475),(357,'1949-08-20',6,2,476),(358,'1987-04-18',6,1,477),(359,'1992-12-13',4,3,478),(360,'1994-04-09',2,4,479),(361,'1974-05-17',4,2,480),(362,'1971-10-26',5,3,481),(363,'1969-02-03',7,3,482),(364,'1992-05-14',1,4,483),(365,'2000-09-22',1,4,484),(366,'1976-10-29',1,4,485),(367,'1990-01-23',2,1,486),(368,'1974-02-28',5,3,487),(369,'1960-06-03',1,4,488),(370,'1987-10-13',8,1,489),(371,'1963-10-13',6,3,490),(372,'1969-05-05',4,1,491),(373,'1958-02-08',1,4,492),(374,'1996-07-17',7,4,493),(375,'1994-10-28',1,2,494),(376,'1945-11-23',8,1,495),(377,'1992-05-14',4,1,496),(378,'1993-04-29',5,1,497),(379,'1945-10-06',2,2,498),(380,'1973-10-20',5,4,499),(381,'1953-12-18',8,4,500),(382,'1949-07-12',8,3,501),(383,'1992-07-12',8,1,502),(384,'1991-09-30',6,1,503),(385,'1949-04-24',8,1,504),(386,'1994-03-19',6,3,505),(387,'1971-08-21',4,3,506),(388,'1972-04-04',8,1,507),(389,'1956-04-03',6,1,508),(390,'1960-02-15',3,4,509),(391,'1985-09-22',7,2,510),(392,'1968-06-27',7,4,511),(393,'1944-01-12',7,3,512),(394,'1954-09-06',6,1,513),(395,'1953-05-17',8,3,514),(396,'1967-03-08',5,4,515),(397,'1960-08-30',3,3,516),(398,'1997-05-16',6,2,517),(399,'1969-02-28',2,4,518),(400,'1964-01-09',3,2,519),(401,'1978-01-29',6,4,520),(402,'1969-11-26',7,2,521),(403,'1962-07-02',1,3,522),(404,'1970-05-04',8,1,523),(405,'1965-08-07',4,3,524),(406,'1983-10-03',3,4,525),(407,'1994-03-20',3,1,526),(408,'1961-05-27',5,3,527),(409,'1990-04-24',1,2,528),(410,'1994-03-24',3,1,529),(411,'1990-07-07',3,4,530),(412,'1976-05-22',7,3,531),(413,'1976-10-04',8,1,532),(414,'1998-10-29',5,4,533),(415,'1992-11-07',6,2,534),(416,'1982-11-15',7,3,535),(417,'1956-04-03',8,4,536),(418,'1958-03-26',1,2,537),(419,'1968-04-18',6,2,538),(420,'1985-07-23',4,1,539),(421,'1990-08-19',1,2,540),(422,'1991-12-14',7,2,541),(423,'1989-08-19',1,4,542),(424,'1994-09-10',8,2,543),(425,'1972-05-10',5,1,544),(426,'1967-10-08',7,4,545),(427,'1948-08-17',3,4,546),(428,'1949-07-10',3,2,547),(429,'1947-06-23',6,2,548),(430,'1980-05-26',5,1,549),(431,'1994-12-20',4,2,550),(432,'1991-11-04',5,3,551),(433,'1947-01-16',5,4,552),(434,'1974-08-30',3,2,553),(435,'1948-05-14',1,3,554),(436,'1943-06-18',8,2,555),(437,'1971-08-22',4,2,556),(438,'1961-02-20',5,2,557),(439,'1996-04-30',4,4,558),(440,'1988-02-26',4,3,559),(441,'1999-07-19',1,4,560),(442,'1978-02-08',1,3,561),(443,'1989-02-20',3,2,562),(444,'1980-07-28',8,2,563),(445,'1962-07-01',1,4,564),(446,'1979-09-14',4,4,565),(447,'1988-08-13',2,2,566),(448,'1986-12-06',5,2,567),(449,'1943-03-07',4,2,568),(450,'1971-09-05',4,1,569),(451,'1960-10-04',6,3,570),(452,'1992-04-04',8,2,571),(453,'1959-01-06',1,3,572),(454,'1955-04-29',3,3,573),(455,'1997-05-20',6,4,574),(456,'1994-08-25',1,1,575),(457,'1996-12-20',5,3,576),(458,'1988-02-02',7,3,577),(459,'1945-06-13',8,2,578),(460,'1957-05-21',6,1,579),(461,'1990-11-03',3,3,580),(462,'1959-03-23',6,3,581),(463,'1988-10-11',6,4,582),(464,'1978-10-26',1,3,583),(465,'1953-06-28',1,4,584),(466,'1986-05-09',4,1,585),(467,'1992-11-02',8,3,586),(468,'1966-08-22',3,3,587),(469,'1973-03-15',7,3,588);
/*!40000 ALTER TABLE `Pacient` ENABLE KEYS */;
UNLOCK TABLES;

--
-- Table structure for table `Permisiuni`
--

DROP TABLE IF EXISTS `Permisiuni`;
/*!40101 SET @saved_cs_client     = @@character_set_client */;
/*!50503 SET character_set_client = utf8mb4 */;
CREATE TABLE `Permisiuni` (
  `id_permisiune` int(3) NOT NULL AUTO_INCREMENT,
  `nume` varchar(25) DEFAULT NULL,
  `descriere` varchar(50) DEFAULT NULL,
  PRIMARY KEY (`id_permisiune`)
) ENGINE=InnoDB AUTO_INCREMENT=18 DEFAULT CHARSET=utf8;
/*!40101 SET character_set_client = @saved_cs_client */;

--
-- Dumping data for table `Permisiuni`
--

LOCK TABLES `Permisiuni` WRITE;
/*!40000 ALTER TABLE `Permisiuni` DISABLE KEYS */;
INSERT INTO `Permisiuni` VALUES (1,'vizualizare_pacient','Abilitatea de a vizualiza pacienti'),(2,'vizualizare_programare','Abilitatea de a vizualiza programari'),(3,'vizualizare_utilizator','Abilitatea de a vizualiza utilizatori'),(4,'vizualizare_permisiuni','Abilitatea de a vizualiza permisiuni'),(5,'vizualizare_roluri','Abilitatea de a vizualiza roluri'),(6,'adaugare_pacient','Abilitatea de a adauga pacient'),(7,'adaugare_programare','Abilitatea de a adauga programare'),(8,'adaugare_medic','Abilitatea de a adauga medic'),(9,'adaugare_utilizator','Abilitatea de a adauga utilizator'),(10,'stergere_pacient','Abilitatea de a sterge pacient'),(11,'stergere_medic','Abilitatea de a sterge medic'),(12,'stergere_programare','Abilitatea de a sterge programare'),(13,'stergere_utilizator','Abilitatea de a sterge utilizator'),(14,'editare_pacient','Abilitatea de a edita pacient'),(15,'editare_medic','Abilitatea de a edita medic'),(16,'editare_programare','Abilitatea de a edita programare'),(17,'editare_utilizator','Abilitatea de a edita utilizator');
/*!40000 ALTER TABLE `Permisiuni` ENABLE KEYS */;
UNLOCK TABLES;

--
-- Table structure for table `Policlinica`
--

DROP TABLE IF EXISTS `Policlinica`;
/*!40101 SET @saved_cs_client     = @@character_set_client */;
/*!50503 SET character_set_client = utf8mb4 */;
CREATE TABLE `Policlinica` (
  `id_policlinica` int(3) NOT NULL AUTO_INCREMENT,
  `denumire` varchar(50) DEFAULT NULL,
  `email` varchar(100) DEFAULT NULL,
  `telefon` varchar(20) DEFAULT NULL,
  `adresa` varchar(225) DEFAULT NULL,
  `link_google_map` varchar(225) DEFAULT NULL,
  `zona_id` int(3) DEFAULT NULL,
  `data_deschiderii` date DEFAULT NULL,
  `chiria_lunara` int(6) DEFAULT NULL,
  PRIMARY KEY (`id_policlinica`),
  KEY `zona_id` (`zona_id`),
  CONSTRAINT `Policlinica_ibfk_1` FOREIGN KEY (`zona_id`) REFERENCES `Zona` (`id_zona`)
) ENGINE=InnoDB AUTO_INCREMENT=12 DEFAULT CHARSET=utf8;
/*!40101 SET character_set_client = @saved_cs_client */;

--
-- Dumping data for table `Policlinica`
--

LOCK TABLES `Policlinica` WRITE;
/*!40000 ALTER TABLE `Policlinica` DISABLE KEYS */;
INSERT INTO `Policlinica` VALUES (1,'TITU MAIORESCU','titu_maiorescu@clinica_med.ro','021-9212','Calea Vacaresti 189','https://goo.gl/maps/JWwmj54Z7AMHRJgx5',1,'2009-05-26',10900),(2,'ORHIDEEA','orhideea@clinica_med.ro','021-9213','Splaiul Independentei 319C','https://goo.gl/maps/cF4kjd2uLCaLrK8J7',8,'2015-09-27',12200),(3,'COTROCENI','cotroceni@clinica_med.ro','021-9214','Soseaua Cotroceni 20','https://goo.gl/maps/6R4crrwGjMygALHU8',1,'2012-07-12',14000),(4,'ENESCU','enescu@clinica_med.ro','021-9215','Strada George Enescu 12','https://goo.gl/maps/hG9R3P2cAG7HNaML9',1,'2012-04-22',10700),(5,'FLOREASCA','floreasca@clinica_med.ro','021-9216','Strada Axinte Uricariul','https://goo.gl/maps/RThPLu1sycY5n69T9',4,'2015-11-27',13200),(6,'AVIATIEI','aviatiei@clinica_med.ro','021-9217','Calea Floreasca 169A','https://goo.gl/maps/i98wHj4zURppzp6z5',6,'2019-08-11',11600),(7,'LUJERULUI','lujerului@clinica_med.ro','021-9218','Bulevardul Iuliu Maniu 51','https://goo.gl/maps/ZWj5cb2wnCZ24n6M7',3,'2018-02-19',11800),(8,'SUN PLAZA','sun_plaza@clinica_med.ro','021-9219','Calea Vacaresti 391','https://goo.gl/maps/qAemtskpWdMKhwas8',2,'2009-03-18',13900),(9,'VICTORIA','victoria@clinica_med.ro','021-9261','Strada Buzesti 75','https://goo.gl/maps/Y4TzUNcjeHZ7VjM48',1,'2009-04-24',11700),(10,'DOROBANTI','dorobanti@clinica_med.ro','021-9265','Calea Dorobanti 240','https://goo.gl/maps/Z4QvA2SnNFdFe8nm6',5,'2008-04-13',14200),(11,'DOAMNA GHICA','doamna_ghica@clinica_med.ro','021-9267','Strada Doamna Ghica 135','https://goo.gl/maps/GeKJyuEZfsBT2gHa9',7,'2012-11-04',13300);
/*!40000 ALTER TABLE `Policlinica` ENABLE KEYS */;
UNLOCK TABLES;

--
-- Table structure for table `ProgramPoliclinica`
--

DROP TABLE IF EXISTS `ProgramPoliclinica`;
/*!40101 SET @saved_cs_client     = @@character_set_client */;
/*!50503 SET character_set_client = utf8mb4 */;
CREATE TABLE `ProgramPoliclinica` (
  `id_program` int(3) NOT NULL AUTO_INCREMENT,
  `id_policlinica` int(3) DEFAULT NULL,
  `ziua_saptamanii` enum('Lu','Ma','Mi','Joi','Vn','Sa','Du') DEFAULT NULL,
  `ora_inceput` time DEFAULT NULL,
  `ora_sfarsit` time DEFAULT NULL,
  PRIMARY KEY (`id_program`),
  KEY `id_policlinica` (`id_policlinica`),
  CONSTRAINT `ProgramPoliclinica_ibfk_1` FOREIGN KEY (`id_policlinica`) REFERENCES `Policlinica` (`id_policlinica`)
) ENGINE=InnoDB AUTO_INCREMENT=61 DEFAULT CHARSET=utf8;
/*!40101 SET character_set_client = @saved_cs_client */;

--
-- Dumping data for table `ProgramPoliclinica`
--

LOCK TABLES `ProgramPoliclinica` WRITE;
/*!40000 ALTER TABLE `ProgramPoliclinica` DISABLE KEYS */;
INSERT INTO `ProgramPoliclinica` VALUES (1,1,'Lu','08:00:00','17:00:00'),(2,1,'Ma','08:00:00','17:00:00'),(3,1,'Mi','08:00:00','17:00:00'),(4,1,'Joi','08:00:00','17:00:00'),(5,1,'Vn','08:00:00','17:00:00'),(6,1,'Sa','09:00:00','14:00:00'),(7,2,'Lu','11:00:00','20:00:00'),(8,2,'Ma','11:00:00','20:00:00'),(9,2,'Mi','11:00:00','20:00:00'),(10,2,'Joi','11:00:00','20:00:00'),(11,2,'Vn','11:00:00','20:00:00'),(12,2,'Sa','11:00:00','16:00:00'),(13,3,'Lu','08:00:00','17:00:00'),(14,3,'Ma','08:00:00','17:00:00'),(15,3,'Mi','08:00:00','17:00:00'),(16,3,'Joi','08:00:00','17:00:00'),(17,3,'Vn','08:00:00','17:00:00'),(18,4,'Ma','11:00:00','20:00:00'),(19,4,'Mi','11:00:00','20:00:00'),(20,4,'Joi','11:00:00','20:00:00'),(21,4,'Vn','11:00:00','20:00:00'),(22,4,'Sa','11:00:00','16:00:00'),(23,5,'Lu','08:00:00','17:00:00'),(24,5,'Ma','08:00:00','17:00:00'),(25,5,'Joi','08:00:00','17:00:00'),(26,5,'Vn','08:00:00','17:00:00'),(27,5,'Sa','09:00:00','14:00:00'),(28,6,'Lu','11:00:00','20:00:00'),(29,6,'Ma','11:00:00','20:00:00'),(30,6,'Mi','11:00:00','20:00:00'),(31,6,'Vn','11:00:00','20:00:00'),(32,6,'Sa','11:00:00','16:00:00'),(33,7,'Lu','08:00:00','17:00:00'),(34,7,'Ma','11:00:00','20:00:00'),(35,7,'Mi','08:00:00','17:00:00'),(36,7,'Joi','11:00:00','20:00:00'),(37,7,'Vn','08:00:00','17:00:00'),(38,7,'Sa','11:00:00','16:00:00'),(39,8,'Lu','11:00:00','20:00:00'),(40,8,'Ma','11:00:00','20:00:00'),(41,8,'Mi','11:00:00','20:00:00'),(42,8,'Joi','11:00:00','20:00:00'),(43,8,'Vn','11:00:00','20:00:00'),(44,8,'Sa','11:00:00','16:00:00'),(45,9,'Lu','08:00:00','17:00:00'),(46,9,'Ma','11:00:00','20:00:00'),(47,9,'Mi','08:00:00','17:00:00'),(48,9,'Joi','11:00:00','20:00:00'),(49,9,'Vn','08:00:00','17:00:00'),(50,9,'Sa','11:00:00','16:00:00'),(51,10,'Lu','11:00:00','20:00:00'),(52,10,'Ma','08:00:00','17:00:00'),(53,10,'Joi','11:00:00','20:00:00'),(54,10,'Vn','08:00:00','17:00:00'),(55,10,'Sa','11:00:00','16:00:00'),(56,11,'Lu','08:00:00','17:00:00'),(57,11,'Ma','08:00:00','17:00:00'),(58,11,'Mi','08:00:00','17:00:00'),(59,11,'Joi','08:00:00','17:00:00'),(60,11,'Vn','08:00:00','17:00:00');
/*!40000 ALTER TABLE `ProgramPoliclinica` ENABLE KEYS */;
UNLOCK TABLES;

--
-- Table structure for table `Programare`
--

DROP TABLE IF EXISTS `Programare`;
/*!40101 SET @saved_cs_client     = @@character_set_client */;
/*!50503 SET character_set_client = utf8mb4 */;
CREATE TABLE `Programare` (
  `id_programare` int(3) NOT NULL AUTO_INCREMENT,
  `id_pacient` int(3) DEFAULT NULL,
  `id_medic` int(3) DEFAULT NULL,
  `id_cabinet` int(1) DEFAULT NULL,
  `id_serviciu` int(3) DEFAULT NULL,
  `moment_programare` datetime DEFAULT NULL,
  `data_programarii` datetime DEFAULT NULL,
  `durata` time DEFAULT NULL,
  `status_programare` enum('activa','anulata','reprogramata','finalizata') DEFAULT NULL,
  PRIMARY KEY (`id_programare`),
  KEY `id_pacient` (`id_pacient`),
  KEY `id_medic` (`id_medic`),
  KEY `id_cabinet` (`id_cabinet`),
  KEY `id_serviciu` (`id_serviciu`),
  CONSTRAINT `Programare_ibfk_1` FOREIGN KEY (`id_pacient`) REFERENCES `Pacient` (`id_pacient`),
  CONSTRAINT `Programare_ibfk_2` FOREIGN KEY (`id_medic`) REFERENCES `Medic` (`id_medic`),
  CONSTRAINT `Programare_ibfk_3` FOREIGN KEY (`id_cabinet`) REFERENCES `Cabinet` (`id_cabinet`),
  CONSTRAINT `Programare_ibfk_4` FOREIGN KEY (`id_serviciu`) REFERENCES `serviciuMedical` (`id_serviciu`)
) ENGINE=InnoDB AUTO_INCREMENT=500 DEFAULT CHARSET=utf8;
/*!40101 SET character_set_client = @saved_cs_client */;

--
-- Dumping data for table `Programare`
--

LOCK TABLES `Programare` WRITE;
/*!40000 ALTER TABLE `Programare` DISABLE KEYS */;
INSERT INTO `Programare` VALUES (1,1,39,18,32,'2015-01-22 01:52:34','2015-04-22 01:52:34','01:15:00','finalizata'),(2,2,65,16,3,'2015-09-05 04:16:02','2015-12-05 04:16:02','01:30:00','anulata'),(3,3,16,18,32,'2014-08-07 11:24:27','2014-11-07 11:24:27','01:00:00','finalizata'),(4,4,105,15,2,'2018-02-07 06:35:44','2018-05-07 06:35:44','01:30:00','finalizata'),(5,5,105,15,2,'2016-11-19 05:42:00','2017-02-19 05:42:00','01:15:00','anulata'),(6,6,63,18,32,'2016-01-30 14:46:01','2016-04-30 14:46:01','00:45:00','finalizata'),(7,7,16,18,32,'2017-08-30 00:00:52','2017-11-30 00:00:52','01:30:00','anulata'),(8,8,4,18,32,'2014-07-03 13:55:35','2014-10-03 13:55:35','01:00:00','finalizata'),(9,9,21,1,5,'2018-10-04 23:50:08','2019-01-04 23:50:08','00:50:00','finalizata'),(10,10,5,18,32,'2017-11-09 13:49:48','2018-02-09 13:49:48','00:30:00','finalizata'),(11,11,13,18,32,'2018-10-13 17:57:26','2019-01-13 17:57:26','00:50:00','finalizata'),(12,12,60,2,6,'2019-04-30 04:36:04','2019-07-30 04:36:04','00:30:00','finalizata'),(13,13,44,10,14,'2016-07-27 11:01:06','2016-10-27 11:01:06','01:30:00','finalizata'),(14,14,79,18,32,'2019-03-20 22:35:44','2019-06-20 22:35:44','01:00:00','anulata'),(15,15,66,1,5,'2017-02-02 01:59:30','2017-05-02 01:59:30','01:15:00','finalizata'),(16,16,6,2,6,'2016-10-06 18:23:20','2017-01-06 18:23:20','00:45:00','finalizata'),(17,17,103,18,32,'2015-04-16 06:58:02','2015-07-16 06:58:02','01:30:00','finalizata'),(18,18,84,16,3,'2018-09-12 18:32:54','2018-12-12 18:32:54','01:30:00','finalizata'),(19,19,96,18,32,'2015-02-28 05:38:23','2015-05-30 05:38:23','01:30:00','finalizata'),(20,20,104,18,32,'2018-06-29 08:53:20','2018-09-29 08:53:20','01:15:00','finalizata'),(21,21,9,5,9,'2016-01-01 20:18:11','2016-04-01 20:18:11','00:45:00','anulata'),(22,22,25,3,7,'2017-07-01 14:00:25','2017-10-01 14:00:25','01:00:00','finalizata'),(23,23,29,18,32,'2018-02-07 19:11:30','2018-05-07 19:11:30','01:00:00','anulata'),(24,24,34,18,32,'2015-02-07 23:56:12','2015-05-07 23:56:12','00:30:00','anulata'),(25,25,77,1,5,'2018-06-19 19:58:04','2018-09-19 19:58:04','01:15:00','finalizata'),(26,26,79,18,32,'2017-09-04 16:37:18','2017-12-04 16:37:18','00:50:00','finalizata'),(27,27,56,18,32,'2017-11-12 23:52:07','2018-02-12 23:52:07','01:15:00','anulata'),(28,28,37,18,32,'2017-08-10 21:15:22','2017-11-10 21:15:22','00:45:00','finalizata'),(29,29,97,18,32,'2018-05-31 00:21:33','2018-08-31 00:21:33','00:30:00','finalizata'),(30,30,85,11,13,'2016-11-20 02:19:19','2017-02-20 02:19:19','00:50:00','anulata'),(31,31,7,3,7,'2015-12-20 04:29:24','2016-03-20 04:29:24','00:30:00','finalizata'),(32,32,61,18,32,'2016-11-20 16:32:03','2017-02-20 16:32:03','00:50:00','finalizata'),(33,33,96,18,32,'2017-08-12 18:02:32','2017-11-12 18:02:32','00:50:00','finalizata'),(34,34,29,18,32,'2016-02-03 14:21:07','2016-05-03 14:21:07','01:15:00','finalizata'),(35,35,52,18,32,'2016-04-28 07:45:49','2016-07-28 07:45:49','01:15:00','anulata'),(36,36,7,3,7,'2019-02-22 12:54:04','2019-05-22 12:54:04','00:45:00','finalizata'),(37,37,27,5,9,'2018-04-02 20:06:02','2018-07-02 20:06:02','00:30:00','finalizata'),(38,38,2,18,32,'2019-02-03 13:29:54','2019-05-03 13:29:54','01:00:00','finalizata'),(39,39,105,15,2,'2018-02-23 02:55:42','2018-05-23 02:55:42','00:30:00','finalizata'),(40,40,95,18,32,'2017-03-14 11:56:25','2017-06-14 11:56:25','00:30:00','anulata'),(41,41,54,18,32,'2018-05-17 12:33:44','2018-08-17 12:33:44','01:00:00','anulata'),(42,42,80,18,32,'2014-10-18 07:39:28','2015-01-18 07:39:28','00:45:00','finalizata'),(43,43,11,5,9,'2015-11-21 03:36:29','2016-02-21 03:36:29','01:30:00','anulata'),(44,44,101,8,16,'2017-01-18 06:30:58','2017-04-18 06:30:58','01:15:00','finalizata'),(45,45,14,18,32,'2015-11-25 00:54:30','2016-02-25 00:54:30','01:00:00','finalizata'),(46,46,103,18,32,'2015-10-17 05:09:42','2016-01-17 05:09:42','00:45:00','finalizata'),(47,47,77,1,5,'2017-06-28 20:13:47','2017-09-28 20:13:47','01:30:00','finalizata'),(48,48,6,2,6,'2017-06-02 11:39:52','2017-09-02 11:39:52','00:30:00','finalizata'),(49,49,36,18,32,'2015-06-25 11:23:04','2015-09-25 11:23:04','01:30:00','finalizata'),(50,50,22,13,11,'2018-06-26 10:10:30','2018-09-26 10:10:30','00:30:00','anulata'),(51,51,22,13,11,'2017-07-13 01:05:34','2017-10-13 01:05:34','01:00:00','finalizata'),(52,52,74,8,16,'2017-02-16 01:54:00','2017-05-16 01:54:00','00:50:00','finalizata'),(53,53,69,18,32,'2019-01-29 16:30:37','2019-04-29 16:30:37','01:00:00','anulata'),(54,54,15,18,32,'2018-06-29 18:36:48','2018-09-29 18:36:48','01:30:00','finalizata'),(55,55,67,18,32,'2018-12-04 10:22:20','2019-03-04 10:22:20','01:00:00','finalizata'),(56,56,36,18,32,'2017-02-04 01:39:43','2017-05-04 01:39:43','00:50:00','anulata'),(57,57,47,8,16,'2017-09-14 19:11:43','2017-12-14 19:11:43','01:30:00','finalizata'),(58,58,44,10,14,'2016-01-18 17:26:31','2016-04-18 17:26:31','00:50:00','finalizata'),(59,59,6,2,6,'2016-07-07 18:26:31','2016-10-07 18:26:31','00:45:00','finalizata'),(60,60,75,12,12,'2018-11-20 19:29:18','2019-02-20 19:29:18','00:50:00','finalizata'),(61,61,94,9,15,'2016-05-08 14:40:13','2016-08-08 14:40:13','00:30:00','finalizata'),(62,62,54,18,32,'2018-06-03 04:27:31','2018-09-03 04:27:31','00:50:00','anulata'),(63,63,7,3,7,'2016-08-12 03:49:36','2016-11-12 03:49:36','01:00:00','finalizata'),(64,64,82,18,32,'2016-09-07 16:14:53','2016-12-07 16:14:53','00:30:00','finalizata'),(65,65,28,4,8,'2018-12-18 18:12:05','2019-03-18 18:12:05','00:50:00','finalizata'),(66,66,89,18,32,'2015-02-16 00:54:11','2015-05-16 00:54:11','01:30:00','finalizata'),(67,67,68,13,11,'2016-12-27 06:29:39','2017-03-27 06:29:39','00:30:00','finalizata'),(68,68,49,10,14,'2016-09-23 21:44:35','2016-12-23 21:44:35','01:15:00','finalizata'),(69,69,50,18,32,'2018-12-28 18:57:31','2019-03-28 18:57:31','01:30:00','finalizata'),(70,70,33,18,32,'2018-03-28 18:36:43','2018-06-28 18:36:43','01:30:00','anulata'),(71,71,103,18,32,'2018-03-23 15:17:05','2018-06-23 15:17:05','01:15:00','anulata'),(72,72,59,12,12,'2015-06-12 23:21:29','2015-09-12 23:21:29','00:50:00','finalizata'),(73,73,68,13,11,'2015-11-23 19:11:52','2016-02-23 19:11:52','01:15:00','finalizata'),(74,74,69,18,32,'2019-02-20 00:53:55','2019-05-20 00:53:55','01:15:00','finalizata'),(75,75,9,5,9,'2017-12-30 13:00:52','2018-03-30 13:00:52','01:30:00','anulata'),(76,76,51,18,32,'2016-05-10 20:50:32','2016-08-10 20:50:32','01:00:00','finalizata'),(77,77,75,12,12,'2016-06-28 03:00:41','2016-09-28 03:00:41','00:30:00','finalizata'),(78,78,8,4,8,'2018-11-23 14:26:09','2019-02-23 14:26:09','01:00:00','finalizata'),(79,79,36,18,32,'2015-04-17 23:50:09','2015-07-17 23:50:09','00:30:00','finalizata'),(80,80,74,8,16,'2015-01-02 10:22:28','2015-04-02 10:22:28','00:50:00','finalizata'),(81,81,37,18,32,'2014-12-03 16:22:31','2015-03-03 16:22:31','01:15:00','finalizata'),(82,82,59,12,12,'2016-07-17 13:36:31','2016-10-17 13:36:31','01:00:00','finalizata'),(83,83,60,2,6,'2015-06-08 09:42:15','2015-09-08 09:42:15','01:15:00','anulata'),(84,84,36,18,32,'2014-06-18 19:23:43','2014-09-18 19:23:43','01:15:00','anulata'),(85,85,91,16,3,'2016-08-02 11:45:00','2016-11-02 11:45:00','01:30:00','finalizata'),(86,86,101,8,16,'2018-08-04 09:31:20','2018-11-04 09:31:20','00:45:00','finalizata'),(87,87,7,3,7,'2016-02-24 03:56:20','2016-05-24 03:56:20','00:50:00','finalizata'),(88,88,77,1,5,'2018-06-19 23:29:49','2018-09-19 23:29:49','00:30:00','finalizata'),(89,89,17,10,14,'2015-09-11 08:02:19','2015-12-11 08:02:19','00:50:00','finalizata'),(90,90,53,18,32,'2017-11-17 06:06:57','2018-02-17 06:06:57','00:30:00','finalizata'),(91,91,12,18,32,'2017-08-08 05:54:09','2017-11-08 05:54:09','01:30:00','finalizata'),(92,92,9,5,9,'2016-05-03 07:35:42','2016-08-03 07:35:42','00:45:00','finalizata'),(93,93,79,18,32,'2018-12-10 16:30:41','2019-03-10 16:30:41','01:30:00','finalizata'),(94,94,54,18,32,'2018-06-15 21:19:55','2018-09-15 21:19:55','00:45:00','finalizata'),(95,95,14,18,32,'2015-01-11 20:59:02','2015-04-11 20:59:02','01:15:00','anulata'),(96,96,59,12,12,'2015-09-23 21:11:43','2015-12-23 21:11:43','00:45:00','finalizata'),(97,97,66,1,5,'2014-12-10 22:36:13','2015-03-10 22:36:13','01:00:00','finalizata'),(98,98,60,2,6,'2018-01-30 10:00:51','2018-04-30 10:00:51','01:00:00','anulata'),(99,99,2,18,32,'2017-07-14 15:56:53','2017-10-14 15:56:53','01:30:00','anulata'),(100,100,32,18,32,'2018-04-30 15:56:29','2018-07-30 15:56:29','00:45:00','finalizata'),(101,101,28,4,8,'2015-02-20 06:23:07','2015-05-20 06:23:07','00:30:00','anulata'),(102,102,18,18,32,'2018-10-05 12:39:14','2019-01-05 12:39:14','01:30:00','anulata'),(103,103,45,18,32,'2017-12-29 06:35:53','2018-03-29 06:35:53','00:50:00','finalizata'),(104,104,65,16,3,'2017-12-12 08:18:42','2018-03-12 08:18:42','00:45:00','finalizata'),(105,105,68,13,11,'2017-06-27 15:42:15','2017-09-27 15:42:15','01:30:00','anulata'),(106,55,49,10,14,'2017-01-19 02:31:17','2017-04-19 02:31:17','01:30:00','anulata'),(107,106,87,18,32,'2017-10-13 07:09:23','2018-01-13 07:09:23','00:30:00','finalizata'),(108,107,1,18,32,'2019-02-08 09:05:25','2019-05-08 09:05:25','00:45:00','anulata'),(109,108,32,18,32,'2015-12-02 23:09:25','2016-03-02 23:09:25','00:30:00','finalizata'),(110,109,42,18,32,'2014-11-18 21:47:27','2015-02-18 21:47:27','01:30:00','anulata'),(111,110,89,18,32,'2018-10-11 15:29:04','2019-01-11 15:29:04','00:30:00','finalizata'),(112,111,88,16,3,'2015-09-12 13:17:55','2015-12-12 13:17:55','01:30:00','finalizata'),(113,112,6,2,6,'2019-04-30 03:12:50','2019-07-31 03:12:50','01:00:00','finalizata'),(114,113,7,3,7,'2018-04-02 10:57:11','2018-07-02 10:57:11','01:00:00','finalizata'),(115,114,33,18,32,'2017-07-03 21:06:36','2017-10-03 21:06:36','01:00:00','finalizata'),(116,115,37,18,32,'2019-05-23 02:14:37','2019-08-23 02:14:37','00:50:00','finalizata'),(117,116,104,18,32,'2014-10-25 05:19:36','2015-01-25 05:19:36','01:15:00','finalizata'),(118,117,22,13,11,'2019-03-18 11:27:33','2019-06-18 11:27:33','00:30:00','finalizata'),(119,118,45,18,32,'2014-10-13 23:31:59','2015-01-13 23:31:59','01:00:00','anulata'),(120,119,101,8,16,'2015-09-28 07:45:28','2015-12-28 07:45:28','01:15:00','finalizata'),(121,120,20,18,32,'2015-08-26 00:15:16','2015-11-26 00:15:16','00:45:00','finalizata'),(122,121,101,8,16,'2014-11-22 05:41:45','2015-02-22 05:41:45','00:30:00','finalizata'),(123,122,95,18,32,'2014-06-03 17:14:13','2014-09-03 17:14:13','01:00:00','finalizata'),(124,123,37,18,32,'2018-11-23 11:26:10','2019-02-23 11:26:10','00:50:00','anulata'),(125,124,89,18,32,'2016-10-05 15:16:20','2017-01-05 15:16:20','00:50:00','finalizata'),(126,125,87,18,32,'2018-07-12 22:26:10','2018-10-12 22:26:10','00:30:00','finalizata'),(127,126,34,18,32,'2017-08-21 03:32:19','2017-11-21 03:32:19','01:30:00','finalizata'),(128,127,22,13,11,'2016-07-04 14:27:23','2016-10-04 14:27:23','00:50:00','finalizata'),(129,128,38,18,32,'2018-05-05 17:24:05','2018-08-05 17:24:05','01:00:00','finalizata'),(130,129,17,10,14,'2016-03-26 07:11:49','2016-06-26 07:11:49','00:50:00','finalizata'),(131,130,63,18,32,'2018-11-14 17:56:11','2019-02-14 17:56:11','00:50:00','finalizata'),(132,131,54,18,32,'2014-09-02 05:22:45','2014-12-02 05:22:45','01:15:00','finalizata'),(133,132,22,13,11,'2014-10-12 03:00:59','2015-01-12 03:00:59','01:30:00','finalizata'),(134,133,17,10,14,'2018-09-09 20:35:20','2018-12-09 20:35:20','01:30:00','finalizata'),(135,134,53,18,32,'2017-12-06 06:29:43','2018-03-06 06:29:43','00:30:00','finalizata'),(136,135,39,18,32,'2018-09-21 09:31:06','2018-12-21 09:31:06','00:50:00','anulata'),(137,136,89,18,32,'2017-10-21 18:06:43','2018-01-21 18:06:43','01:00:00','anulata'),(138,137,69,18,32,'2017-07-08 18:01:22','2017-10-08 18:01:22','00:30:00','finalizata'),(139,138,74,8,16,'2018-03-12 03:49:37','2018-06-12 03:49:37','00:50:00','finalizata'),(140,139,10,18,32,'2015-11-27 07:49:54','2016-02-27 07:49:54','01:00:00','finalizata'),(141,140,75,12,12,'2014-10-02 08:26:49','2015-01-02 08:26:49','00:45:00','finalizata'),(142,141,28,4,8,'2018-06-08 04:29:24','2018-09-08 04:29:24','01:30:00','anulata'),(143,142,26,9,15,'2016-08-29 06:25:41','2016-11-29 06:25:41','00:30:00','finalizata'),(144,143,82,18,32,'2018-12-29 09:09:57','2019-03-29 09:09:57','01:00:00','anulata'),(145,144,17,10,14,'2018-11-20 18:49:19','2019-02-20 18:49:19','01:15:00','anulata'),(146,145,26,9,15,'2016-01-13 14:13:35','2016-04-13 14:13:35','00:30:00','finalizata'),(147,146,20,18,32,'2017-11-15 14:25:29','2018-02-15 14:25:29','00:50:00','anulata'),(148,147,103,18,32,'2015-06-26 20:01:22','2015-09-26 20:01:22','00:50:00','anulata'),(149,148,94,9,15,'2016-03-28 10:28:06','2016-06-28 10:28:06','00:30:00','finalizata'),(150,149,101,8,16,'2016-04-11 23:55:38','2016-07-11 23:55:38','01:15:00','anulata'),(151,150,14,18,32,'2015-11-20 08:44:15','2016-02-20 08:44:15','00:30:00','finalizata'),(152,151,73,18,32,'2015-05-01 06:11:38','2015-08-01 06:11:38','01:00:00','finalizata'),(153,152,44,10,14,'2015-07-27 14:34:05','2015-10-27 14:34:05','01:30:00','anulata'),(154,153,14,18,32,'2016-07-16 21:10:21','2016-10-16 21:10:21','00:30:00','finalizata'),(155,154,101,8,16,'2016-01-13 03:12:25','2016-04-13 03:12:25','01:15:00','anulata'),(156,155,46,4,8,'2014-10-14 04:58:49','2015-01-14 04:58:49','00:30:00','finalizata'),(157,156,96,18,32,'2018-12-26 14:13:02','2019-03-26 14:13:02','00:50:00','finalizata'),(158,40,22,13,11,'2016-02-01 11:38:06','2016-05-01 11:38:06','01:30:00','finalizata'),(159,157,44,10,14,'2018-03-21 14:18:40','2018-06-21 14:18:40','00:45:00','anulata'),(160,158,98,3,7,'2016-06-08 06:41:35','2016-09-08 06:41:35','00:50:00','finalizata'),(161,159,88,16,3,'2018-02-06 03:47:35','2018-05-06 03:47:35','00:30:00','anulata'),(162,160,84,16,3,'2016-02-18 08:43:37','2016-05-18 08:43:37','01:00:00','finalizata'),(163,161,22,13,11,'2018-10-14 07:36:33','2019-01-14 07:36:33','01:15:00','finalizata'),(164,162,13,18,32,'2018-02-19 13:41:51','2018-05-19 13:41:51','01:15:00','finalizata'),(165,163,26,9,15,'2016-05-18 01:13:05','2016-08-18 01:13:05','01:00:00','finalizata'),(166,164,54,18,32,'2016-12-01 10:01:45','2017-03-01 10:01:45','00:50:00','finalizata'),(167,165,19,18,32,'2014-08-08 08:22:35','2014-11-08 08:22:35','01:30:00','finalizata'),(168,166,44,10,14,'2017-12-09 23:57:23','2018-03-09 23:57:23','01:15:00','finalizata'),(169,167,24,18,32,'2018-04-12 12:21:09','2018-07-12 12:21:09','00:30:00','finalizata'),(170,168,18,18,32,'2019-04-02 12:34:28','2019-07-02 12:34:28','00:30:00','anulata'),(171,169,46,4,8,'2016-07-03 23:12:47','2016-10-03 23:12:47','01:00:00','finalizata'),(172,170,97,18,32,'2017-11-28 00:04:37','2018-02-28 00:04:37','00:50:00','finalizata'),(173,171,2,18,32,'2016-04-23 12:53:55','2016-07-23 12:53:55','00:50:00','finalizata'),(174,172,38,18,32,'2015-07-03 09:07:56','2015-10-03 09:07:56','00:50:00','finalizata'),(175,173,74,8,16,'2016-04-15 00:10:13','2016-07-15 00:10:13','00:45:00','finalizata'),(176,174,69,18,32,'2017-08-30 21:04:29','2017-11-30 21:04:29','01:15:00','anulata'),(177,156,29,18,32,'2014-12-26 06:21:50','2015-03-26 06:21:50','00:30:00','finalizata'),(178,175,81,9,15,'2018-05-22 01:22:24','2018-08-22 01:22:24','00:50:00','finalizata'),(179,176,37,18,32,'2016-01-23 07:27:35','2016-04-23 07:27:35','01:00:00','anulata'),(180,177,9,5,9,'2018-08-20 17:37:14','2018-11-20 17:37:14','01:00:00','anulata'),(181,178,92,18,32,'2015-09-21 04:28:19','2015-12-21 04:28:19','00:30:00','anulata'),(182,179,45,18,32,'2015-04-16 12:38:28','2015-07-16 12:38:28','01:15:00','finalizata'),(183,180,43,11,13,'2017-11-15 19:57:25','2018-02-15 19:57:25','00:50:00','finalizata'),(184,181,79,18,32,'2017-03-15 20:35:26','2017-06-15 20:35:26','00:30:00','anulata'),(185,182,45,18,32,'2017-05-20 01:46:41','2017-08-20 01:46:41','00:50:00','finalizata'),(186,19,16,18,32,'2018-10-17 16:45:05','2019-01-17 16:45:05','00:50:00','finalizata'),(187,183,105,15,2,'2014-10-27 09:12:42','2015-01-27 09:12:42','00:30:00','finalizata'),(188,184,43,11,13,'2017-04-06 07:38:52','2017-07-06 07:38:52','00:50:00','finalizata'),(189,185,88,16,3,'2018-05-18 01:05:06','2018-08-18 01:05:06','00:50:00','finalizata'),(190,186,59,12,12,'2014-11-03 00:30:39','2015-02-03 00:30:39','01:30:00','anulata'),(191,187,83,18,32,'2016-05-03 11:14:29','2016-08-03 11:14:29','00:30:00','finalizata'),(192,188,69,18,32,'2015-09-13 06:52:56','2015-12-13 06:52:56','01:30:00','finalizata'),(193,153,87,18,32,'2015-01-17 19:07:15','2015-04-17 19:07:15','00:30:00','finalizata'),(194,189,1,18,32,'2016-01-29 15:01:58','2016-04-29 15:01:58','01:30:00','anulata'),(195,9,29,18,32,'2017-04-09 21:26:34','2017-07-09 21:26:34','00:45:00','anulata'),(196,190,91,16,3,'2018-07-25 07:46:18','2018-10-25 07:46:18','01:00:00','finalizata'),(197,21,56,18,32,'2014-12-16 22:57:45','2015-03-16 22:57:45','00:45:00','finalizata'),(198,191,75,12,12,'2017-08-02 14:21:12','2017-11-02 14:21:12','00:30:00','finalizata'),(199,192,91,16,3,'2015-12-16 22:35:01','2016-03-16 22:35:01','01:30:00','finalizata'),(200,193,96,18,32,'2015-07-06 09:26:37','2015-10-06 09:26:37','00:30:00','finalizata'),(201,194,34,18,32,'2014-11-07 08:34:03','2015-02-07 08:34:03','01:15:00','anulata'),(202,195,12,18,32,'2016-06-09 01:01:15','2016-09-09 01:01:15','01:00:00','anulata'),(203,196,92,18,32,'2016-03-22 12:13:59','2016-06-22 12:13:59','01:15:00','anulata'),(204,197,101,8,16,'2014-11-19 17:54:33','2015-02-19 17:54:33','00:30:00','finalizata'),(205,198,53,18,32,'2016-02-09 23:55:32','2016-05-09 23:55:32','01:30:00','finalizata'),(206,199,57,8,16,'2018-12-03 19:28:49','2019-03-03 19:28:49','01:15:00','anulata'),(207,200,96,18,32,'2018-12-18 19:21:52','2019-03-18 19:21:52','01:15:00','finalizata'),(208,201,87,18,32,'2018-03-26 22:27:47','2018-06-26 22:27:47','01:00:00','finalizata'),(209,202,60,2,6,'2015-06-17 00:12:14','2015-09-17 00:12:14','00:45:00','finalizata'),(210,203,61,18,32,'2018-12-17 18:03:43','2019-03-17 18:03:43','01:30:00','finalizata'),(211,204,81,9,15,'2016-07-19 13:05:29','2016-10-19 13:05:29','01:15:00','finalizata'),(212,205,74,8,16,'2016-03-17 08:05:58','2016-06-17 08:05:58','01:30:00','finalizata'),(213,206,107,18,32,'2017-09-22 06:27:23','2017-12-22 06:27:23','00:30:00','anulata'),(214,207,83,18,32,'2018-02-22 05:55:27','2018-05-22 05:55:27','00:45:00','finalizata'),(215,208,103,18,32,'2016-03-07 10:21:36','2016-06-07 10:21:36','00:50:00','finalizata'),(216,11,99,12,12,'2015-10-04 13:12:56','2016-01-04 13:12:56','01:15:00','finalizata'),(217,209,83,18,32,'2018-03-26 01:12:12','2018-06-26 01:12:12','01:00:00','finalizata'),(218,210,63,18,32,'2016-11-01 08:05:56','2017-02-01 08:05:56','00:45:00','anulata'),(219,211,51,18,32,'2014-08-08 05:44:16','2014-11-08 05:44:16','01:00:00','anulata'),(220,212,13,18,32,'2017-09-16 02:43:14','2017-12-16 02:43:14','00:45:00','finalizata'),(221,213,101,8,16,'2015-10-26 14:24:47','2016-01-26 14:24:47','01:15:00','anulata'),(222,214,71,18,32,'2017-07-31 01:47:52','2017-10-31 01:47:52','01:15:00','finalizata'),(223,215,75,12,12,'2015-04-11 01:47:33','2015-07-11 01:47:33','01:00:00','finalizata'),(224,216,57,8,16,'2018-12-14 03:03:46','2019-03-14 03:03:46','00:50:00','finalizata'),(225,217,5,18,32,'2015-06-15 03:08:04','2015-09-15 03:08:04','00:50:00','anulata'),(226,218,86,18,32,'2018-03-11 22:51:15','2018-06-11 22:51:15','00:30:00','finalizata'),(227,219,50,18,32,'2015-02-28 15:34:28','2015-05-29 15:34:28','01:30:00','finalizata'),(228,220,84,16,3,'2017-12-03 04:50:05','2018-03-03 04:50:05','00:50:00','finalizata'),(229,221,82,18,32,'2017-05-14 14:06:50','2017-08-14 14:06:50','00:30:00','finalizata'),(230,222,24,18,32,'2016-07-28 15:25:18','2016-10-28 15:25:18','00:30:00','finalizata'),(231,223,44,10,14,'2018-06-27 20:48:21','2018-09-27 20:48:21','00:45:00','finalizata'),(232,224,49,10,14,'2018-07-21 11:55:41','2018-10-21 11:55:41','00:30:00','anulata'),(233,225,37,18,32,'2014-09-15 16:47:40','2014-12-15 16:47:40','01:15:00','finalizata'),(234,226,2,18,32,'2014-08-12 01:34:13','2014-11-12 01:34:13','01:00:00','finalizata'),(235,227,17,10,14,'2018-05-22 23:13:44','2018-08-22 23:13:44','01:15:00','finalizata'),(236,228,67,18,32,'2016-04-14 16:52:22','2016-07-14 16:52:22','01:15:00','finalizata'),(237,229,6,2,6,'2019-03-04 12:49:16','2019-06-04 12:49:16','01:30:00','finalizata'),(238,230,11,5,9,'2014-07-13 12:00:48','2014-10-13 12:00:48','01:30:00','finalizata'),(239,231,7,3,7,'2014-12-17 03:33:15','2015-03-17 03:33:15','01:00:00','finalizata'),(240,232,94,9,15,'2014-10-12 13:37:27','2015-01-12 13:37:27','01:00:00','anulata'),(241,233,60,2,6,'2015-04-15 21:44:50','2015-07-15 21:44:50','01:30:00','finalizata'),(242,234,65,16,3,'2016-04-14 11:36:19','2016-07-14 11:36:19','01:30:00','finalizata'),(243,235,27,5,9,'2015-04-14 14:12:42','2015-07-14 14:12:42','01:30:00','finalizata'),(244,236,107,18,32,'2015-05-30 05:20:41','2015-08-30 05:20:41','00:30:00','finalizata'),(245,237,10,18,32,'2015-11-17 06:12:35','2016-02-17 06:12:35','00:30:00','finalizata'),(246,238,36,18,32,'2015-10-05 19:36:02','2016-01-05 19:36:02','01:15:00','finalizata'),(247,239,5,18,32,'2014-11-06 07:34:09','2015-02-06 07:34:09','00:30:00','finalizata'),(248,240,37,18,32,'2015-07-22 08:35:58','2015-10-22 08:35:58','01:30:00','anulata'),(249,241,22,13,11,'2017-12-30 22:13:04','2018-03-30 22:13:04','01:15:00','finalizata'),(250,242,57,8,16,'2015-06-01 02:22:01','2015-09-01 02:22:01','00:30:00','finalizata'),(251,243,79,18,32,'2014-08-28 20:02:59','2014-11-28 20:02:59','00:45:00','finalizata'),(252,244,1,18,32,'2018-03-20 14:39:27','2018-06-20 14:39:27','00:30:00','finalizata'),(253,236,68,13,11,'2014-07-10 11:31:45','2014-10-10 11:31:45','01:30:00','finalizata'),(254,217,89,18,32,'2016-12-30 04:52:28','2017-03-30 04:52:28','01:15:00','anulata'),(255,245,75,12,12,'2015-12-13 19:45:50','2016-03-13 19:45:50','00:45:00','finalizata'),(256,246,50,18,32,'2016-11-18 04:07:29','2017-02-18 04:07:29','01:00:00','finalizata'),(257,247,34,18,32,'2018-09-30 21:44:48','2018-12-30 21:44:48','01:00:00','finalizata'),(258,248,104,18,32,'2016-07-27 22:20:31','2016-10-27 22:20:31','00:50:00','finalizata'),(259,249,51,18,32,'2015-09-29 12:14:10','2015-12-29 12:14:10','01:30:00','finalizata'),(260,250,36,18,32,'2014-07-23 11:14:57','2014-10-23 11:14:57','00:50:00','anulata'),(261,251,14,18,32,'2016-12-17 14:42:13','2017-03-17 14:42:13','00:45:00','finalizata'),(262,252,47,8,16,'2016-05-18 06:07:23','2016-08-18 06:07:23','00:45:00','finalizata'),(263,253,74,8,16,'2015-11-23 02:02:58','2016-02-23 02:02:58','01:00:00','anulata'),(264,254,86,18,32,'2014-06-10 11:43:48','2014-09-10 11:43:48','01:15:00','finalizata'),(265,255,83,18,32,'2016-03-06 01:27:50','2016-06-06 01:27:50','01:30:00','anulata'),(266,256,54,18,32,'2019-04-08 05:00:30','2019-07-08 05:00:30','00:45:00','finalizata'),(267,257,64,10,14,'2017-12-23 02:15:53','2018-03-23 02:15:53','01:00:00','finalizata'),(268,39,84,16,3,'2014-09-21 08:33:12','2014-12-21 08:33:12','00:45:00','finalizata'),(269,258,31,4,8,'2015-06-09 05:34:40','2015-09-09 05:34:40','01:15:00','finalizata'),(270,259,58,17,4,'2017-12-30 07:38:40','2018-03-30 07:38:40','00:30:00','finalizata'),(271,260,106,15,2,'2016-06-02 04:24:18','2016-09-02 04:24:18','01:15:00','finalizata'),(272,261,89,18,32,'2016-07-18 07:33:43','2016-10-18 07:33:43','00:50:00','finalizata'),(273,262,22,13,11,'2015-02-22 09:23:02','2015-05-22 09:23:02','01:30:00','finalizata'),(274,263,95,18,32,'2016-06-25 23:23:00','2016-09-25 23:23:00','00:45:00','anulata'),(275,264,24,18,32,'2017-10-06 00:51:53','2018-01-06 00:51:53','01:15:00','finalizata'),(276,265,34,18,32,'2016-01-21 06:45:53','2016-04-21 06:45:53','01:15:00','anulata'),(277,266,77,1,5,'2016-07-31 08:28:28','2016-10-31 08:28:28','01:15:00','finalizata'),(278,267,49,10,14,'2015-04-08 20:09:27','2015-07-08 20:09:27','01:00:00','finalizata'),(279,268,5,18,32,'2014-07-17 01:43:17','2014-10-17 01:43:17','00:45:00','finalizata'),(280,269,91,16,3,'2014-12-25 00:30:54','2015-03-25 00:30:54','01:30:00','finalizata'),(281,270,81,9,15,'2019-05-20 10:56:30','2019-08-20 10:56:30','01:30:00','anulata'),(282,210,56,18,32,'2016-04-14 13:10:29','2016-07-14 13:10:29','01:15:00','anulata'),(283,271,19,18,32,'2019-03-08 08:27:23','2019-06-08 08:27:23','01:30:00','finalizata'),(284,272,103,18,32,'2018-03-14 23:24:43','2018-06-14 23:24:43','01:00:00','finalizata'),(285,273,28,4,8,'2016-03-04 14:46:41','2016-06-04 14:46:41','01:15:00','anulata'),(286,274,8,4,8,'2015-01-28 02:47:11','2015-04-28 02:47:11','01:30:00','finalizata'),(287,275,38,18,32,'2018-02-28 23:16:29','2018-05-28 23:16:29','01:15:00','finalizata'),(288,276,80,18,32,'2019-02-10 08:20:13','2019-05-10 08:20:13','01:30:00','finalizata'),(289,277,19,18,32,'2018-10-14 16:06:30','2019-01-14 16:06:30','01:00:00','finalizata'),(290,278,39,18,32,'2017-06-16 23:44:47','2017-09-16 23:44:47','01:15:00','finalizata'),(291,224,30,18,32,'2018-05-20 14:44:53','2018-08-20 14:44:53','00:50:00','anulata'),(292,279,64,10,14,'2015-10-01 07:21:30','2016-01-01 07:21:30','01:30:00','finalizata'),(293,280,27,5,9,'2016-08-16 19:41:20','2016-11-16 19:41:20','00:50:00','anulata'),(294,281,39,18,32,'2017-03-30 02:19:33','2017-06-30 02:19:33','00:30:00','anulata'),(295,282,63,18,32,'2016-02-09 03:17:30','2016-05-09 03:17:30','01:00:00','finalizata'),(296,283,43,11,13,'2015-10-31 03:44:49','2016-01-31 03:44:49','00:45:00','finalizata'),(297,284,34,18,32,'2017-08-04 15:20:05','2017-11-04 15:20:05','01:30:00','finalizata'),(298,285,53,18,32,'2015-09-12 13:46:09','2015-12-12 13:46:09','00:50:00','finalizata'),(299,286,59,12,12,'2014-09-13 03:47:07','2014-12-13 03:47:07','01:00:00','anulata'),(300,287,66,1,5,'2017-09-09 00:48:29','2017-12-09 00:48:29','01:00:00','anulata'),(301,288,50,18,32,'2018-09-15 14:33:47','2018-12-15 14:33:47','00:45:00','finalizata'),(302,289,89,18,32,'2017-06-10 13:40:24','2017-09-10 13:40:24','01:15:00','anulata'),(303,290,38,18,32,'2016-12-08 00:00:20','2017-03-08 00:00:20','01:00:00','finalizata'),(304,291,52,18,32,'2016-11-15 23:24:08','2017-02-15 23:24:08','00:30:00','anulata'),(305,292,85,11,13,'2014-08-12 04:28:19','2014-11-12 04:28:19','01:00:00','finalizata'),(306,78,60,2,6,'2015-03-27 22:13:39','2015-06-27 22:13:39','00:45:00','finalizata'),(307,293,107,18,32,'2018-05-26 23:18:22','2018-08-26 23:18:22','01:15:00','finalizata'),(308,294,59,12,12,'2015-09-20 09:56:37','2015-12-20 09:56:37','01:30:00','finalizata'),(309,295,13,18,32,'2015-02-24 14:41:04','2015-05-24 14:41:04','00:45:00','anulata'),(310,26,75,12,12,'2015-03-17 16:32:08','2015-06-17 16:32:08','00:45:00','finalizata'),(311,296,1,18,32,'2014-08-10 11:54:44','2014-11-10 11:54:44','00:30:00','finalizata'),(312,111,43,11,13,'2018-10-21 12:01:51','2019-01-21 12:01:51','00:50:00','finalizata'),(313,297,97,18,32,'2019-03-22 06:49:26','2019-06-22 06:49:26','01:30:00','finalizata'),(314,298,77,1,5,'2018-04-24 00:06:24','2018-07-24 00:06:24','01:30:00','finalizata'),(315,299,31,4,8,'2017-05-30 14:42:52','2017-08-30 14:42:52','00:45:00','finalizata'),(316,300,36,18,32,'2019-06-01 11:23:35','2019-09-01 11:23:35','00:45:00','anulata'),(317,301,66,1,5,'2016-10-22 06:41:59','2017-01-22 06:41:59','01:15:00','finalizata'),(318,302,9,5,9,'2018-05-21 18:50:26','2018-08-21 18:50:26','01:00:00','finalizata'),(319,303,7,3,7,'2017-10-09 12:06:30','2018-01-09 12:06:30','00:30:00','finalizata'),(320,304,85,11,13,'2018-09-11 23:10:20','2018-12-11 23:10:20','00:45:00','finalizata'),(321,305,92,18,32,'2014-08-08 19:01:03','2014-11-08 19:01:03','01:00:00','anulata'),(322,306,52,18,32,'2016-09-03 15:36:01','2016-12-03 15:36:01','01:15:00','anulata'),(323,307,52,18,32,'2017-05-20 03:11:44','2017-08-20 03:11:44','00:30:00','finalizata'),(324,308,63,18,32,'2015-02-02 10:20:49','2015-05-02 10:20:49','00:30:00','anulata'),(325,309,49,10,14,'2017-06-07 05:49:37','2017-09-07 05:49:37','01:30:00','finalizata'),(326,310,68,13,11,'2017-07-18 11:14:36','2017-10-18 11:14:36','01:00:00','finalizata'),(327,204,2,18,32,'2016-01-04 08:22:06','2016-04-04 08:22:06','01:15:00','finalizata'),(328,311,97,18,32,'2015-09-30 09:06:46','2015-12-30 09:06:46','01:00:00','finalizata'),(329,312,56,18,32,'2017-07-11 13:08:24','2017-10-11 13:08:24','00:50:00','anulata'),(330,313,34,18,32,'2017-04-18 14:36:15','2017-07-18 14:36:15','01:00:00','finalizata'),(331,314,74,8,16,'2018-09-23 03:55:32','2018-12-23 03:55:32','01:15:00','finalizata'),(332,315,22,13,11,'2014-11-16 13:41:07','2015-02-16 13:41:07','01:30:00','finalizata'),(333,316,72,12,12,'2018-01-04 17:15:39','2018-04-04 17:15:39','00:30:00','finalizata'),(334,317,21,1,5,'2019-02-28 10:39:13','2019-05-30 10:39:13','01:30:00','finalizata'),(335,318,96,18,32,'2014-08-19 22:22:54','2014-11-19 22:22:54','00:50:00','finalizata'),(336,319,99,12,12,'2018-07-23 04:25:11','2018-10-23 04:25:11','01:30:00','finalizata'),(337,320,21,1,5,'2018-04-21 16:32:02','2018-07-21 16:32:02','01:00:00','finalizata'),(338,321,44,10,14,'2017-01-28 04:01:08','2017-04-28 04:01:08','00:30:00','anulata'),(339,322,103,18,32,'2014-07-15 00:02:47','2014-10-15 00:02:47','01:00:00','anulata'),(340,323,83,18,32,'2018-07-22 14:19:03','2018-10-22 14:19:03','00:50:00','finalizata'),(341,324,84,16,3,'2015-08-28 21:54:50','2015-11-28 21:54:50','01:15:00','anulata'),(342,325,32,18,32,'2014-06-05 10:22:14','2014-09-05 10:22:14','00:30:00','finalizata'),(343,326,42,18,32,'2016-07-29 06:20:03','2016-10-29 06:20:03','00:50:00','finalizata'),(344,327,39,18,32,'2017-07-28 00:16:05','2017-10-28 00:16:05','00:30:00','finalizata'),(345,328,21,1,5,'2016-12-22 01:57:04','2017-03-22 01:57:04','00:30:00','finalizata'),(346,329,18,18,32,'2016-08-29 00:49:25','2016-11-29 00:49:25','00:30:00','finalizata'),(347,330,29,18,32,'2017-06-04 22:44:56','2017-09-04 22:44:56','00:50:00','finalizata'),(348,331,94,9,15,'2016-04-30 20:57:08','2016-07-30 20:57:08','00:50:00','finalizata'),(349,332,21,1,5,'2016-11-18 00:09:18','2017-02-18 00:09:18','00:30:00','finalizata'),(350,333,64,10,14,'2018-06-29 20:50:02','2018-09-29 20:50:02','00:50:00','finalizata'),(351,334,12,18,32,'2015-03-11 06:12:30','2015-06-11 06:12:30','00:50:00','finalizata'),(352,335,37,18,32,'2017-07-09 09:09:01','2017-10-09 09:09:01','00:30:00','finalizata'),(353,336,88,16,3,'2019-03-28 07:40:59','2019-06-28 07:40:59','01:30:00','finalizata'),(354,337,89,18,32,'2018-11-26 16:07:28','2019-02-26 16:07:28','01:15:00','finalizata'),(355,338,99,12,12,'2014-12-26 04:22:57','2015-03-26 04:22:57','00:50:00','finalizata'),(356,339,31,4,8,'2018-03-01 18:21:52','2018-06-01 18:21:52','00:45:00','finalizata'),(357,235,52,18,32,'2014-07-10 17:24:33','2014-10-10 17:24:33','01:15:00','anulata'),(358,340,99,12,12,'2018-05-02 03:25:23','2018-08-02 03:25:23','00:30:00','finalizata'),(359,341,29,18,32,'2019-02-14 21:14:35','2019-05-14 21:14:35','00:45:00','anulata'),(360,342,14,18,32,'2016-11-24 11:30:11','2017-02-24 11:30:11','01:15:00','finalizata'),(361,343,102,18,32,'2018-02-15 06:04:17','2018-05-15 06:04:17','00:30:00','finalizata'),(362,344,91,16,3,'2018-05-27 07:32:48','2018-08-27 07:32:48','00:30:00','finalizata'),(363,345,95,18,32,'2016-11-14 05:08:40','2017-02-14 05:08:40','00:30:00','finalizata'),(364,346,81,9,15,'2015-11-19 16:08:26','2016-02-19 16:08:26','00:50:00','finalizata'),(365,347,51,18,32,'2016-10-19 02:02:20','2017-01-19 02:02:20','01:00:00','anulata'),(366,122,58,17,4,'2017-08-13 22:58:31','2017-11-13 22:58:31','01:15:00','anulata'),(367,348,26,9,15,'2015-05-15 21:52:55','2015-08-15 21:52:55','00:30:00','finalizata'),(368,349,45,18,32,'2017-04-18 18:57:10','2017-07-18 18:57:10','00:50:00','finalizata'),(369,350,51,18,32,'2018-01-24 03:47:52','2018-04-24 03:47:52','01:00:00','finalizata'),(370,351,21,1,5,'2017-05-13 14:58:40','2017-08-13 14:58:40','01:15:00','finalizata'),(371,352,63,18,32,'2017-11-02 00:57:13','2018-02-02 00:57:13','01:15:00','finalizata'),(372,353,103,18,32,'2019-05-22 00:04:31','2019-08-22 00:04:31','00:50:00','finalizata'),(373,354,82,18,32,'2014-06-28 08:01:49','2014-09-28 08:01:49','01:30:00','finalizata'),(374,355,52,18,32,'2019-04-07 07:12:43','2019-07-07 07:12:43','01:00:00','finalizata'),(375,356,28,4,8,'2018-08-04 07:33:07','2018-11-04 07:33:07','01:30:00','finalizata'),(376,357,29,18,32,'2018-05-07 19:39:45','2018-08-07 19:39:45','01:15:00','finalizata'),(377,358,6,2,6,'2016-11-09 19:49:04','2017-02-09 19:49:04','01:15:00','finalizata'),(378,359,22,13,11,'2017-06-19 00:54:54','2017-09-19 00:54:54','01:30:00','finalizata'),(379,113,90,18,32,'2017-04-28 12:06:11','2017-07-28 12:06:11','01:30:00','finalizata'),(380,360,79,18,32,'2017-09-10 04:04:32','2017-12-10 04:04:32','00:50:00','finalizata'),(381,361,93,18,32,'2017-07-25 05:56:35','2017-10-25 05:56:35','01:30:00','finalizata'),(382,362,97,18,32,'2016-09-06 17:41:01','2016-12-06 17:41:01','00:45:00','anulata'),(383,363,11,5,9,'2016-02-27 02:21:52','2016-05-27 02:21:52','01:00:00','finalizata'),(384,364,92,18,32,'2014-12-15 06:17:05','2015-03-15 06:17:05','00:50:00','finalizata'),(385,365,88,16,3,'2018-12-03 16:16:33','2019-03-03 16:16:33','00:50:00','anulata'),(386,366,81,9,15,'2018-09-17 16:54:34','2018-12-17 16:54:34','01:30:00','finalizata'),(387,367,18,18,32,'2016-11-12 18:10:07','2017-02-12 18:10:07','00:30:00','finalizata'),(388,368,61,18,32,'2016-05-03 01:29:12','2016-08-03 01:29:12','00:30:00','finalizata'),(389,369,12,18,32,'2016-04-27 05:12:23','2016-07-27 05:12:23','01:30:00','finalizata'),(390,370,72,12,12,'2018-09-26 22:59:04','2018-12-26 22:59:04','00:30:00','finalizata'),(391,371,56,18,32,'2016-01-02 19:24:53','2016-04-02 19:24:53','01:00:00','finalizata'),(392,372,17,10,14,'2017-06-23 12:09:13','2017-09-23 12:09:13','01:30:00','finalizata'),(393,373,83,18,32,'2016-03-04 04:15:43','2016-06-04 04:15:43','01:15:00','finalizata'),(394,162,17,10,14,'2018-06-25 06:26:18','2018-09-25 06:26:18','00:45:00','finalizata'),(395,11,75,12,12,'2018-09-08 19:23:15','2018-12-08 19:23:15','01:15:00','anulata'),(396,374,26,9,15,'2015-03-30 12:53:46','2015-06-30 12:53:46','01:30:00','finalizata'),(397,375,24,18,32,'2017-04-26 11:31:37','2017-07-26 11:31:37','00:30:00','finalizata'),(398,376,16,18,32,'2014-07-27 08:33:41','2014-10-27 08:33:41','00:30:00','finalizata'),(399,377,107,18,32,'2018-04-09 02:57:44','2018-07-09 02:57:44','00:30:00','finalizata'),(400,378,64,10,14,'2017-09-30 07:34:39','2017-12-31 07:34:39','01:15:00','finalizata'),(401,379,96,18,32,'2016-04-10 05:31:18','2016-07-10 05:31:18','01:30:00','finalizata'),(402,380,86,18,32,'2016-09-02 03:39:31','2016-12-02 03:39:31','00:45:00','finalizata'),(403,381,101,8,16,'2015-09-18 12:35:00','2015-12-18 12:35:00','01:00:00','finalizata'),(404,382,66,1,5,'2017-03-11 15:53:19','2017-06-11 15:53:19','00:50:00','finalizata'),(405,383,29,18,32,'2018-09-03 07:23:48','2018-12-03 07:23:48','00:30:00','finalizata'),(406,384,13,18,32,'2015-08-16 00:04:46','2015-11-16 00:04:46','01:00:00','finalizata'),(407,385,39,18,32,'2015-11-08 03:39:42','2016-02-08 03:39:42','00:30:00','finalizata'),(408,386,106,15,2,'2015-07-11 15:10:53','2015-10-11 15:10:53','00:30:00','finalizata'),(409,387,73,18,32,'2015-06-12 20:28:10','2015-09-12 20:28:10','00:45:00','finalizata'),(410,266,21,1,5,'2015-10-04 23:50:54','2016-01-04 23:50:54','00:30:00','anulata'),(411,388,43,11,13,'2016-08-03 16:44:51','2016-11-03 16:44:51','01:00:00','finalizata'),(412,389,51,18,32,'2016-03-21 02:39:16','2016-06-21 02:39:16','01:30:00','anulata'),(413,390,52,18,32,'2019-04-12 15:09:23','2019-07-12 15:09:23','01:15:00','finalizata'),(414,317,82,18,32,'2017-10-19 22:48:23','2018-01-19 22:48:23','01:30:00','anulata'),(415,391,94,9,15,'2017-04-14 10:00:50','2017-07-14 10:00:50','00:45:00','anulata'),(416,392,99,12,12,'2016-05-12 01:21:58','2016-08-12 01:21:58','01:30:00','anulata'),(417,393,12,18,32,'2017-12-28 11:36:23','2018-03-28 11:36:23','00:50:00','finalizata'),(418,394,58,17,4,'2018-01-06 08:30:07','2018-04-06 08:30:07','00:45:00','finalizata'),(419,292,86,18,32,'2014-07-10 01:27:12','2014-10-10 01:27:12','00:45:00','finalizata'),(420,395,38,18,32,'2017-02-23 06:20:46','2017-05-23 06:20:46','00:50:00','finalizata'),(421,396,78,1,5,'2015-08-07 18:05:35','2015-11-07 18:05:35','01:00:00','finalizata'),(422,397,11,5,9,'2015-09-10 18:13:46','2015-12-10 18:13:46','01:15:00','finalizata'),(423,398,22,13,11,'2015-05-14 07:34:21','2015-08-14 07:34:21','01:30:00','anulata'),(424,399,64,10,14,'2017-07-03 02:41:45','2017-10-03 02:41:45','01:30:00','anulata'),(425,400,43,11,13,'2014-10-17 01:22:36','2015-01-17 01:22:36','00:30:00','finalizata'),(426,401,66,1,5,'2014-06-12 16:26:04','2014-09-12 16:26:04','01:30:00','finalizata'),(427,402,52,18,32,'2017-10-12 16:15:32','2018-01-12 16:15:32','00:30:00','finalizata'),(428,403,43,11,13,'2015-08-20 15:30:41','2015-11-20 15:30:41','01:30:00','finalizata'),(429,404,33,18,32,'2015-04-26 03:44:14','2015-07-26 03:44:14','00:45:00','finalizata'),(430,405,49,10,14,'2016-08-06 05:54:19','2016-11-06 05:54:19','00:45:00','finalizata'),(431,406,45,18,32,'2015-10-14 05:04:20','2016-01-14 05:04:20','01:00:00','finalizata'),(432,407,18,18,32,'2016-04-05 21:34:10','2016-07-05 21:34:10','00:50:00','finalizata'),(433,408,89,18,32,'2014-07-19 03:40:50','2014-10-19 03:40:50','01:00:00','anulata'),(434,409,78,1,5,'2017-04-22 17:52:21','2017-07-22 17:52:21','00:45:00','finalizata'),(435,410,65,16,3,'2015-08-21 11:48:00','2015-11-21 11:48:00','00:45:00','finalizata'),(436,411,22,13,11,'2017-03-04 00:16:11','2017-06-04 00:16:11','01:30:00','finalizata'),(437,412,51,18,32,'2016-04-17 04:54:05','2016-07-17 04:54:05','00:50:00','finalizata'),(438,413,42,18,32,'2018-08-04 20:23:39','2018-11-04 20:23:39','00:50:00','finalizata'),(439,414,44,10,14,'2015-06-29 16:36:39','2015-09-29 16:36:39','01:00:00','anulata'),(440,415,43,11,13,'2017-05-30 20:17:52','2017-08-30 20:17:52','00:30:00','anulata'),(441,416,92,18,32,'2017-10-24 22:12:17','2018-01-24 22:12:17','01:00:00','anulata'),(442,417,49,10,14,'2015-02-23 23:10:34','2015-05-23 23:10:34','01:15:00','finalizata'),(443,418,104,18,32,'2018-10-02 05:10:36','2019-01-02 05:10:36','00:30:00','anulata'),(444,419,96,18,32,'2015-05-13 16:57:08','2015-08-13 16:57:08','00:45:00','finalizata'),(445,420,105,15,2,'2016-06-29 03:06:02','2016-09-29 03:06:02','00:30:00','finalizata'),(446,421,60,2,6,'2016-04-16 19:07:29','2016-07-16 19:07:29','00:50:00','anulata'),(447,422,79,18,32,'2018-03-15 03:28:41','2018-06-15 03:28:41','01:30:00','finalizata'),(448,423,69,18,32,'2018-04-10 05:03:59','2018-07-10 05:03:59','00:45:00','anulata'),(449,424,39,18,32,'2017-08-23 05:55:24','2017-11-23 05:55:24','00:45:00','anulata'),(450,188,36,18,32,'2017-08-12 17:05:18','2017-11-12 17:05:18','01:15:00','anulata'),(451,425,2,18,32,'2014-11-19 16:58:55','2015-02-19 16:58:55','01:30:00','finalizata'),(452,426,36,18,32,'2015-11-01 02:42:20','2016-02-01 02:42:20','00:45:00','anulata'),(453,427,89,18,32,'2016-07-14 17:53:14','2016-10-14 17:53:14','01:15:00','finalizata'),(454,428,87,18,32,'2015-10-01 12:58:56','2016-01-01 12:58:56','01:00:00','finalizata'),(455,429,72,12,12,'2019-02-02 23:05:34','2019-05-02 23:05:34','00:30:00','anulata'),(456,430,50,18,32,'2015-10-15 02:37:44','2016-01-15 02:37:44','01:15:00','finalizata'),(457,431,52,18,32,'2017-05-28 23:40:48','2017-08-28 23:40:48','00:30:00','finalizata'),(458,432,97,18,32,'2017-03-09 14:23:46','2017-06-09 14:23:46','00:50:00','finalizata'),(459,433,77,1,5,'2016-07-20 05:57:37','2016-10-20 05:57:37','00:30:00','anulata'),(460,367,28,4,8,'2015-05-10 13:25:31','2015-08-10 13:25:31','00:30:00','anulata'),(461,434,103,18,32,'2014-12-14 06:37:16','2015-03-14 06:37:16','00:30:00','anulata'),(462,435,53,18,32,'2016-11-11 18:27:12','2017-02-11 18:27:12','00:30:00','anulata'),(463,436,98,3,7,'2015-05-07 18:41:58','2015-08-07 18:41:58','01:00:00','finalizata'),(464,437,87,18,32,'2015-03-26 20:12:45','2015-06-26 20:12:45','00:30:00','finalizata'),(465,389,60,2,6,'2015-05-01 18:41:07','2015-08-01 18:41:07','01:30:00','anulata'),(466,438,82,18,32,'2016-08-26 09:44:24','2016-11-26 09:44:24','00:30:00','anulata'),(467,383,18,18,32,'2015-12-24 15:32:33','2016-03-24 15:32:33','00:30:00','finalizata'),(468,439,71,18,32,'2015-03-19 13:18:29','2015-06-19 13:18:29','00:45:00','finalizata'),(469,440,102,18,32,'2018-08-08 16:09:11','2018-11-08 16:09:11','00:30:00','anulata'),(470,441,38,18,32,'2015-08-20 10:17:37','2015-11-20 10:17:37','00:45:00','anulata'),(471,442,73,18,32,'2017-05-17 03:40:27','2017-08-17 03:40:27','00:50:00','finalizata'),(472,443,73,18,32,'2018-07-26 14:19:41','2018-10-26 14:19:41','00:30:00','finalizata'),(473,444,96,18,32,'2014-11-17 11:09:30','2015-02-17 11:09:30','01:30:00','finalizata'),(474,445,20,18,32,'2017-01-24 23:58:19','2017-04-24 23:58:19','01:30:00','finalizata'),(475,446,58,17,4,'2018-03-16 14:09:47','2018-06-16 14:09:47','00:50:00','finalizata'),(476,447,11,5,9,'2015-06-18 04:47:23','2015-09-18 04:47:23','00:30:00','finalizata'),(477,448,73,18,32,'2018-10-09 01:34:33','2019-01-09 01:34:33','01:00:00','finalizata'),(478,449,27,5,9,'2018-10-21 04:21:57','2019-01-21 04:21:57','00:50:00','finalizata'),(479,450,97,18,32,'2017-01-14 16:26:51','2017-04-14 16:26:51','00:45:00','finalizata'),(480,451,89,18,32,'2017-11-05 02:19:59','2018-02-05 02:19:59','00:50:00','anulata'),(481,452,64,10,14,'2015-11-23 11:21:50','2016-02-23 11:21:50','00:45:00','finalizata'),(482,453,102,18,32,'2018-02-24 08:30:12','2018-05-24 08:30:12','01:30:00','finalizata'),(483,454,77,1,5,'2015-09-23 23:34:58','2015-12-23 23:34:58','00:30:00','finalizata'),(484,455,21,1,5,'2015-05-21 14:50:29','2015-08-21 14:50:29','01:00:00','anulata'),(485,15,13,18,32,'2017-09-02 00:26:20','2017-12-02 00:26:20','00:45:00','finalizata'),(486,456,58,17,4,'2018-02-27 23:40:05','2018-05-27 23:40:05','01:15:00','finalizata'),(487,457,50,18,32,'2019-05-15 18:30:46','2019-08-15 18:30:46','00:30:00','finalizata'),(488,458,19,18,32,'2015-04-11 16:05:25','2015-07-11 16:05:25','00:50:00','finalizata'),(489,459,61,18,32,'2019-05-26 07:46:15','2019-08-26 07:46:15','01:15:00','finalizata'),(490,460,79,18,32,'2017-09-22 10:52:15','2017-12-22 10:52:15','00:30:00','finalizata'),(491,461,82,18,32,'2015-12-05 08:00:09','2016-03-05 08:00:09','01:00:00','anulata'),(492,462,10,18,32,'2014-06-18 13:10:23','2014-09-18 13:10:23','00:45:00','anulata'),(493,463,2,18,32,'2014-07-13 17:15:12','2014-10-13 17:15:12','00:30:00','finalizata'),(494,464,66,1,5,'2014-06-30 01:20:20','2014-09-30 01:20:20','00:30:00','finalizata'),(495,465,49,10,14,'2017-05-03 02:03:49','2017-08-03 02:03:49','00:50:00','anulata'),(496,466,79,18,32,'2018-09-30 12:01:34','2018-12-30 12:01:34','01:30:00','finalizata'),(497,467,90,18,32,'2019-05-16 20:47:56','2019-08-16 20:47:56','00:50:00','anulata'),(498,468,38,18,32,'2016-05-29 23:05:59','2016-08-29 23:05:59','00:30:00','finalizata'),(499,469,4,18,32,'2018-06-04 07:38:32','2018-09-04 07:38:32','00:50:00','anulata');
/*!40000 ALTER TABLE `Programare` ENABLE KEYS */;
UNLOCK TABLES;

--
-- Table structure for table `Roluri`
--

DROP TABLE IF EXISTS `Roluri`;
/*!40101 SET @saved_cs_client     = @@character_set_client */;
/*!50503 SET character_set_client = utf8mb4 */;
CREATE TABLE `Roluri` (
  `id_rol` int(3) NOT NULL AUTO_INCREMENT,
  `nume` varchar(25) DEFAULT NULL,
  PRIMARY KEY (`id_rol`)
) ENGINE=InnoDB AUTO_INCREMENT=5 DEFAULT CHARSET=utf8;
/*!40101 SET character_set_client = @saved_cs_client */;

--
-- Dumping data for table `Roluri`
--

LOCK TABLES `Roluri` WRITE;
/*!40000 ALTER TABLE `Roluri` DISABLE KEYS */;
INSERT INTO `Roluri` VALUES (1,'administrator'),(2,'vizitator'),(3,'pacient'),(4,'medic');
/*!40000 ALTER TABLE `Roluri` ENABLE KEYS */;
UNLOCK TABLES;

--
-- Table structure for table `RoluriPermisiuni`
--

DROP TABLE IF EXISTS `RoluriPermisiuni`;
/*!40101 SET @saved_cs_client     = @@character_set_client */;
/*!50503 SET character_set_client = utf8mb4 */;
CREATE TABLE `RoluriPermisiuni` (
  `id_permisiune` int(3) DEFAULT NULL,
  `id_rol` int(3) DEFAULT NULL,
  KEY `id_permisiune` (`id_permisiune`),
  KEY `id_rol` (`id_rol`),
  CONSTRAINT `RoluriPermisiuni_ibfk_1` FOREIGN KEY (`id_permisiune`) REFERENCES `Permisiuni` (`id_permisiune`),
  CONSTRAINT `RoluriPermisiuni_ibfk_2` FOREIGN KEY (`id_rol`) REFERENCES `Roluri` (`id_rol`)
) ENGINE=InnoDB DEFAULT CHARSET=utf8;
/*!40101 SET character_set_client = @saved_cs_client */;

--
-- Dumping data for table `RoluriPermisiuni`
--

LOCK TABLES `RoluriPermisiuni` WRITE;
/*!40000 ALTER TABLE `RoluriPermisiuni` DISABLE KEYS */;
INSERT INTO `RoluriPermisiuni` VALUES (6,1),(8,1),(7,1),(9,1),(10,1),(11,1),(12,1),(13,1),(14,1),(15,1),(16,1),(17,1),(1,1),(2,1),(3,1),(4,1),(5,1),(7,2),(9,2),(12,2),(13,2),(16,2),(17,2),(2,2),(3,2),(7,3),(6,3),(9,3),(12,3),(13,3),(10,3),(16,3),(17,3),(14,3),(2,3),(3,3),(7,4),(8,4),(9,4),(12,4),(13,4),(11,4),(16,4),(17,4),(15,4),(14,4),(1,4),(2,4),(3,4);
/*!40000 ALTER TABLE `RoluriPermisiuni` ENABLE KEYS */;
UNLOCK TABLES;

--
-- Table structure for table `SpecialitateMedicala`
--

DROP TABLE IF EXISTS `SpecialitateMedicala`;
/*!40101 SET @saved_cs_client     = @@character_set_client */;
/*!50503 SET character_set_client = utf8mb4 */;
CREATE TABLE `SpecialitateMedicala` (
  `id_specialitate` int(3) NOT NULL AUTO_INCREMENT,
  `denumire` varchar(50) DEFAULT NULL,
  `salariu_min` int(6) DEFAULT NULL,
  `salariu_max` int(6) DEFAULT NULL,
  PRIMARY KEY (`id_specialitate`)
) ENGINE=InnoDB AUTO_INCREMENT=27 DEFAULT CHARSET=utf8;
/*!40101 SET character_set_client = @saved_cs_client */;

--
-- Dumping data for table `SpecialitateMedicala`
--

LOCK TABLES `SpecialitateMedicala` WRITE;
/*!40000 ALTER TABLE `SpecialitateMedicala` DISABLE KEYS */;
INSERT INTO `SpecialitateMedicala` VALUES (1,'ALERGOLOGIE SI IMUNOLOGIE',5500,11800),(2,'BOLI INFECTIOASE',6000,11800),(3,'CARDIOLOGIE ',5500,13100),(4,'ENDOCRINOLOGIE',5000,11700),(5,'EPIDEMIOLOGIE',5400,12800),(6,'GASTROENTEROLOGIE',6000,14400),(7,'GENETICA MEDICALA',5900,11200),(8,'GERIATRIE SI GERONTOLOGIE',5500,10500),(9,'HEMATOLOGIE',5200,12300),(10,'MEDICINA DE FAMILIE',4800,11700),(11,'MEDICINA DE LABORATOR',5000,11200),(12,'MEDICINA GENERALA',4800,14300),(13,'MEDICINA INTERNA',5600,11400),(14,'MEDICINA MUNCII',6000,11500),(15,'NEUROLOGIE',5700,13000),(16,'OFTALMOLOGIE',5700,12100),(17,'ONCOLOGIE MEDICALA',5500,10900),(18,'ORL (OTORINOLARINGOLOGIE)',5400,11800),(19,'ORTOPEDIE SI TRAUMATOLOGIE',6000,12000),(20,'PEDIATRIE',4700,14100),(21,'PNEUMOLOGIE',5400,12000),(22,'PSIHIATRIE',5200,11300),(23,'RADIOLOGIE - IMAGISTICA MEDICALA',5000,14200),(24,'RECUPERARE MEDICALA',6100,14400),(25,'REUMATOLOGIE',5200,10900),(26,'UROLOGIE',5900,12900);
/*!40000 ALTER TABLE `SpecialitateMedicala` ENABLE KEYS */;
UNLOCK TABLES;

--
-- Table structure for table `Utilizator`
--

DROP TABLE IF EXISTS `Utilizator`;
/*!40101 SET @saved_cs_client     = @@character_set_client */;
/*!50503 SET character_set_client = utf8mb4 */;
CREATE TABLE `Utilizator` (
  `id_utilizator` int(3) NOT NULL AUTO_INCREMENT,
  `nume` varchar(25) DEFAULT NULL,
  `prenume` varchar(50) DEFAULT NULL,
  `email` varchar(100) DEFAULT NULL,
  `telefon` varchar(20) DEFAULT NULL,
  `nume_utilizator` varchar(50) DEFAULT NULL,
  `parola_criptata` varchar(100) DEFAULT NULL,
  `numar_autentificari` int(4) DEFAULT NULL,
  `ultima_autentificare` timestamp NOT NULL DEFAULT CURRENT_TIMESTAMP ON UPDATE CURRENT_TIMESTAMP,
  `ip_ultima_autentificare` varchar(100) DEFAULT NULL,
  `token_invitatie` varchar(100) DEFAULT NULL,
  `invitatie_creata_la` timestamp NOT NULL DEFAULT '0000-00-00 00:00:00',
  `invitatie_trimisa_la` timestamp NOT NULL DEFAULT '0000-00-00 00:00:00',
  `invitatie_acceptata_la` timestamp NOT NULL DEFAULT '0000-00-00 00:00:00',
  `numar_invitatii` int(4) DEFAULT NULL,
  `creat_la` timestamp NOT NULL DEFAULT '0000-00-00 00:00:00',
  `actualizat_la` timestamp NOT NULL DEFAULT '0000-00-00 00:00:00',
  `id_rol` int(3) DEFAULT NULL,
  PRIMARY KEY (`id_utilizator`),
  KEY `id_rol` (`id_rol`),
  CONSTRAINT `Utilizator_ibfk_1` FOREIGN KEY (`id_rol`) REFERENCES `Roluri` (`id_rol`)
) ENGINE=InnoDB AUTO_INCREMENT=589 DEFAULT CHARSET=utf8;
/*!40101 SET character_set_client = @saved_cs_client */;

--
-- Dumping data for table `Utilizator`
--

LOCK TABLES `Utilizator` WRITE;
/*!40000 ALTER TABLE `Utilizator` DISABLE KEYS */;
INSERT INTO `Utilizator` VALUES (1,'COPAESCU','CATALIN','catalin_copaescu@yahoo.com','0784-719-271','catalin_copaescu','11cd91fbbc2a466e34ed4d321cd112a9',55,'2020-05-27 10:31:48','135.19.191.143','ffO77H5RpZJMLcMJWTaMdfTrQOnEZe1j1muYAIKx6gidHechePHDe9oUSvT809mj','2019-03-25 16:38:24','2019-10-23 06:02:55','2019-03-26 11:12:19',1,'2019-03-26 11:15:59','2020-04-26 23:13:04',4),(2,'BRATILA','PETRE CORNEL','petrecornelbratila@protonmail.com','0775-647-508','petrecornelbratila','901a3bc75dfd7f478e5b3947888a1e02',74,'2020-05-27 10:31:48','140.21.184.107','2JuW1l7VFHcRQgUtVChvwbIuvRNxlw99WegS5I6pH2o8coAkaMewwXpk5yD6UATS','2019-06-11 20:02:56','2018-02-04 06:48:52','2019-06-12 12:03:29',2,'2019-06-12 12:06:22','2020-03-31 09:57:07',4),(3,'RAHIMIAN','HADI','hadi_rahimian@aol.com','0775-669-350','hadi_rahimian','b67bf4b743275a61d90a87cb4c7a502e',56,'2020-05-27 10:31:48','231.80.208.47','wA9nPYDVA1jZ8A2CBEwtJvo6wriopIMaswACe4AVCHlRYk5YoZwi6vSDtLeGrfff','2019-06-13 11:26:04','2018-12-18 01:02:11','2019-06-14 11:44:03',1,'2019-06-14 11:47:26','2020-05-18 08:43:43',4),(4,'PREDESCU','VLAD','vlad.predescu@protonmail.com','0779-326-592','vlad.predescu','ee305057e40921b173468c1c62520000',110,'2020-05-27 10:31:48','112.165.239.198','uSSETjpGJRqLLbD7RN5oK8C0DftXuIsMv4JgsfW7hMSo2M03OuW1Yznat0VRJ2L1','2018-10-30 06:08:09','2018-06-12 17:44:58','2018-10-31 07:33:27',3,'2018-10-31 07:35:47','2020-04-02 12:35:42',4),(5,'SURLEA','VERONICA','veronicasurlea@gmail.com','0776-676-886','veronicasurlea','c79de5c991bcfedf1db798cfd8d90209',133,'2020-05-27 10:31:48','23.17.15.21','5i6sBmhxotACLrj0O88dFnNnBtcvugQUqWrwqkX8cf2t43Zqs7N0KNg5IgQ9oPHY','2019-09-19 05:29:08','2019-04-06 22:46:50','2019-09-19 11:38:43',2,'2019-09-19 11:42:14','2020-03-25 17:24:38',4),(6,'SCHEINER','MIHAELA','mihaela.scheiner@outlook.com','0770-354-212','mihaela.scheiner','e08430953c7633f7c1c7bbd2c752e2a2',86,'2020-05-27 10:31:48','60.236.248.33','WPynFadtWaYAaxOIVawsR9dBmCWwam8W0TKFHrgj7d6Q4ZpRLu8wgXcHI0bHZwQp','2020-01-05 18:07:46','2018-11-23 21:43:51','2020-01-05 20:36:44',3,'2020-01-05 20:39:18','2020-05-02 08:55:15',4),(7,'ULMEANU','DAN','danulmeanu@protonmail.com','0739-086-896','danulmeanu','9f732cb8687e245904d3a847cc100e24',81,'2020-05-27 10:31:48','166.229.147.48','l9qxBhxLnUQv8fBNjqDFlKZCIzu4koSLfkNhoG8PLQr34ROUTmMwwOg8vo23oPI6','2018-11-02 11:18:03','2018-08-11 01:21:20','2018-11-04 05:11:12',3,'2018-11-04 05:13:29','2020-03-31 12:09:02',4),(8,'TOMULESCU','VICTOR','victortomulescu@aol.com','0736-502-056','victortomulescu','3b044df83831bf4983844359aa8601ff',99,'2020-05-27 10:31:48','48.92.64.42','3QxMs0WEjbM5Tg4wImc8FxCcX3pSFmRHA2ptKLffmR0toUKwMnUt8PIKJuKVQW3f','2020-01-24 11:13:32','2018-04-10 22:41:43','2020-01-24 21:09:21',2,'2020-01-24 21:13:07','2020-05-02 14:36:40',4),(9,'SAFTA','DANA','dana.safta@outlook.com','0772-168-218','dana.safta','2b1c15fea9eb36adb6b18d64a57711ac',99,'2020-05-27 10:31:48','18.211.249.111','Q81y3nswRzYwG6sYI33bG6gf7dvuWFVONiWZf2nRmJIuOD5n50K0DncSz7TalF0b','2019-09-24 07:20:05','2019-06-18 22:27:12','2019-09-25 03:16:43',3,'2019-09-25 03:20:39','2020-05-15 05:21:03',4),(10,'TURCU','FLORIN','florin_turcu@gmail.com','0771-789-885','florin_turcu','c306fb7cb362b0da013ab8e3329d7d81',51,'2020-05-27 10:31:48','56.194.54.184','Nj2rx1jpvD94Y1PeoZG6wH9aJXTMEdE1RFVbMcp1dZI12zdap08OFL5BfFH6ESfw','2018-05-17 12:06:28','2018-05-31 05:23:29','2018-05-18 09:59:13',3,'2018-05-18 10:01:39','2020-04-11 23:40:00',4),(11,'BARTA','CRISTIAN BOGDAN','cristianbogdan_barta@protonmail.com','0781-217-542','cristianbogdan_barta','33da115883a38d609ea66ca9ca330edd',107,'2020-05-27 10:31:48','9.240.170.128','0Ut9qJ2FghhbBddaoZhfesXzSusON5cCwN7JBTQjq23TopwDL7nKOym6C9f4Rp0r','2018-08-07 23:38:37','2019-08-03 16:36:25','2018-08-08 01:09:29',1,'2018-08-08 01:11:49','2020-05-21 10:54:10',4),(12,'GODOROJA','DANIELA','daniela.godoroja@aol.com','0772-000-669','daniela.godoroja','2190ce87d619e0d8bd4965cf1c33ddb9',132,'2020-05-27 10:31:48','130.13.173.77','5V4ivoiQpt0qH7V8YqbCRr5WjEqJXWxLsH8SGTbgNdiHZI9m55JOeo0RDiMqCjkw','2019-10-18 19:00:18','2018-08-17 03:54:11','2019-10-20 08:53:22',3,'2019-10-20 08:55:46','2020-05-14 03:17:27',4),(13,'BORDAS','DANIEL','danielbordas@gmail.com','0776-770-003','danielbordas','75a02d520fd493b8a99cebba889d975b',91,'2020-05-27 10:31:48','115.92.112.33','RkMH4K3SnVXQbaoCWUuLEkdqkQIkE9qtVGvcH96KhbaCOPr7QIlqdAI4GUYikB3y','2019-02-07 09:12:13','2018-04-13 02:54:17','2019-02-09 02:01:58',4,'2019-02-09 02:05:00','2020-04-10 21:27:42',4),(14,'OPRISIU','CARMEN','carmen_oprisiu@yahoo.com','0736-768-365','carmen_oprisiu','9b0f80297e2ce927fe910f5768cb6ab8',108,'2020-05-27 10:31:48','78.41.220.225','9ThCQvrQVKG6QWXnd3qfhaRjrCctA3V2HZbWMZxgFL1E9btAbFdFqUSJtlE0WvM8','2020-01-15 22:06:49','2019-06-11 11:53:28','2020-01-17 16:33:24',3,'2020-01-17 16:37:20','2020-05-19 06:03:24',4),(15,'CRISTESCU','MIHAI ADRIAN','mihaiadrian_cristescu@yahoo.com','0731-432-812','mihaiadrian_cristescu','cda6c88058d39a3ec662b27d0d51895d',118,'2020-05-27 10:31:48','211.132.23.220','I5y6llUUddBYalko5EE7tu2ANH2peFlwUj0RxTukDJwpRu0N62ZieulRcX6Bp7My','2018-10-25 20:04:00','2018-04-17 11:47:06','2018-10-27 13:44:40',4,'2018-10-27 13:47:15','2020-05-06 09:40:34',4),(16,'BARUS','JANINA','janinabarus@aol.com','0735-978-537','janinabarus','cb047d19d6c65d336b1ba226d4b7e953',118,'2020-05-27 10:31:48','27.226.47.54','rnMJWE291gT5lfkSXHW9ruF8dz22npeL2UFD1tygie5CVYCQsyre078HfLt4kHvo','2019-11-16 19:06:11','2019-01-19 08:23:39','2019-11-18 04:06:48',2,'2019-11-18 04:09:56','2020-05-09 16:53:40',4),(17,'NITA','GHEORGHE','gheorghe_nita@gmail.com','0788-599-870','gheorghe_nita','72163168f08b35cec9945c4021efc609',86,'2020-05-27 10:31:48','129.233.24.170','HxVIvH902pw0XWUS8hDJLVA4UfVrmDB5Aa2LrSe22NYOtCSB2aM1WPlZl6iqRmTg','2018-11-07 20:25:27','2018-04-18 15:37:35','2018-11-09 12:23:32',2,'2018-11-09 12:27:28','2020-05-03 21:09:31',4),(18,'GRIGORUTA','SIMONA','simona.grigoruta@gmail.com','0742-905-842','simona.grigoruta','beba028da5913e64710e12f5813cfc67',127,'2020-05-27 10:31:48','25.114.242.120','ZqZPLA7xaSWgjI2NWMDUH1JlEFh9otIkVPn6711PkvVVHoKJwGI0wQ3LYv4pfhoV','2018-07-20 05:55:19','2018-03-30 14:09:34','2018-07-20 10:40:52',2,'2018-07-20 10:43:08','2020-03-25 20:49:30',4),(19,'DANTZER','DIANA','diana_dantzer@yahoo.com','0772-000-669','diana_dantzer','589bdf63466bff7021906bad6bd9aa25',125,'2020-05-27 10:31:48','121.243.99.16','Tsw77WeJH8KTwtZ88ipOxx6BUcJGVPD1Nr4iNxKOHiFUTILshk0QZ9djmRJ3ZtUH','2018-02-09 01:26:49','2018-04-01 08:53:41','2018-02-11 01:17:20',3,'2018-02-11 01:20:52','2020-03-30 21:16:16',4),(20,'ANCA','ALEXANDRU','alexandruanca@outlook.com','0764-623-355','alexandruanca','ec6193e7b5e23688e25dc7234fcab56b',96,'2020-05-27 10:31:48','31.107.190.129','7eehwN1xuPofp2CRjbpwU8Df4rRqK4acmTQYoIseiq2ALhCm4HZLvNPFx4K7eHTb','2018-10-22 22:34:44','2018-06-06 11:08:23','2018-10-24 07:27:41',3,'2018-10-24 07:30:36','2020-04-20 06:33:54',4),(21,'NICOLAE','GABRIEL','gabriel_nicolae@yahoo.com','0789-437-678','gabriel_nicolae','ad6b3e42ebcc874439ee55e41f6b3819',56,'2020-05-27 10:31:48','73.226.160.121','1UcWBbB9OeqeJuCqYSO1wi8XDvi12JiZV6DuRSB1cyIttT8dPf7FA0pqUxZuC9HS','2019-08-21 21:39:49','2019-04-27 14:07:25','2019-08-22 18:29:59',4,'2019-08-22 18:33:56','2020-05-16 06:43:36',4),(22,'CODITA','IONELA','ionelacodita@yahoo.com','0768-256-936','ionelacodita','996a57a28e675c7a269c7868d9451cb2',142,'2020-05-27 10:31:48','122.246.114.81','Ki7ztVgGaNUcqHGvxPaooXMcuJXj594yWI9zWHTz3X9uqZsKrEGsNBvzjJsI3ule','2019-09-08 01:41:26','2019-03-25 22:14:30','2019-09-08 07:10:28',2,'2019-09-08 07:13:31','2020-05-24 06:41:02',4),(23,'GHERMAN','ADRIANA','adrianagherman@protonmail.com','0763-959-749','adrianagherman','4fb94997b610b6a655f654cd7276db92',91,'2020-05-27 10:31:48','59.50.72.208','nrJjmniLt4beDKwRdaronnQZ5QHTvO4ujPlVkQUBeU4bOe6GH5XY89eOLsxuw915','2019-06-07 00:34:21','2018-02-10 05:54:53','2019-06-07 13:26:03',1,'2019-06-07 13:29:27','2020-04-16 05:59:08',4),(24,'STANCA','IONUT','ionutstanca@yahoo.com','0721-156-096','ionutstanca','2dce9e20e4c45e5072e23847babc1680',79,'2020-05-27 10:31:48','74.243.244.237','f60tr1Chy3Wckmi9WxOU0dmTTp2leVHvfzpreH2P76YccBxGMMNnKhnLmMUdOog1','2020-01-06 06:54:01','2018-10-12 19:55:29','2020-01-08 06:42:22',1,'2020-01-08 06:46:14','2020-05-15 14:29:52',4),(25,'GENUNCHE','AMELIA','ameliagenunche@gmail.com','0772-168-218','ameliagenunche','9f601be3d03c02e040745343a6de92a6',72,'2020-05-27 10:31:48','202.46.124.231','qQmKau4l3UOtpgO3aHGZVIxvyA3PFfaT0IjwapxPaKnoa1eMy6tNJgLWThkh1QLw','2019-09-13 17:53:36','2019-06-28 19:03:25','2019-09-14 02:17:17',4,'2019-09-14 02:20:24','2020-04-02 02:18:36',4),(26,'CRACIUN','ALINA','alinacraciun@protonmail.com','0737-702-812','alinacraciun','724fa8ff44e230ba311a00ba4af54ba9',73,'2020-05-27 10:31:48','29.203.174.9','bQZ5HntAQQWwi9jV78xDpXSLqlP81XYOz7DzCaOcWUOUNKsDNHzpZpkXpxx1DyvL','2018-05-19 05:52:36','2019-01-10 20:37:13','2018-05-21 00:22:57',3,'2018-05-21 00:24:58','2020-03-31 20:40:41',4),(27,'SZATMARI','JUDIT','judit.szatmari@aol.com','0761-583-251','judit.szatmari','fdc242cf328ac927de08f38d800a8d3b',99,'2020-05-27 10:31:48','24.90.126.107','fQUOR8hi9bLvoMUwotxi8mEydfmZX3BURLXY041BxVWPNC8IIovRyP58hXkKqZ6p','2018-09-17 08:48:45','2018-08-02 06:58:27','2018-09-19 04:06:29',4,'2018-09-19 04:09:13','2020-04-03 11:08:38',4),(28,'BRAGARU','RADU STEFANIA','radustefania_bragaru@protonmail.com','0748-121-492','radustefania_bragaru','ff93855a8a350f89d92e981ea842b12d',128,'2020-05-27 10:31:48','158.218.113.161','37349bfNujSbgvbXPzkUNLjarVBobtaEBlVwP38Zf81LxsBsQletWziNd4KwZcvA','2018-05-03 11:32:34','2019-10-05 06:11:12','2018-05-05 04:27:11',2,'2018-05-05 04:30:50','2020-04-20 04:22:11',4),(29,'STEFANUT','CLAUDIA','claudia.stefanut@yahoo.com','0761-583-251','claudia.stefanut','1a47d39a12ca9573f7ba835e42d15797',93,'2020-05-27 10:31:48','215.89.47.219','E8AMWzuDFmxSQnJnesuxWS1gDSTjCn1JZnPxxiU4EYeremKohCVU8L6gTBXevPdL','2019-06-19 16:23:10','2018-12-18 19:01:15','2019-06-20 19:00:05',1,'2019-06-20 19:02:08','2020-05-05 02:07:56',4),(30,'SECARA','DIANA CRISTINA','dianacristina.secara@gmail.com','0731-836-366','dianacristina.secara','d8480ca0dab2aabbd4797b41afb2e34e',131,'2020-05-27 10:31:48','200.95.120.66','86UIJDXZ1xwZWxULtq5PAyrcPJ2mSWT72GffgOq2XzxxTr1kTA3EJagcBCKfb1No','2018-03-28 08:24:42','2019-06-17 13:37:13','2018-03-28 18:42:24',2,'2018-03-28 18:45:43','2020-03-29 14:17:52',4),(31,'RUSU','ELENA GEORGIANA','elenageorgiana_rusu@protonmail.com','0765-006-107','elenageorgiana_rusu','b1641b325b949a80d916564ad2e34590',127,'2020-05-27 10:31:48','216.131.6.134','nJJkoueChalhQkgqjnKjHQmBtliDDgiDqNhlO8AOgz38cKSdlYztn5DJV49GuWS6','2018-09-16 02:00:38','2018-04-28 20:06:58','2018-09-16 21:35:26',3,'2018-09-16 21:37:52','2020-04-14 21:42:52',4),(32,'ALBEAN','DANIELA','danielaalbean@aol.com','0789-453-761','danielaalbean','30e57a2d7b58af450c000926bc13e274',94,'2020-05-27 10:21:05','153.110.90.118','zyzmZvnrsShdrZDCqS9CA1PuMSFYMXAgHSbZYrzBsyPQv38rRLS0GIsDOgqCxQCS','2018-09-29 17:55:36','2019-02-26 20:51:43','2018-09-30 12:53:28',4,'2018-09-30 12:55:41','2020-04-23 07:23:39',4),(33,'FLESERIU','CARMEN','carmen.fleseriu@yahoo.com','0730-244-883','carmen.fleseriu','e1f7153d447659a69160b70830d0c444',137,'2020-05-27 10:31:48','67.231.204.76','3HxlpVY4SWVDzk5SRKEXfdcJqZktcjFNgsnOg7xq4C0cOeImboIoCW06VRjtDZH8','2019-07-09 20:42:44','2018-09-24 05:02:21','2019-07-11 08:44:43',2,'2019-07-11 08:48:29','2020-04-16 09:32:32',4),(34,'EDGHIUN','ISMAIL','ismail_edghiun@outlook.com','0784-532-164','ismail_edghiun','5fb2187e055ecc81ecea309fe9a29605',55,'2020-05-27 10:31:48','14.91.161.32','tfy9pg5ChoNzd9g7cqcFoXxxJURQPPTq3E6roRxko8hezsy9jouW7FfrnhJqdNL0','2019-04-15 10:53:29','2018-02-05 19:39:08','2019-04-16 14:06:46',3,'2019-04-16 14:08:59','2020-04-17 12:12:44',4),(35,'NITOIU','CONSTANTIN','constantinnitoiu@protonmail.com','0738-325-676','constantinnitoiu','52a72738c2c0354228747b4abdee5047',114,'2020-05-27 10:31:48','175.26.103.187','UnNd2c33TvDi4HGEviOqiSe1clWz9MP6PrrQ7BEkZfTJRrokrcDPnAhbipMr4L6x','2019-10-16 01:25:46','2018-03-22 20:13:14','2019-10-17 05:23:15',3,'2019-10-17 05:27:02','2020-05-13 19:07:06',4),(36,'BALASA','DANIELA','daniela_balasa@outlook.com','0731-364-386','daniela_balasa','a76efca534485f2f33324359b4b3b194',56,'2020-05-27 10:31:48','125.62.184.230','4UMeffsFXzqYLxFphFmKAguHEtqCIBnZ2J3lMaA9x8Tf8kWYcaSE2I5qWBsKADXM','2019-01-03 07:34:59','2018-09-25 03:21:22','2019-01-03 17:39:34',2,'2019-01-03 17:41:52','2020-05-20 03:42:06',4),(37,'STANESCU','GEORGETA','georgeta.stanescu@gmail.com','0729-969-565','georgeta.stanescu','44f2494709215b727b69008ed8bba956',87,'2020-05-27 10:31:48','98.49.198.94','VaOM70SNrdi1LWRtnRb7E11Irwrg7Dh4f7MYdZOeXjLXp3UMsYM64q2GWp0ldKy9','2019-08-01 18:44:14','2018-11-30 13:05:45','2019-08-02 09:11:41',4,'2019-08-02 09:13:48','2020-04-03 01:53:58',4),(38,'DUSMANU','ALINA','alinadusmanu@protonmail.com','0761-418-828','alinadusmanu','7655964feaf3b7d1fc16ced27e355f93',118,'2020-05-27 10:31:48','122.79.28.151','xawHSzM731iB39TeydBLrg0BK1Bx5CzEFf11ab0xtgrK4gNfXNDs7CXKvyqYZ50k','2018-10-25 08:02:46','2018-04-17 16:31:14','2018-10-27 02:03:16',2,'2018-10-27 02:07:00','2020-05-22 23:58:57',4),(39,'POPESCU','ILEANA','ileanapopescu@outlook.com','0744-363-262','ileanapopescu','8bbb666c4c06c032cae6f564f37650af',78,'2020-05-27 10:31:48','167.132.158.142','tDlO74JQ6cB5CiaSgDlEbXeao1zGwcgbNIyl9bRokAqM0YIx8lKMoTnOu20bMv1W','2019-03-30 17:07:44','2018-08-22 04:21:33','2019-03-31 15:44:56',3,'2019-03-31 15:47:14','2020-04-17 17:01:24',4),(40,'COZMA','DRAGOS','dragos.cozma@aol.com','0789-699-177','dragos.cozma','e66c3a49f6ceec7ba8aa9bfd27dcff27',89,'2020-05-27 10:31:48','233.241.251.31','NzNLVtRdYh0Xcg4o6Q5FsHNhGgzpbS7x3gqMy1zLetPHmOxNxX4pGGC49sG8AO76','2019-09-09 22:36:59','2018-03-28 05:22:35','2019-09-11 09:38:28',2,'2019-09-11 09:40:47','2020-03-26 20:49:17',4),(41,'BUZATEL','ROXANA','roxana.buzatel@outlook.com','0721-156-096','roxana.buzatel','1df502b2c79729e54a9bda4457619093',62,'2020-05-27 10:31:48','149.151.59.90','ffO77H5RpZJMLcMJWTaMdfTrQOnEZe1j1muYAIKx6gidHechePHDe9oUSvT809mj','2018-08-22 22:48:16','2019-03-08 22:48:54','2018-08-23 10:01:08',3,'2018-08-23 10:03:50','2020-05-23 09:39:30',4),(42,'TANASE','IONUT','ionut.tanase@yahoo.com','0748-926-354','ionut.tanase','64014cd02441776e82fb84a2cd18993e',94,'2020-05-27 10:31:48','21.83.102.8','2JuW1l7VFHcRQgUtVChvwbIuvRNxlw99WegS5I6pH2o8coAkaMewwXpk5yD6UATS','2020-01-20 07:17:00','2019-02-16 11:09:19','2020-01-22 06:13:52',4,'2020-01-22 06:16:25','2020-05-11 08:38:12',4),(43,'NEAGU','ANA MARIA','anamaria_neagu@outlook.com','0721-298-095','anamaria_neagu','8aabe983e8c63c05823717d8bcfd7931',134,'2020-05-27 10:31:48','231.133.218.188','wA9nPYDVA1jZ8A2CBEwtJvo6wriopIMaswACe4AVCHlRYk5YoZwi6vSDtLeGrfff','2018-04-06 01:06:46','2020-01-02 20:22:30','2018-04-06 10:09:29',4,'2018-04-06 10:12:08','2020-05-22 00:53:34',4),(44,'PALADE','CRISTIAN','cristian_palade@protonmail.com','0742-905-842','cristian_palade','00e80c6d3e566d65bbf7e71f9a969ad5',140,'2020-05-27 10:31:48','37.120.237.72','uSSETjpGJRqLLbD7RN5oK8C0DftXuIsMv4JgsfW7hMSo2M03OuW1Yznat0VRJ2L1','2019-01-23 16:49:27','2018-07-25 05:27:11','2019-01-23 17:09:29',2,'2019-01-23 17:13:07','2020-04-19 19:17:57',4),(45,'CORBU','ANA','anacorbu@protonmail.com','0774-144-697','anacorbu','29ee747b5a2cb20fd5559ba719b5fa26',148,'2020-05-27 10:31:48','146.16.138.140','5i6sBmhxotACLrj0O88dFnNnBtcvugQUqWrwqkX8cf2t43Zqs7N0KNg5IgQ9oPHY','2018-06-13 17:53:33','2018-09-18 23:14:58','2018-06-14 16:22:34',2,'2018-06-14 16:24:47','2020-04-09 05:28:13',4),(46,'MORNOS','CRISTIAN','cristian.mornos@outlook.com','0789-437-678','cristian.mornos','81d8717a9660518dafda94c8c8a3a5a2',71,'2020-05-27 10:31:48','37.11.192.178','WPynFadtWaYAaxOIVawsR9dBmCWwam8W0TKFHrgj7d6Q4ZpRLu8wgXcHI0bHZwQp','2018-12-23 00:05:59','2019-10-22 12:59:53','2018-12-23 15:27:56',1,'2018-12-23 15:30:05','2020-05-23 01:06:27',4),(47,'MOGOS','ANTONIA','antonia_mogos@protonmail.com','0725-308-864','antonia_mogos','77d8e03b2eef94f8e5065acb609370f0',59,'2020-05-27 10:31:48','63.29.204.183','l9qxBhxLnUQv8fBNjqDFlKZCIzu4koSLfkNhoG8PLQr34ROUTmMwwOg8vo23oPI6','2019-06-14 03:55:52','2018-10-23 04:17:05','2019-06-14 13:15:37',3,'2019-06-14 13:17:46','2020-03-30 11:56:06',4),(48,'MOROSANU','ARITINA','aritina.morosanu@yahoo.com','0788-193-367','aritina.morosanu','d16ce64d43706dc79114f0427f3ca761',133,'2020-05-27 10:31:48','50.202.106.173','3QxMs0WEjbM5Tg4wImc8FxCcX3pSFmRHA2ptKLffmR0toUKwMnUt8PIKJuKVQW3f','2018-03-30 04:27:59','2018-07-17 15:30:27','2018-03-30 04:57:55',1,'2018-03-30 05:00:13','2020-04-26 09:56:37',4),(49,'SOROHAN','LIVIA','livia.sorohan@gmail.com','0770-139-841','livia.sorohan','0df3821b2d88498fd5a7ed9fb6ed677a',139,'2020-05-27 10:31:48','46.211.164.186','Q81y3nswRzYwG6sYI33bG6gf7dvuWFVONiWZf2nRmJIuOD5n50K0DncSz7TalF0b','2018-10-11 19:38:54','2018-03-15 01:47:33','2018-10-12 18:06:17',4,'2018-10-12 18:09:22','2020-04-17 06:39:30',4),(50,'BUCUR','MIRCEA','mircea_bucur@yahoo.com','0779-011-205','mircea_bucur','52049b84a2108136d9969d889fb04913',147,'2020-05-27 10:31:48','187.125.63.187','Nj2rx1jpvD94Y1PeoZG6wH9aJXTMEdE1RFVbMcp1dZI12zdap08OFL5BfFH6ESfw','2019-01-30 21:57:10','2019-04-18 19:28:59','2019-01-31 12:41:18',3,'2019-01-31 12:43:48','2020-04-12 14:08:45',4),(51,'STANCIU','CARMEN','carmen_stanciu@outlook.com','0784-291-614','carmen_stanciu','2b6870f761f94ee07c1db1e3ce8a946e',70,'2020-05-27 10:31:48','244.157.54.44','0Ut9qJ2FghhbBddaoZhfesXzSusON5cCwN7JBTQjq23TopwDL7nKOym6C9f4Rp0r','2018-12-30 11:55:43','2019-10-18 05:12:54','2018-12-30 18:11:13',2,'2018-12-30 18:14:29','2020-04-16 13:26:14',4),(52,'TOROK','BARNA','barna_torok@aol.com','0783-728-496','barna_torok','a3be026391e77738c6ac56b99fafbe24',56,'2020-05-27 10:31:48','60.166.147.237','5V4ivoiQpt0qH7V8YqbCRr5WjEqJXWxLsH8SGTbgNdiHZI9m55JOeo0RDiMqCjkw','2019-08-27 02:53:41','2019-01-04 00:40:08','2019-08-28 13:55:47',4,'2019-08-28 13:58:39','2020-05-20 11:25:59',4),(53,'IONESCU','LIGIA','ligia_ionescu@aol.com','0777-973-061','ligia_ionescu','cc69fbc6a8b321d151721e5301488315',123,'2020-05-27 10:31:48','242.248.13.68','RkMH4K3SnVXQbaoCWUuLEkdqkQIkE9qtVGvcH96KhbaCOPr7QIlqdAI4GUYikB3y','2019-03-12 11:47:50','2019-07-29 20:46:34','2019-03-13 00:08:53',4,'2019-03-13 00:11:24','2020-04-25 12:37:49',4),(54,'POPESCU','ELENA','elena.popescu@gmail.com','0763-596-252','elena.popescu','183a649be310f0be119592f055bf88a3',98,'2020-05-27 10:31:48','50.45.74.232','9ThCQvrQVKG6QWXnd3qfhaRjrCctA3V2HZbWMZxgFL1E9btAbFdFqUSJtlE0WvM8','2018-12-05 11:24:44','2018-10-08 14:57:03','2018-12-05 16:00:40',3,'2018-12-05 16:04:39','2020-05-12 12:30:20',4),(55,'BUTUZA','CRISTINA','cristina.butuza@yahoo.com','0729-633-927','cristina.butuza','04fcaac7991b950b09ccde85f722ae5a',72,'2020-05-27 10:31:48','188.241.139.220','I5y6llUUddBYalko5EE7tu2ANH2peFlwUj0RxTukDJwpRu0N62ZieulRcX6Bp7My','2018-12-23 06:46:45','2019-01-14 21:32:09','2018-12-24 16:40:17',4,'2018-12-24 16:42:42','2020-04-19 17:23:00',4),(56,'STOIAN','IOANA','ioanastoian@gmail.com','0720-448-277','ioanastoian','d6cb971fdc152e342119abfea87a3f9a',114,'2020-05-27 10:31:48','181.246.183.175','rnMJWE291gT5lfkSXHW9ruF8dz22npeL2UFD1tygie5CVYCQsyre078HfLt4kHvo','2020-01-07 08:46:07','2018-10-20 23:56:09','2020-01-07 20:23:01',3,'2020-01-07 20:25:08','2020-05-07 09:03:10',4),(57,'SAI','CLAUDIA','claudia_sai@aol.com','0728-208-361','claudia_sai','3fe0552a0943a800db64a515e3456132',105,'2020-05-27 10:31:48','73.92.239.168','HxVIvH902pw0XWUS8hDJLVA4UfVrmDB5Aa2LrSe22NYOtCSB2aM1WPlZl6iqRmTg','2019-01-29 08:36:56','2018-10-26 16:08:57','2019-01-29 12:57:51',3,'2019-01-29 13:01:10','2020-04-11 09:51:36',4),(58,'PACU','IRINA','irina.pacu@gmail.com','0772-000-669','irina.pacu','5e5d4c23bf65e7b042530e006e3c5c97',135,'2020-05-27 10:31:48','121.98.127.90','ZqZPLA7xaSWgjI2NWMDUH1JlEFh9otIkVPn6711PkvVVHoKJwGI0wQ3LYv4pfhoV','2019-04-04 01:52:53','2019-08-08 18:06:51','2019-04-05 12:43:47',3,'2019-04-05 12:46:01','2020-04-11 05:47:39',4),(59,'CERNAT','MATEI','matei_cernat@gmail.com','0761-600-926','matei_cernat','fc9c288c9dcf397cb8891e4a4b95844b',111,'2020-05-27 10:31:48','67.63.115.133','Tsw77WeJH8KTwtZ88ipOxx6BUcJGVPD1Nr4iNxKOHiFUTILshk0QZ9djmRJ3ZtUH','2018-12-17 16:40:15','2019-06-23 03:08:01','2018-12-18 09:48:59',2,'2018-12-18 09:52:15','2020-04-27 10:04:30',4),(60,'MAN','SORIN','sorinman@gmail.com','0737-327-256','sorinman','0e5bbf65fe071df9f970e6a361b7e0aa',99,'2020-05-27 10:31:48','67.186.228.81','7eehwN1xuPofp2CRjbpwU8Df4rRqK4acmTQYoIseiq2ALhCm4HZLvNPFx4K7eHTb','2018-12-16 14:49:10','2018-06-26 18:22:08','2018-12-17 19:57:10',3,'2018-12-17 20:00:46','2020-05-17 22:42:29',4),(61,'DINCA','FLORIN','florin_dinca@gmail.com','0731-847-539','florin_dinca','809262edac70c4cd7478c52cc10ac051',114,'2020-05-27 10:31:48','219.101.97.178','1UcWBbB9OeqeJuCqYSO1wi8XDvi12JiZV6DuRSB1cyIttT8dPf7FA0pqUxZuC9HS','2019-10-29 09:11:43','2019-12-01 19:35:15','2019-10-31 07:22:31',4,'2019-10-31 07:24:43','2020-05-11 04:03:41',4),(62,'PUSCASU','CATALINA','catalinapuscasu@protonmail.com','0776-914-683','catalinapuscasu','dee1020b292182161873b324d737bca2',123,'2020-05-27 10:31:48','100.216.26.230','Ki7ztVgGaNUcqHGvxPaooXMcuJXj594yWI9zWHTz3X9uqZsKrEGsNBvzjJsI3ule','2018-03-05 10:37:37','2020-01-20 03:54:24','2018-03-07 10:04:39',1,'2018-03-07 10:06:55','2020-04-06 13:53:53',4),(63,'PATPAIAC','TEODOR','teodor_patpaiac@protonmail.com','0763-884-434','teodor_patpaiac','79fd9cb4324c36cc14876ec103a066f3',121,'2020-05-27 10:31:48','73.173.144.199','nrJjmniLt4beDKwRdaronnQZ5QHTvO4ujPlVkQUBeU4bOe6GH5XY89eOLsxuw915','2019-04-24 10:39:35','2018-06-06 17:54:51','2019-04-24 13:19:22',3,'2019-04-24 13:22:03','2020-05-06 13:55:39',4),(64,'ADINA','PLOTOGEA VADANUTA','plotogeavadanuta_adina@yahoo.com','0768-256-936','plotogeavadanuta_adina','215ddbf5986ea48bc1efe56dd648020f',90,'2020-05-27 10:31:48','62.210.114.188','f60tr1Chy3Wckmi9WxOU0dmTTp2leVHvfzpreH2P76YccBxGMMNnKhnLmMUdOog1','2019-12-14 06:31:37','2019-11-28 14:51:37','2019-12-14 21:26:25',2,'2019-12-14 21:29:05','2020-05-16 20:41:25',4),(65,'GONGU','MIRCEA','mirceagongu@yahoo.com','0721-156-096','mirceagongu','dbdade9a19cf343f2cd1f4fe67a88205',135,'2020-05-27 10:31:48','95.160.13.84','qQmKau4l3UOtpgO3aHGZVIxvyA3PFfaT0IjwapxPaKnoa1eMy6tNJgLWThkh1QLw','2019-09-29 09:45:54','2018-03-05 05:44:09','2019-09-30 04:17:34',2,'2019-09-30 04:20:50','2020-04-08 06:24:51',4),(66,'LAPUSAN','CARMEN','carmen_lapusan@protonmail.com','0734-204-473','carmen_lapusan','7232a3eb199cc05bbea98528287a99b8',54,'2020-05-27 10:31:48','131.151.111.99','bQZ5HntAQQWwi9jV78xDpXSLqlP81XYOz7DzCaOcWUOUNKsDNHzpZpkXpxx1DyvL','2018-10-13 14:21:17','2019-01-22 17:08:32','2018-10-15 14:12:14',3,'2018-10-15 14:14:37','2020-04-27 22:37:18',4),(67,'FORTOFOIU','MARIA','maria.fortofoiu@outlook.com','0772-168-218','maria.fortofoiu','7a19fe8d043900138a9651864152bf5f',118,'2020-05-27 10:31:48','161.8.56.4','fQUOR8hi9bLvoMUwotxi8mEydfmZX3BURLXY041BxVWPNC8IIovRyP58hXkKqZ6p','2018-08-08 03:35:17','2018-09-12 05:32:46','2018-08-09 19:12:03',1,'2018-08-09 19:14:09','2020-03-29 14:36:44',4),(68,'URSU','ANCA','anca.ursu@outlook.com','0767-778-559','anca.ursu','5409d9a75b58ece638b34a9f880ff978',78,'2020-05-27 10:31:48','99.234.122.153','37349bfNujSbgvbXPzkUNLjarVBobtaEBlVwP38Zf81LxsBsQletWziNd4KwZcvA','2018-07-29 07:59:12','2018-03-23 09:26:50','2018-07-29 14:27:11',3,'2018-07-29 14:30:34','2020-05-06 09:49:06',4),(69,'RADU','NICOLETA','nicoletaradu@aol.com','0743-586-713','nicoletaradu','8568eb81e378d712034c8c8e9548b01a',85,'2020-05-27 10:31:48','150.40.246.110','E8AMWzuDFmxSQnJnesuxWS1gDSTjCn1JZnPxxiU4EYeremKohCVU8L6gTBXevPdL','2018-12-26 14:16:42','2018-12-11 15:40:31','2018-12-26 23:43:20',2,'2018-12-26 23:45:54','2020-04-09 01:01:56',4),(70,'ERHAN','IONELA','ionela_erhan@protonmail.com','0775-647-508','ionela_erhan','bc562a9c59130ebdbc02fc1bb6609c0e',142,'2020-05-27 10:31:48','60.218.157.132','86UIJDXZ1xwZWxULtq5PAyrcPJ2mSWT72GffgOq2XzxxTr1kTA3EJagcBCKfb1No','2019-02-15 08:32:32','2019-12-21 11:08:40','2019-02-16 12:18:44',1,'2019-02-16 12:21:29','2020-04-02 07:21:33',4),(71,'BULBOACA','ADRIANA','adrianabulboaca@gmail.com','0731-364-386','adrianabulboaca','cda9efd2dc0b62763adad42778247c69',107,'2020-05-27 10:31:48','186.32.102.161','nJJkoueChalhQkgqjnKjHQmBtliDDgiDqNhlO8AOgz38cKSdlYztn5DJV49GuWS6','2018-08-02 08:59:08','2018-12-10 17:48:19','2018-08-02 23:27:16',1,'2018-08-02 23:29:18','2020-05-20 17:21:07',4),(72,'LEVAI','ANTONIA','antonialevai@aol.com','0785-853-326','antonialevai','caaa6b53ed9c58d7e953d9bd456cd1e4',57,'2020-05-27 10:31:48','248.5.31.137','zyzmZvnrsShdrZDCqS9CA1PuMSFYMXAgHSbZYrzBsyPQv38rRLS0GIsDOgqCxQCS','2019-06-21 04:24:40','2018-09-18 16:42:14','2019-06-22 17:23:42',4,'2019-06-22 17:27:38','2020-04-08 15:29:28',4),(73,'ZUGRAVU','ADRIAN','adrianzugravu@yahoo.com','0775-669-350','adrianzugravu','d3800c8ae6ff24ac1cc56b48bb3ba322',116,'2020-05-27 10:31:48','91.41.184.42','3HxlpVY4SWVDzk5SRKEXfdcJqZktcjFNgsnOg7xq4C0cOeImboIoCW06VRjtDZH8','2019-07-06 04:12:30','2018-08-31 15:08:51','2019-07-08 01:40:17',3,'2019-07-08 01:43:52','2020-04-18 06:01:14',4),(74,'BUTU','LELIA','lelia_butu@outlook.com','0731-364-386','lelia_butu','5530f3ad8bb1cf5d102b62fbdcf6743f',58,'2020-05-27 10:31:48','159.166.104.19','tfy9pg5ChoNzd9g7cqcFoXxxJURQPPTq3E6roRxko8hezsy9jouW7FfrnhJqdNL0','2019-01-23 16:55:05','2019-02-06 10:40:06','2019-01-24 13:13:57',4,'2019-01-24 13:16:02','2020-04-09 21:20:44',4),(75,'MIHAILESCU','DOINA IOANA','doinaioana.mihailescu@outlook.com','0735-978-537','doinaioana.mihailescu','46fda141cd9b4d0bfb3276dca4043a74',91,'2020-05-27 10:31:48','33.107.185.103','UnNd2c33TvDi4HGEviOqiSe1clWz9MP6PrrQ7BEkZfTJRrokrcDPnAhbipMr4L6x','2018-09-13 09:04:29','2019-06-04 17:04:32','2018-09-13 22:12:27',2,'2018-09-13 22:16:09','2020-03-31 03:20:57',4),(76,'BANDE','ADORIAN','adorian_bande@outlook.com','0746-566-207','adorian_bande','ed9eb4ca82214cccfb89e8084409ac23',135,'2020-05-27 10:31:48','207.225.2.86','4UMeffsFXzqYLxFphFmKAguHEtqCIBnZ2J3lMaA9x8Tf8kWYcaSE2I5qWBsKADXM','2018-03-26 03:43:49','2019-09-27 14:26:58','2018-03-26 08:24:03',4,'2018-03-26 08:26:20','2020-05-07 08:21:44',4),(77,'ROSU','ADRIAN','adrian.rosu@aol.com','0789-437-678','adrian.rosu','669f65763aa7c15e35e02dfc97a70bdd',50,'2020-05-27 10:31:48','170.91.194.196','VaOM70SNrdi1LWRtnRb7E11Irwrg7Dh4f7MYdZOeXjLXp3UMsYM64q2GWp0ldKy9','2018-12-22 00:32:12','2018-05-05 06:05:53','2018-12-23 08:26:29',1,'2018-12-23 08:28:46','2020-04-09 03:32:29',4),(78,'APARU','ANCA','ancaaparu@yahoo.com','0774-128-523','ancaaparu','31f46cb39e57aafd6730c871dea25df3',96,'2020-05-27 10:31:48','147.146.38.2','xawHSzM731iB39TeydBLrg0BK1Bx5CzEFf11ab0xtgrK4gNfXNDs7CXKvyqYZ50k','2018-02-03 00:36:10','2018-05-28 20:11:06','2018-02-03 02:03:55',4,'2018-02-03 02:06:30','2020-03-31 00:16:24',4),(79,'PUIU','GEORGIANA','georgianapuiu@gmail.com','0785-296-686','georgianapuiu','7786562063a703b3e3b178db2631a918',80,'2020-05-27 10:31:48','141.200.75.23','tDlO74JQ6cB5CiaSgDlEbXeao1zGwcgbNIyl9bRokAqM0YIx8lKMoTnOu20bMv1W','2019-06-15 10:30:47','2018-12-03 19:46:26','2019-06-15 18:03:42',1,'2019-06-15 18:05:48','2020-05-08 22:23:40',4),(80,'PISTOL','ADRIANA','adrianapistol@protonmail.com','0789-453-761','adrianapistol','36a01197e480ef30b2da09c7d25bb222',64,'2020-05-27 10:31:48','137.115.163.216','NzNLVtRdYh0Xcg4o6Q5FsHNhGgzpbS7x3gqMy1zLetPHmOxNxX4pGGC49sG8AO76','2018-11-30 11:52:01','2019-04-26 23:21:26','2018-12-01 21:10:18',2,'2018-12-01 21:13:02','2020-04-17 10:55:49',4),(81,'RADA','IOANA','ioanarada@yahoo.com','0780-773-180','ioanarada','642066ba24a15d733420e48546606693',128,'2020-05-27 10:31:48','93.64.39.250','ffO77H5RpZJMLcMJWTaMdfTrQOnEZe1j1muYAIKx6gidHechePHDe9oUSvT809mj','2018-02-16 12:54:21','2019-09-27 18:36:33','2018-02-18 12:44:05',1,'2018-02-18 12:47:30','2020-05-06 19:07:17',4),(82,'VASCU','CORNELIU','corneliu.vascu@outlook.com','0768-256-936','corneliu.vascu','5e64b3e46852ad913f176a015dcdc84c',99,'2020-05-27 10:31:48','135.171.200.236','2JuW1l7VFHcRQgUtVChvwbIuvRNxlw99WegS5I6pH2o8coAkaMewwXpk5yD6UATS','2019-10-25 14:02:17','2018-08-30 08:02:58','2019-10-27 09:13:05',2,'2019-10-27 09:15:57','2020-04-15 07:33:41',4),(83,'TIGAU','MIRELA','mirelatigau@aol.com','0731-903-535','mirelatigau','b4748f249236450b6d0ec6ce3328183b',63,'2020-05-27 10:31:48','77.175.143.191','wA9nPYDVA1jZ8A2CBEwtJvo6wriopIMaswACe4AVCHlRYk5YoZwi6vSDtLeGrfff','2018-08-12 16:34:58','2020-01-03 17:27:46','2018-08-13 16:56:49',3,'2018-08-13 16:58:54','2020-05-02 12:05:45',4),(84,'LUCA','ANDREI','andrei_luca@protonmail.com','0721-674-489','andrei_luca','be4e8b8e7042964d584cc4056b7b6d60',67,'2020-05-27 10:31:48','22.35.110.194','uSSETjpGJRqLLbD7RN5oK8C0DftXuIsMv4JgsfW7hMSo2M03OuW1Yznat0VRJ2L1','2019-07-16 01:54:35','2019-12-22 00:14:34','2019-07-17 18:08:24',3,'2019-07-17 18:12:14','2020-03-31 06:32:28',4),(85,'MUNTEAN','LIVIU','liviu.muntean@yahoo.com','0743-586-713','liviu.muntean','1376173a04e12c802f77a7590e48117a',98,'2020-05-27 10:31:48','136.99.85.128','5i6sBmhxotACLrj0O88dFnNnBtcvugQUqWrwqkX8cf2t43Zqs7N0KNg5IgQ9oPHY','2019-10-07 16:54:36','2019-10-05 05:56:10','2019-10-09 00:55:07',2,'2019-10-09 00:58:03','2020-05-01 01:02:25',4),(86,'DRACEA','LAURA LARISA','lauralarisa_dracea@protonmail.com','0782-274-255','lauralarisa_dracea','578d81bfae69f17aa71fcd536234aa75',138,'2020-05-27 10:31:48','130.16.189.146','WPynFadtWaYAaxOIVawsR9dBmCWwam8W0TKFHrgj7d6Q4ZpRLu8wgXcHI0bHZwQp','2018-02-20 15:55:51','2018-10-19 14:01:44','2018-02-22 07:14:02',1,'2018-02-22 07:17:12','2020-05-08 02:19:25',4),(87,'PRUNOIU','CRISTINA','cristina_prunoiu@yahoo.com','0734-204-473','cristina_prunoiu','9efd4a7ff57325b7b8e468932fcabf94',146,'2020-05-27 10:31:48','162.120.114.206','l9qxBhxLnUQv8fBNjqDFlKZCIzu4koSLfkNhoG8PLQr34ROUTmMwwOg8vo23oPI6','2019-04-25 14:02:03','2018-08-20 13:26:44','2019-04-25 18:28:25',4,'2019-04-25 18:31:27','2020-05-11 22:12:44',4),(88,'SZINI','ELENA','elena.szini@protonmail.com','0760-785-444','elena.szini','57d3a01a57b0ba6fddd9ee399acab3ce',68,'2020-05-27 10:31:48','186.61.248.52','3QxMs0WEjbM5Tg4wImc8FxCcX3pSFmRHA2ptKLffmR0toUKwMnUt8PIKJuKVQW3f','2020-01-27 07:29:18','2018-09-11 10:11:08','2020-01-27 07:43:34',4,'2020-01-27 07:47:15','2020-05-09 21:48:20',4),(89,'OPRESCU','NICOLETA','nicoleta.oprescu@aol.com','0735-032-934','nicoleta.oprescu','94a5a78d9b05a55a28c3c0fa1ccb67c9',51,'2020-05-27 10:31:48','15.170.50.241','Q81y3nswRzYwG6sYI33bG6gf7dvuWFVONiWZf2nRmJIuOD5n50K0DncSz7TalF0b','2018-05-04 04:26:57','2019-06-27 19:40:00','2018-05-05 16:16:11',4,'2018-05-05 16:19:29','2020-04-18 08:06:23',4),(90,'DAVID','ADRIANA','adrianadavid@outlook.com','0779-326-592','adrianadavid','84d4c70464b81a82acf863a9286e7a51',104,'2020-05-27 10:31:48','54.46.66.188','Nj2rx1jpvD94Y1PeoZG6wH9aJXTMEdE1RFVbMcp1dZI12zdap08OFL5BfFH6ESfw','2019-05-23 08:53:24','2019-04-10 04:53:14','2019-05-24 19:13:50',2,'2019-05-24 19:17:18','2020-05-08 06:46:04',4),(91,'RADUTOIU','ELENA','elenaradutoiu@aol.com','0776-914-683','elenaradutoiu','4b8490ecefaf66becd28426b1a9e61a6',116,'2020-05-27 10:31:48','243.150.19.145','0Ut9qJ2FghhbBddaoZhfesXzSusON5cCwN7JBTQjq23TopwDL7nKOym6C9f4Rp0r','2019-11-09 16:12:44','2019-10-25 22:32:48','2019-11-10 08:24:09',4,'2019-11-10 08:27:34','2020-04-20 02:15:59',4),(92,'STOIA','STELIAN','stelianstoia@yahoo.com','0742-905-842','stelianstoia','a65b406d6315ea174d4484385b40247c',119,'2020-05-27 10:31:48','164.136.185.18','5V4ivoiQpt0qH7V8YqbCRr5WjEqJXWxLsH8SGTbgNdiHZI9m55JOeo0RDiMqCjkw','2019-01-12 15:30:05','2019-03-09 11:10:52','2019-01-13 17:22:54',4,'2019-01-13 17:25:37','2020-05-21 22:40:53',4),(93,'BOTEZ','PAUL','paul.botez@yahoo.com','0783-386-503','paul.botez','a4898cac1b2afdac1b57fafc56b18a08',99,'2020-05-27 10:31:48','30.95.134.135','RkMH4K3SnVXQbaoCWUuLEkdqkQIkE9qtVGvcH96KhbaCOPr7QIlqdAI4GUYikB3y','2019-07-05 13:58:49','2018-05-24 21:22:34','2019-07-06 22:45:41',2,'2019-07-06 22:49:03','2020-04-22 06:23:08',4),(94,'VINTILA','AURA','aura_vintila@outlook.com','0726-213-820','aura_vintila','a6b72c5b301dbc0c1eddf6c1d14d20f8',87,'2020-05-27 10:31:48','21.200.185.74','9ThCQvrQVKG6QWXnd3qfhaRjrCctA3V2HZbWMZxgFL1E9btAbFdFqUSJtlE0WvM8','2018-05-14 08:30:25','2018-05-03 10:28:48','2018-05-15 22:43:18',3,'2018-05-15 22:45:56','2020-04-21 19:32:09',4),(95,'ROTARU','CLAUDIU','claudiu_rotaru@aol.com','0731-619-609','claudiu_rotaru','c9a7b2cb63feab0edd54c1d29daf84ff',88,'2020-05-27 10:31:48','61.82.224.124','I5y6llUUddBYalko5EE7tu2ANH2peFlwUj0RxTukDJwpRu0N62ZieulRcX6Bp7My','2019-03-22 09:42:12','2018-05-31 21:18:58','2019-03-24 06:23:00',2,'2019-03-24 06:26:07','2020-05-17 17:12:24',4),(96,'ALDEA','RALUCA','raluca_aldea@protonmail.com','0766-066-516','raluca_aldea','cd20bdb69becc716ff2a01fddc19514d',130,'2020-05-27 10:31:48','195.101.170.44','rnMJWE291gT5lfkSXHW9ruF8dz22npeL2UFD1tygie5CVYCQsyre078HfLt4kHvo','2018-12-04 08:06:23','2018-12-24 12:08:59','2018-12-04 20:48:46',1,'2018-12-04 20:52:28','2020-03-26 23:12:12',4),(97,'DABIJA','ANCA','ancadabija@outlook.com','0776-525-846','ancadabija','f7ed55361dbdf8ec18df4ddbaddd9eb5',137,'2020-05-27 10:31:48','209.161.179.159','HxVIvH902pw0XWUS8hDJLVA4UfVrmDB5Aa2LrSe22NYOtCSB2aM1WPlZl6iqRmTg','2018-11-17 20:31:54','2019-07-30 06:00:34','2018-11-18 21:58:24',2,'2018-11-18 22:01:35','2020-04-24 17:59:15',4),(98,'CITA','RADIANA','radiana.cita@protonmail.com','0789-437-678','radiana.cita','4d947a012963470f06b065d581c81be6',146,'2020-05-27 10:31:48','8.59.21.174','ZqZPLA7xaSWgjI2NWMDUH1JlEFh9otIkVPn6711PkvVVHoKJwGI0wQ3LYv4pfhoV','2019-07-17 15:26:58','2018-11-11 02:42:31','2019-07-19 08:29:22',2,'2019-07-19 08:32:09','2020-04-19 13:04:26',4),(99,'FERICIAN','ADELA','adelaferician@outlook.com','0725-308-864','adelaferician','3265e01989a39f9e90374c6844aa3d19',71,'2020-05-27 10:31:48','58.15.152.212','Tsw77WeJH8KTwtZ88ipOxx6BUcJGVPD1Nr4iNxKOHiFUTILshk0QZ9djmRJ3ZtUH','2018-12-28 00:45:42','2019-06-30 04:33:32','2018-12-29 09:35:09',1,'2018-12-29 09:37:34','2020-04-28 22:05:25',4),(100,'HADNAGY','LADISLAU','ladislau_hadnagy@aol.com','0778-289-838','ladislau_hadnagy','1c61a6b7f740a9546f7a0c1d4bfafde9',64,'2020-05-27 10:31:48','105.135.108.134','7eehwN1xuPofp2CRjbpwU8Df4rRqK4acmTQYoIseiq2ALhCm4HZLvNPFx4K7eHTb','2018-03-29 14:34:10','2018-10-21 23:48:39','2018-03-31 07:31:17',4,'2018-03-31 07:34:59','2020-04-30 12:56:44',4),(101,'BELEI','OANA','oana.belei@yahoo.com','0742-905-842','oana.belei','471d1735d3ed6b9e2a785d35ae0f02f6',59,'2020-05-27 10:31:48','96.77.92.231','1UcWBbB9OeqeJuCqYSO1wi8XDvi12JiZV6DuRSB1cyIttT8dPf7FA0pqUxZuC9HS','2018-02-25 07:40:19','2019-06-19 18:27:15','2018-02-25 17:54:30',2,'2018-02-25 17:57:45','2020-04-10 12:10:18',4),(102,'COJOCARU','ADRIANA','adriana.cojocaru@aol.com','0744-363-262','adriana.cojocaru','501c0c6d339a8299d39e3333e9326580',55,'2020-05-27 10:31:48','126.186.51.194','Ki7ztVgGaNUcqHGvxPaooXMcuJXj594yWI9zWHTz3X9uqZsKrEGsNBvzjJsI3ule','2019-12-16 03:45:41','2018-10-30 05:52:52','2019-12-17 04:02:19',1,'2019-12-17 04:05:28','2020-04-27 05:40:30',4),(103,'SANDIC','MARIA','maria.sandic@yahoo.com','0774-034-320','maria.sandic','7aa4d116bbed7e418a7f517e2f00da08',147,'2020-05-27 10:31:48','64.239.251.37','nrJjmniLt4beDKwRdaronnQZ5QHTvO4ujPlVkQUBeU4bOe6GH5XY89eOLsxuw915','2019-04-01 04:54:05','2019-08-31 07:09:16','2019-04-02 23:31:41',2,'2019-04-02 23:33:44','2020-05-19 05:34:31',4),(104,'DATCU','ALINA','alina.datcu@outlook.com','0720-450-349','alina.datcu','49467b408cd48c78c1ae101179d774da',122,'2020-05-27 10:31:48','181.41.161.180','f60tr1Chy3Wckmi9WxOU0dmTTp2leVHvfzpreH2P76YccBxGMMNnKhnLmMUdOog1','2018-04-14 22:19:57','2019-10-03 03:14:18','2018-04-16 18:35:04',4,'2018-04-16 18:37:50','2020-05-18 03:35:50',4),(105,'POPESCU','CATALIN','catalinpopescu@protonmail.com','0760-785-444','catalinpopescu','0eb7aeb344ec40f7e8faec16bb9c9f66',118,'2020-05-27 10:31:48','168.46.225.234','qQmKau4l3UOtpgO3aHGZVIxvyA3PFfaT0IjwapxPaKnoa1eMy6tNJgLWThkh1QLw','2019-08-08 10:04:04','2019-09-12 03:48:20','2019-08-10 07:23:53',4,'2019-08-10 07:27:34','2020-05-07 14:58:30',4),(106,'DAN','NICOLETA','nicoletadan@outlook.com','0765-006-107','nicoletadan','da736b9706a9048386c9581afbc2cab6',73,'2020-05-27 10:31:48','246.24.132.85','bQZ5HntAQQWwi9jV78xDpXSLqlP81XYOz7DzCaOcWUOUNKsDNHzpZpkXpxx1DyvL','2019-01-26 16:27:05','2019-02-20 18:23:21','2019-01-28 14:17:46',1,'2019-01-28 14:19:54','2020-05-19 02:46:05',4),(107,'TANASESCU','CARMEN','carmentanasescu@gmail.com','0744-006-005','carmentanasescu','c1023c6b48578f597bb0f07773552144',65,'2020-05-27 10:31:48','28.136.91.47','fQUOR8hi9bLvoMUwotxi8mEydfmZX3BURLXY041BxVWPNC8IIovRyP58hXkKqZ6p','2018-06-20 13:09:49','2018-07-11 17:42:22','2018-06-22 10:20:51',2,'2018-06-22 10:24:31','2020-04-16 09:39:42',4),(108,'MIHAILA','ADRIAN','adrian.mihaila@protonmail.com','0738-768-807','adrian.mihaila','302fe7a72f95998deeddd1029353c945',54,'2020-05-27 10:31:48','209.152.133.209','37349bfNujSbgvbXPzkUNLjarVBobtaEBlVwP38Zf81LxsBsQletWziNd4KwZcvA','2019-01-17 01:34:23','2019-02-16 18:22:20','2019-01-18 17:54:30',1,'2019-01-18 17:58:24','2020-03-31 23:39:22',4),(109,'COJAN','CARMEN MARIA','carmenmaria_cojan@yahoo.com','0773-286-877','carmenmaria_cojan','2fa99929b831a8ed651c9551b90b51aa',126,'2020-05-27 10:31:48','142.84.241.202','E8AMWzuDFmxSQnJnesuxWS1gDSTjCn1JZnPxxiU4EYeremKohCVU8L6gTBXevPdL','2019-09-27 01:29:05','2019-12-25 23:55:15','2019-09-27 19:33:34',2,'2019-09-27 19:36:04','2020-04-22 00:56:56',4),(110,'URSEA','MIHAELA','mihaela.ursea@yahoo.com','0727-523-144','mihaela.ursea','14523fb9fea24ba763e1305def35fbfd',117,'2020-05-27 10:31:48','35.69.240.238','86UIJDXZ1xwZWxULtq5PAyrcPJ2mSWT72GffgOq2XzxxTr1kTA3EJagcBCKfb1No','2019-06-22 11:48:52','2018-06-15 01:29:47','2019-06-23 05:07:58',2,'2019-06-23 05:10:48','2020-05-21 19:29:28',4),(111,'SERBAN','ANA MARIA','anamaria.serban@protonmail.com','0734-204-473','anamaria.serban','ce459370b86688f3346a24015c20d329',59,'2020-05-27 10:31:48','220.136.18.179','nJJkoueChalhQkgqjnKjHQmBtliDDgiDqNhlO8AOgz38cKSdlYztn5DJV49GuWS6','2020-01-26 15:43:39','2018-03-25 16:47:46','2020-01-28 00:02:42',4,'2020-01-28 00:05:22','2020-04-15 18:23:09',4),(112,'CONSTANTIN','ANCA','anca_constantin@yahoo.com','0720-448-277','anca_constantin','8197ba5e5c993ef9f34153a1d59d2284',96,'2020-05-27 10:31:48','90.160.30.166','zyzmZvnrsShdrZDCqS9CA1PuMSFYMXAgHSbZYrzBsyPQv38rRLS0GIsDOgqCxQCS','2019-11-08 04:18:14','2019-09-16 16:40:07','2019-11-08 17:53:10',4,'2019-11-08 17:56:02','2020-05-20 14:04:40',4),(113,'VLADAREANU','RADU','radu.vladareanu@gmail.com','0776-770-003','radu.vladareanu','cba997f55175e419d0577699c284e620',54,'2020-05-27 10:31:48','242.208.62.183','3HxlpVY4SWVDzk5SRKEXfdcJqZktcjFNgsnOg7xq4C0cOeImboIoCW06VRjtDZH8','2018-12-21 07:26:47','2019-10-10 17:57:53','2018-12-22 02:21:18',3,'2018-12-22 02:23:35','2020-04-28 11:00:32',4),(114,'COMSA','SERBAN','serbancomsa@gmail.com','0783-728-496','serbancomsa','d86e9413550354984958d27564dcb5c3',130,'2020-05-27 10:31:48','231.101.63.9','tfy9pg5ChoNzd9g7cqcFoXxxJURQPPTq3E6roRxko8hezsy9jouW7FfrnhJqdNL0','2019-03-20 09:25:52','2019-09-01 00:59:39','2019-03-20 15:10:42',1,'2019-03-20 15:13:35','2020-03-26 23:29:43',4),(115,'ZAMFIR','MIHAELA','mihaela.zamfir@protonmail.com','0775-647-508','mihaela.zamfir','adb3bf1a79717d4bcc7b6395a83ba17c',139,'2020-05-27 10:31:48','103.239.134.202','UnNd2c33TvDi4HGEviOqiSe1clWz9MP6PrrQ7BEkZfTJRrokrcDPnAhbipMr4L6x','2019-01-30 09:55:33','2018-12-04 08:09:11','2019-01-31 05:53:11',1,'2019-01-31 05:56:45','2020-04-21 17:04:18',4),(116,'POPESCU','DIANA','diana_popescu@yahoo.com','0780-479-271','diana_popescu','ba0a2ebf840444522de279daf22ee8f2',56,'2020-05-27 10:31:48','104.164.5.32','4UMeffsFXzqYLxFphFmKAguHEtqCIBnZ2J3lMaA9x8Tf8kWYcaSE2I5qWBsKADXM','2019-09-05 06:26:47','2019-07-17 22:51:33','2019-09-06 16:57:26',1,'2019-09-06 17:00:39','2020-04-04 07:37:05',4),(117,'SRAM','LIVIA','livia.sram@yahoo.com','0721-298-095','livia.sram','7fb2664f110dcfe4e1e80a79867f18cf',112,'2020-05-27 10:31:48','144.121.171.242','VaOM70SNrdi1LWRtnRb7E11Irwrg7Dh4f7MYdZOeXjLXp3UMsYM64q2GWp0ldKy9','2019-01-24 11:33:48','2018-11-10 02:58:52','2019-01-25 04:11:12',2,'2019-01-25 04:14:33','2020-04-22 18:31:44',4),(118,'SCHMIDT','ROLAND','roland_schmidt@outlook.com','0731-619-609','roland_schmidt','13ce7c16ed7ab060f0eed9db047befee',145,'2020-05-27 10:31:48','197.5.185.157','xawHSzM731iB39TeydBLrg0BK1Bx5CzEFf11ab0xtgrK4gNfXNDs7CXKvyqYZ50k','2018-03-17 23:35:14','2019-08-01 03:24:11','2018-03-19 03:07:15',2,'2018-03-19 03:10:21','2020-05-15 11:30:18',4),(119,'MIHAI','DANIEL','daniel.mihai@outlook.com','0773-286-877','daniel.mihai','249ca294bc324bea9f7ab2bd80b42181',140,'2020-05-27 10:31:48','231.180.208.247','NzNLVtRdYh0Xcg4o6Q5FsHNhGgzpbS7x3gqMy1zLetPHmOxNxX4pGGC49sG8AO76','2019-10-07 20:21:22','2019-04-02 17:11:00','2019-10-09 12:06:14',4,'2019-10-09 12:09:42','2020-05-12 18:41:05',4),(120,'Huruiala','Carmen Alexandra','carmenalexandra_huruiala@yahoo.com','0737-702-812','carmenalexandra_huruiala','parola',114,'2020-05-27 10:31:48','110.58.207.108','ffO77H5RpZJMLcMJWTaMdfTrQOnEZe1j1muYAIKx6gidHechePHDe9oUSvT809mj','2018-02-16 16:07:46','0000-00-00 00:00:00','2018-02-17 12:13:06',2,'2018-02-17 12:15:11','2020-04-22 00:37:23',3),(121,'Schornig','Petre','petre_schornig@outlook.com','0776-914-683','petre_schornig','parola',101,'2020-05-27 10:31:48','169.21.96.164','ffO77H5RpZJMLcMJWTaMdfTrQOnEZe1j1muYAIKx6gidHechePHDe9oUSvT809mj','2019-04-05 04:41:16','0000-00-00 00:00:00','2019-04-06 09:50:21',2,'2019-04-06 09:54:19','2020-05-18 02:42:51',3),(122,'Graur','Alexandra-Cristina','alexandra-cristina_graur@outlook.com','0782-274-255','alexandra-cristina_graur','parola',113,'2020-05-27 10:31:48','33.172.7.17','ffO77H5RpZJMLcMJWTaMdfTrQOnEZe1j1muYAIKx6gidHechePHDe9oUSvT809mj','2019-10-29 08:09:40','0000-00-00 00:00:00','2019-10-30 21:36:06',3,'2019-10-30 21:39:44','2020-03-28 07:28:47',3),(123,'Rudnitchi','Marian','marian.rudnitchi@gmail.com','0729-691-844','marian.rudnitchi','parola',113,'2020-05-27 10:31:48','64.17.142.156','ffO77H5RpZJMLcMJWTaMdfTrQOnEZe1j1muYAIKx6gidHechePHDe9oUSvT809mj','2019-04-10 11:51:07','0000-00-00 00:00:00','2019-04-10 15:33:00',3,'2019-04-10 15:35:16','2020-04-30 06:50:46',3),(124,'Anghel','Alin-Ilie','alin-ilie_anghel@aol.com','0777-973-061','alin-ilie_anghel','parola',75,'2020-05-27 10:31:48','104.48.180.251','ffO77H5RpZJMLcMJWTaMdfTrQOnEZe1j1muYAIKx6gidHechePHDe9oUSvT809mj','2018-10-21 19:53:11','0000-00-00 00:00:00','2018-10-21 22:00:21',2,'2018-10-21 22:02:46','2020-05-13 04:32:14',3),(125,'Ristea','Ioan Fanica','ioanfanica_ristea@gmail.com','0747-225-807','ioanfanica_ristea','parola',86,'2020-05-27 10:31:48','217.79.241.217','ffO77H5RpZJMLcMJWTaMdfTrQOnEZe1j1muYAIKx6gidHechePHDe9oUSvT809mj','2018-02-16 00:59:07','0000-00-00 00:00:00','2018-02-18 00:26:17',1,'2018-02-18 00:29:36','2020-04-08 18:53:41',3),(126,'Hiliti','Nicolae','nicolae.hiliti@protonmail.com','0771-756-806','nicolae.hiliti','parola',58,'2020-05-27 10:31:48','112.156.191.238','ffO77H5RpZJMLcMJWTaMdfTrQOnEZe1j1muYAIKx6gidHechePHDe9oUSvT809mj','2018-02-19 02:22:38','0000-00-00 00:00:00','2018-02-20 17:14:01',4,'2018-02-20 17:17:20','2020-05-11 13:29:02',3),(127,'Beizdadea','Cristiana','cristiana_beizdadea@outlook.com','0747-225-807','cristiana_beizdadea','parola',81,'2020-05-27 10:31:48','116.115.224.25','ffO77H5RpZJMLcMJWTaMdfTrQOnEZe1j1muYAIKx6gidHechePHDe9oUSvT809mj','2018-03-19 18:02:27','0000-00-00 00:00:00','2018-03-19 21:54:50',3,'2018-03-19 21:57:30','2020-04-04 06:30:43',3),(128,'Clitman','Jean','jeanclitman@protonmail.com','0768-088-243','jeanclitman','parola',83,'2020-05-27 10:31:48','202.183.59.244','ffO77H5RpZJMLcMJWTaMdfTrQOnEZe1j1muYAIKx6gidHechePHDe9oUSvT809mj','2018-07-31 20:10:53','0000-00-00 00:00:00','2018-08-02 18:55:38',4,'2018-08-02 18:58:59','2020-04-23 20:43:49',3),(129,'Tudorica','Crsitian','crsitian_tudorica@gmail.com','0783-386-503','crsitian_tudorica','parola',123,'2020-05-27 10:31:48','41.222.237.16','ffO77H5RpZJMLcMJWTaMdfTrQOnEZe1j1muYAIKx6gidHechePHDe9oUSvT809mj','2018-03-08 07:53:41','0000-00-00 00:00:00','2018-03-09 13:57:20',3,'2018-03-09 14:00:08','2020-05-21 01:49:49',3),(130,'Robu','Simona Cristina','simonacristina.robu@yahoo.com','0747-197-920','simonacristina.robu','parola',114,'2020-05-27 10:31:48','118.39.89.77','ffO77H5RpZJMLcMJWTaMdfTrQOnEZe1j1muYAIKx6gidHechePHDe9oUSvT809mj','2019-02-01 12:02:23','0000-00-00 00:00:00','2019-02-01 22:03:22',4,'2019-02-01 22:07:18','2020-04-06 14:44:18',3),(131,'Novac','Costel','costelnovac@aol.com','0785-296-686','costelnovac','parola',51,'2020-05-27 10:31:48','115.93.119.66','ffO77H5RpZJMLcMJWTaMdfTrQOnEZe1j1muYAIKx6gidHechePHDe9oUSvT809mj','2018-10-21 21:37:25','0000-00-00 00:00:00','2018-10-22 05:28:25',2,'2018-10-22 05:31:42','2020-04-07 00:49:22',3),(132,'Mihalea','Radu Florin','raduflorin_mihalea@yahoo.com','0726-213-820','raduflorin_mihalea','parola',66,'2020-05-27 10:31:48','220.152.98.33','ffO77H5RpZJMLcMJWTaMdfTrQOnEZe1j1muYAIKx6gidHechePHDe9oUSvT809mj','2018-09-08 09:06:34','0000-00-00 00:00:00','2018-09-08 18:15:37',1,'2018-09-08 18:18:14','2020-04-20 18:34:57',3),(133,'Verciuc','Nicu Adrian','nicuadrian_verciuc@aol.com','0749-084-509','nicuadrian_verciuc','parola',128,'2020-05-27 10:31:48','121.3.152.249','ffO77H5RpZJMLcMJWTaMdfTrQOnEZe1j1muYAIKx6gidHechePHDe9oUSvT809mj','2018-12-07 13:47:10','0000-00-00 00:00:00','2018-12-08 11:56:24',4,'2018-12-08 11:59:39','2020-04-27 08:09:33',3),(134,'Jianu','Stefan-Calin','stefan-calin_jianu@gmail.com','0774-034-320','stefan-calin_jianu','parola',90,'2020-05-27 10:31:48','38.189.81.88','ffO77H5RpZJMLcMJWTaMdfTrQOnEZe1j1muYAIKx6gidHechePHDe9oUSvT809mj','2018-07-12 02:42:41','0000-00-00 00:00:00','2018-07-13 13:58:44',1,'2018-07-13 14:01:08','2020-04-18 22:45:49',3),(135,'Nan','Tolontan','tolontan_nan@outlook.com','0721-212-883','tolontan_nan','parola',117,'2020-05-27 10:31:48','192.198.162.212','ffO77H5RpZJMLcMJWTaMdfTrQOnEZe1j1muYAIKx6gidHechePHDe9oUSvT809mj','2019-10-02 05:18:31','0000-00-00 00:00:00','2019-10-02 19:08:05',4,'2019-10-02 19:10:21','2020-04-18 04:01:27',3),(136,'Achim','Andrei Cosmin','andreicosmin.achim@gmail.com','0776-517-349','andreicosmin.achim','parola',67,'2020-05-27 10:31:48','74.234.197.30','ffO77H5RpZJMLcMJWTaMdfTrQOnEZe1j1muYAIKx6gidHechePHDe9oUSvT809mj','2019-02-05 03:31:10','0000-00-00 00:00:00','2019-02-05 14:47:51',1,'2019-02-05 14:49:58','2020-05-09 10:30:51',3),(137,'Ocica','Fecioru','fecioruocica@outlook.com','0779-326-592','fecioruocica','parola',136,'2020-05-27 10:31:48','59.201.76.27','ffO77H5RpZJMLcMJWTaMdfTrQOnEZe1j1muYAIKx6gidHechePHDe9oUSvT809mj','2018-02-23 10:46:50','0000-00-00 00:00:00','2018-02-24 01:38:31',4,'2018-02-24 01:42:19','2020-04-26 09:14:42',3),(138,'Tanvuia','Alexandru - Cristian','alexandru-cristiantanvuia@protonmail.com','0784-719-271','alexandru-cristiantanvuia','parola',126,'2020-05-27 10:31:48','154.189.231.86','ffO77H5RpZJMLcMJWTaMdfTrQOnEZe1j1muYAIKx6gidHechePHDe9oUSvT809mj','2019-05-13 04:27:15','0000-00-00 00:00:00','2019-05-14 20:52:41',2,'2019-05-14 20:55:23','2020-04-19 01:22:00',3),(139,'Feldman','Petre','petre_feldman@yahoo.com','0761-600-926','petre_feldman','parola',75,'2020-05-27 10:31:48','234.163.110.58','ffO77H5RpZJMLcMJWTaMdfTrQOnEZe1j1muYAIKx6gidHechePHDe9oUSvT809mj','2018-04-16 23:02:21','0000-00-00 00:00:00','2018-04-17 12:31:28',3,'2018-04-17 12:33:31','2020-04-21 13:46:54',3),(140,'Coman','Alexandru Alin','alexandrualin.coman@gmail.com','0739-391-269','alexandrualin.coman','parola',147,'2020-05-27 10:31:48','210.123.233.44','ffO77H5RpZJMLcMJWTaMdfTrQOnEZe1j1muYAIKx6gidHechePHDe9oUSvT809mj','2019-04-14 14:56:37','0000-00-00 00:00:00','2019-04-16 09:02:54',3,'2019-04-16 09:05:06','2020-03-26 06:31:26',3),(141,'Dumitrescu','Doirian','doiriandumitrescu@aol.com','0763-959-749','doiriandumitrescu','parola',59,'2020-05-27 10:31:48','21.223.50.80','ffO77H5RpZJMLcMJWTaMdfTrQOnEZe1j1muYAIKx6gidHechePHDe9oUSvT809mj','2019-06-20 14:42:38','0000-00-00 00:00:00','2019-06-21 16:43:42',1,'2019-06-21 16:46:31','2020-05-08 19:53:46',3),(142,'Stroilescu','Violeta Gabriela','violetagabrielastroilescu@protonmail.com','0738-325-676','violetagabrielastroilescu','parola',106,'2020-05-27 10:31:48','247.246.236.191','ffO77H5RpZJMLcMJWTaMdfTrQOnEZe1j1muYAIKx6gidHechePHDe9oUSvT809mj','2019-05-28 13:49:52','0000-00-00 00:00:00','2019-05-28 17:33:21',3,'2019-05-28 17:36:51','2020-05-01 03:41:11',3),(143,'Mihaita','Andreea-Oana','andreea-oanamihaita@outlook.com','0742-905-842','andreea-oanamihaita','parola',104,'2020-05-27 10:31:48','246.153.26.172','ffO77H5RpZJMLcMJWTaMdfTrQOnEZe1j1muYAIKx6gidHechePHDe9oUSvT809mj','2018-07-16 10:08:03','0000-00-00 00:00:00','2018-07-17 22:39:18',3,'2018-07-17 22:42:20','2020-05-14 17:25:39',3),(144,'Claudia','Florian-Cosmin','florian-cosminclaudia@gmail.com','0748-926-354','florian-cosminclaudia','parola',50,'2020-05-27 10:31:48','29.128.52.124','ffO77H5RpZJMLcMJWTaMdfTrQOnEZe1j1muYAIKx6gidHechePHDe9oUSvT809mj','2018-05-25 18:17:14','0000-00-00 00:00:00','2018-05-26 21:40:01',2,'2018-05-26 21:42:43','2020-04-13 20:49:30',3),(145,'Bulete','Bilc','bilcbulete@protonmail.com','0784-532-164','bilcbulete','parola',89,'2020-05-27 10:31:48','211.182.26.83','ffO77H5RpZJMLcMJWTaMdfTrQOnEZe1j1muYAIKx6gidHechePHDe9oUSvT809mj','2018-04-15 22:08:35','0000-00-00 00:00:00','2018-04-17 01:25:45',4,'2018-04-17 01:28:09','2020-04-01 11:29:43',3),(146,'Vladescu','Sorin Eugen','sorineugenvladescu@protonmail.com','0779-813-562','sorineugenvladescu','parola',146,'2020-05-27 10:31:48','83.167.82.158','ffO77H5RpZJMLcMJWTaMdfTrQOnEZe1j1muYAIKx6gidHechePHDe9oUSvT809mj','2018-03-02 16:57:49','0000-00-00 00:00:00','2018-03-02 23:12:18',4,'2018-03-02 23:16:13','2020-05-02 02:39:13',3),(147,'Bardan','Lutea','lutea.bardan@aol.com','0772-168-218','lutea.bardan','parola',112,'2020-05-27 10:31:48','43.239.63.97','ffO77H5RpZJMLcMJWTaMdfTrQOnEZe1j1muYAIKx6gidHechePHDe9oUSvT809mj','2019-11-21 03:29:57','0000-00-00 00:00:00','2019-11-23 00:47:55',4,'2019-11-23 00:50:19','2020-05-09 19:31:44',3),(148,'Dulea','Stefan Alexndru','stefanalexndru_dulea@protonmail.com','0783-728-496','stefanalexndru_dulea','parola',75,'2020-05-27 10:31:48','44.178.5.243','ffO77H5RpZJMLcMJWTaMdfTrQOnEZe1j1muYAIKx6gidHechePHDe9oUSvT809mj','2018-11-10 23:42:53','0000-00-00 00:00:00','2018-11-11 15:26:15',2,'2018-11-11 15:28:30','2020-05-17 07:23:56',3),(149,'Niculescu','Dan Constantin','danconstantinniculescu@outlook.com','0739-391-269','danconstantinniculescu','parola',89,'2020-05-27 10:31:48','195.245.140.214','ffO77H5RpZJMLcMJWTaMdfTrQOnEZe1j1muYAIKx6gidHechePHDe9oUSvT809mj','2018-07-22 21:11:10','0000-00-00 00:00:00','2018-07-24 11:51:07',4,'2018-07-24 11:53:12','2020-03-31 19:09:15',3),(150,'Slavic','Ciprian Costel','cipriancostel_slavic@gmail.com','0744-654-493','cipriancostel_slavic','parola',71,'2020-05-27 10:31:48','146.87.246.216','ffO77H5RpZJMLcMJWTaMdfTrQOnEZe1j1muYAIKx6gidHechePHDe9oUSvT809mj','2018-02-12 19:53:44','0000-00-00 00:00:00','2018-02-12 22:00:22',4,'2018-02-12 22:04:00','2020-05-20 03:09:51',3),(151,'Buia','Denisa-Elena','denisa-elenabuia@yahoo.com','0747-197-920','denisa-elenabuia','parola',137,'2020-05-27 10:31:48','93.62.33.225','ffO77H5RpZJMLcMJWTaMdfTrQOnEZe1j1muYAIKx6gidHechePHDe9oUSvT809mj','2018-11-02 21:01:46','0000-00-00 00:00:00','2018-11-04 11:32:07',4,'2018-11-04 11:36:04','2020-04-10 05:10:01',3),(152,'Caldararu','Ana Maria Alexandra','anamariaalexandra_caldararu@gmail.com','0739-391-269','anamariaalexandra_caldararu','parola',121,'2020-05-27 10:31:48','27.209.210.175','ffO77H5RpZJMLcMJWTaMdfTrQOnEZe1j1muYAIKx6gidHechePHDe9oUSvT809mj','2019-10-04 06:34:13','0000-00-00 00:00:00','2019-10-06 00:43:02',4,'2019-10-06 00:45:53','2020-04-27 20:57:52',3),(153,'Jarlaeanu','Aurel Mihai','aurelmihai_jarlaeanu@aol.com','0738-325-676','aurelmihai_jarlaeanu','parola',147,'2020-05-27 10:31:48','240.174.150.224','ffO77H5RpZJMLcMJWTaMdfTrQOnEZe1j1muYAIKx6gidHechePHDe9oUSvT809mj','2018-03-11 02:52:23','0000-00-00 00:00:00','2018-03-13 02:02:28',2,'2018-03-13 02:04:55','2020-05-23 07:02:12',3),(154,'Vascan','Adrian Dragos','adriandragos.vascan@aol.com','0776-525-846','adriandragos.vascan','parola',121,'2020-05-27 10:31:48','172.183.150.198','ffO77H5RpZJMLcMJWTaMdfTrQOnEZe1j1muYAIKx6gidHechePHDe9oUSvT809mj','2019-08-06 03:45:50','0000-00-00 00:00:00','2019-08-06 17:06:49',3,'2019-08-06 17:10:28','2020-04-05 16:03:59',3),(155,'Mateizer','Dragos Marian','dragosmarianmateizer@yahoo.com','0726-213-820','dragosmarianmateizer','parola',113,'2020-05-27 10:31:48','38.95.111.19','ffO77H5RpZJMLcMJWTaMdfTrQOnEZe1j1muYAIKx6gidHechePHDe9oUSvT809mj','2019-04-29 19:18:37','0000-00-00 00:00:00','2019-04-30 16:30:15',3,'2019-04-30 16:33:11','2020-03-26 15:50:41',3),(156,'Ciuchi','Snziana-Elena','snziana-elenaciuchi@yahoo.com','0723-136-085','snziana-elenaciuchi','parola',55,'2020-05-27 10:31:48','8.231.129.203','ffO77H5RpZJMLcMJWTaMdfTrQOnEZe1j1muYAIKx6gidHechePHDe9oUSvT809mj','2019-10-05 22:22:09','0000-00-00 00:00:00','2019-10-06 16:14:24',1,'2019-10-06 16:18:06','2020-04-27 14:40:35',3),(157,'Claudia','Necula','neculaclaudia@protonmail.com','0775-647-508','neculaclaudia','parola',85,'2020-05-27 10:31:48','125.15.199.197','ffO77H5RpZJMLcMJWTaMdfTrQOnEZe1j1muYAIKx6gidHechePHDe9oUSvT809mj','2018-10-01 15:01:31','0000-00-00 00:00:00','2018-10-02 16:44:54',2,'2018-10-02 16:48:39','2020-05-04 18:35:39',3),(158,'Gabriel','Liviu Daniel','liviudaniel_gabriel@gmail.com','0789-453-761','liviudaniel_gabriel','parola',110,'2020-05-27 10:31:48','139.101.86.127','ffO77H5RpZJMLcMJWTaMdfTrQOnEZe1j1muYAIKx6gidHechePHDe9oUSvT809mj','2018-05-20 17:07:44','0000-00-00 00:00:00','2018-05-21 20:04:53',2,'2018-05-21 20:08:30','2020-05-05 14:39:25',3),(159,'Mutulescu','Gabriela Violeta','gabrielavioleta_mutulescu@protonmail.com','0785-970-268','gabrielavioleta_mutulescu','parola',145,'2020-05-27 10:31:48','125.241.80.176','ffO77H5RpZJMLcMJWTaMdfTrQOnEZe1j1muYAIKx6gidHechePHDe9oUSvT809mj','2019-08-02 01:40:43','0000-00-00 00:00:00','2019-08-02 11:13:19',2,'2019-08-02 11:16:10','2020-04-18 07:13:04',3),(160,'Istudor','Nicusor-Dorinel','nicusor-dorinel.istudor@outlook.com','0778-289-838','nicusor-dorinel.istudor','parola',148,'2020-05-27 10:31:48','136.152.99.38','ffO77H5RpZJMLcMJWTaMdfTrQOnEZe1j1muYAIKx6gidHechePHDe9oUSvT809mj','2018-09-09 14:06:56','0000-00-00 00:00:00','2018-09-10 04:55:29',4,'2018-09-10 04:58:56','2020-05-20 23:46:14',3),(161,'Vladuta','Laura','lauravladuta@aol.com','0735-978-537','lauravladuta','parola',55,'2020-05-27 10:31:48','142.93.38.160','ffO77H5RpZJMLcMJWTaMdfTrQOnEZe1j1muYAIKx6gidHechePHDe9oUSvT809mj','2018-08-13 02:39:06','0000-00-00 00:00:00','2018-08-15 00:01:06',3,'2018-08-15 00:03:46','2020-04-22 20:58:38',3),(162,'Pandele','Daniel','danielpandele@outlook.com','0785-970-268','danielpandele','parola',80,'2020-05-27 10:31:48','184.190.147.160','ffO77H5RpZJMLcMJWTaMdfTrQOnEZe1j1muYAIKx6gidHechePHDe9oUSvT809mj','2018-12-03 04:01:19','0000-00-00 00:00:00','2018-12-04 18:22:39',1,'2018-12-04 18:25:39','2020-04-27 17:13:39',3),(163,'Mihalache','Andrei - Willi','andrei-willi_mihalache@yahoo.com','0731-619-609','andrei-willi_mihalache','parola',85,'2020-05-27 10:31:48','111.72.27.166','ffO77H5RpZJMLcMJWTaMdfTrQOnEZe1j1muYAIKx6gidHechePHDe9oUSvT809mj','2018-09-06 21:15:52','0000-00-00 00:00:00','2018-09-07 04:53:32',2,'2018-09-07 04:56:34','2020-04-14 12:55:14',3),(164,'Boca','Irina-Alexandra','irina-alexandra.boca@protonmail.com','0774-034-320','irina-alexandra.boca','parola',136,'2020-05-27 10:31:48','249.244.224.135','ffO77H5RpZJMLcMJWTaMdfTrQOnEZe1j1muYAIKx6gidHechePHDe9oUSvT809mj','2018-07-26 07:22:00','0000-00-00 00:00:00','2018-07-27 02:23:21',1,'2018-07-27 02:25:29','2020-03-25 23:36:15',3),(165,'Adochitei','Andreea-Elena','andreea-elena.adochitei@aol.com','0721-412-439','andreea-elena.adochitei','parola',77,'2020-05-27 10:31:48','2.102.251.201','ffO77H5RpZJMLcMJWTaMdfTrQOnEZe1j1muYAIKx6gidHechePHDe9oUSvT809mj','2018-09-13 06:08:58','0000-00-00 00:00:00','2018-09-14 06:19:45',4,'2018-09-14 06:23:23','2020-03-28 14:54:42',3),(166,'Dulgheru','Gabriel','gabriel.dulgheru@outlook.com','0781-191-793','gabriel.dulgheru','parola',125,'2020-05-27 10:31:48','248.136.184.9','ffO77H5RpZJMLcMJWTaMdfTrQOnEZe1j1muYAIKx6gidHechePHDe9oUSvT809mj','2019-09-20 17:45:26','0000-00-00 00:00:00','2019-09-21 09:32:16',2,'2019-09-21 09:35:59','2020-04-08 14:25:47',3),(167,'Stoleru','Aurel Florian','aurelflorianstoleru@yahoo.com','0730-244-883','aurelflorianstoleru','parola',145,'2020-05-27 10:31:48','244.190.218.20','ffO77H5RpZJMLcMJWTaMdfTrQOnEZe1j1muYAIKx6gidHechePHDe9oUSvT809mj','2018-06-03 07:26:49','0000-00-00 00:00:00','2018-06-03 13:45:41',4,'2018-06-03 13:49:22','2020-03-25 17:07:43',3),(168,'Bordea','Radu Florin','raduflorin_bordea@gmail.com','0773-208-281','raduflorin_bordea','parola',103,'2020-05-27 10:31:48','192.148.163.119','ffO77H5RpZJMLcMJWTaMdfTrQOnEZe1j1muYAIKx6gidHechePHDe9oUSvT809mj','2018-11-10 17:04:26','0000-00-00 00:00:00','2018-11-12 01:15:17',1,'2018-11-12 01:18:36','2020-04-14 02:00:26',3),(169,'Hozoc','Nicu Adrian','nicuadrianhozoc@protonmail.com','0749-084-509','nicuadrianhozoc','parola',128,'2020-05-27 10:31:48','107.175.52.233','ffO77H5RpZJMLcMJWTaMdfTrQOnEZe1j1muYAIKx6gidHechePHDe9oUSvT809mj','2018-12-16 00:08:17','0000-00-00 00:00:00','2018-12-17 22:02:57',1,'2018-12-17 22:06:30','2020-04-30 20:21:57',3),(170,'Acatrinei','Monica','monica_acatrinei@protonmail.com','0731-836-366','monica_acatrinei','parola',83,'2020-05-27 10:31:48','8.91.179.121','ffO77H5RpZJMLcMJWTaMdfTrQOnEZe1j1muYAIKx6gidHechePHDe9oUSvT809mj','2018-02-14 06:34:40','0000-00-00 00:00:00','2018-02-15 19:32:27',4,'2018-02-15 19:36:15','2020-03-26 16:33:12',3),(171,'Voiteanu','Cosmin - Cristian','cosmin-cristianvoiteanu@protonmail.com','0743-586-713','cosmin-cristianvoiteanu','parola',80,'2020-05-27 10:31:48','67.221.151.92','ffO77H5RpZJMLcMJWTaMdfTrQOnEZe1j1muYAIKx6gidHechePHDe9oUSvT809mj','2019-08-28 17:35:08','0000-00-00 00:00:00','2019-08-30 16:37:03',2,'2019-08-30 16:39:25','2020-04-13 02:17:25',3),(172,'Gherman','Alina Elena','alinaelena.gherman@protonmail.com','0767-425-358','alinaelena.gherman','parola',101,'2020-05-27 10:31:48','6.250.230.151','ffO77H5RpZJMLcMJWTaMdfTrQOnEZe1j1muYAIKx6gidHechePHDe9oUSvT809mj','2019-11-03 05:18:12','0000-00-00 00:00:00','2019-11-04 09:31:25',2,'2019-11-04 09:33:50','2020-04-22 23:30:26',3),(173,'Campian','Bogdan Adrian','bogdanadrian_campian@protonmail.com','0747-193-575','bogdanadrian_campian','parola',117,'2020-05-27 10:31:48','64.115.133.67','ffO77H5RpZJMLcMJWTaMdfTrQOnEZe1j1muYAIKx6gidHechePHDe9oUSvT809mj','2018-02-22 06:52:14','0000-00-00 00:00:00','2018-02-24 06:49:35',2,'2018-02-24 06:52:36','2020-04-20 04:22:50',3),(174,'Handra','Aurelian-Stefan','aurelian-stefanhandra@yahoo.com','0766-066-516','aurelian-stefanhandra','parola',131,'2020-05-27 10:31:48','186.226.71.176','ffO77H5RpZJMLcMJWTaMdfTrQOnEZe1j1muYAIKx6gidHechePHDe9oUSvT809mj','2019-02-13 03:33:09','0000-00-00 00:00:00','2019-02-13 14:37:15',4,'2019-02-13 14:41:03','2020-05-07 10:03:53',3),(175,'Virgolici','Boby','boby_virgolici@outlook.com','0748-121-492','boby_virgolici','parola',56,'2020-05-27 10:31:48','166.51.5.120','ffO77H5RpZJMLcMJWTaMdfTrQOnEZe1j1muYAIKx6gidHechePHDe9oUSvT809mj','2019-01-30 06:15:39','0000-00-00 00:00:00','2019-01-30 13:41:08',1,'2019-01-30 13:43:08','2020-04-10 05:55:42',3),(176,'Branza','Adrian Teodor','adrianteodor_branza@outlook.com','0721-412-439','adrianteodor_branza','parola',137,'2020-05-27 10:31:48','84.58.37.9','ffO77H5RpZJMLcMJWTaMdfTrQOnEZe1j1muYAIKx6gidHechePHDe9oUSvT809mj','2019-12-19 05:45:21','0000-00-00 00:00:00','2019-12-19 09:37:29',3,'2019-12-19 09:40:06','2020-04-05 07:06:02',3),(177,'Niculescu','Laura Florina','lauraflorina.niculescu@gmail.com','0774-144-697','lauraflorina.niculescu','parola',68,'2020-05-27 10:31:48','184.139.141.37','ffO77H5RpZJMLcMJWTaMdfTrQOnEZe1j1muYAIKx6gidHechePHDe9oUSvT809mj','2018-07-03 19:06:25','0000-00-00 00:00:00','2018-07-05 16:07:39',1,'2018-07-05 16:10:43','2020-04-01 04:24:07',3),(178,'Bica','Vasile Andrei','vasileandreibica@aol.com','0721-010-773','vasileandreibica','parola',80,'2020-05-27 10:31:48','9.184.143.160','ffO77H5RpZJMLcMJWTaMdfTrQOnEZe1j1muYAIKx6gidHechePHDe9oUSvT809mj','2018-07-17 15:22:37','0000-00-00 00:00:00','2018-07-18 12:49:22',4,'2018-07-18 12:52:51','2020-03-26 11:23:29',3),(179,'Licu','Adrian Ionu','adrianionu_licu@gmail.com','0739-391-269','adrianionu_licu','parola',146,'2020-05-27 10:31:48','118.111.200.166','ffO77H5RpZJMLcMJWTaMdfTrQOnEZe1j1muYAIKx6gidHechePHDe9oUSvT809mj','2019-02-12 04:40:26','0000-00-00 00:00:00','2019-02-13 00:47:31',3,'2019-02-13 00:49:44','2020-05-10 03:24:13',3),(180,'Vutan','Sandrino-Gabriel','sandrino-gabriel.vutan@outlook.com','0735-032-934','sandrino-gabriel.vutan','parola',141,'2020-05-27 10:31:48','229.143.28.208','ffO77H5RpZJMLcMJWTaMdfTrQOnEZe1j1muYAIKx6gidHechePHDe9oUSvT809mj','2019-11-15 10:20:53','0000-00-00 00:00:00','2019-11-16 22:33:03',4,'2019-11-16 22:35:42','2020-05-07 02:37:19',3),(181,'Lichiardopol','Alexandru Ctlin','alexandructlin_lichiardopol@outlook.com','0763-884-434','alexandructlin_lichiardopol','parola',116,'2020-05-27 10:31:48','206.152.144.10','ffO77H5RpZJMLcMJWTaMdfTrQOnEZe1j1muYAIKx6gidHechePHDe9oUSvT809mj','2019-12-07 22:49:42','0000-00-00 00:00:00','2019-12-08 23:26:18',1,'2019-12-08 23:28:53','2020-04-09 16:36:50',3),(182,'Constandache','Georgian-Marian','georgian-marianconstandache@outlook.com','0781-217-542','georgian-marianconstandache','parola',109,'2020-05-27 10:31:48','116.50.150.100','ffO77H5RpZJMLcMJWTaMdfTrQOnEZe1j1muYAIKx6gidHechePHDe9oUSvT809mj','2019-12-21 20:12:28','0000-00-00 00:00:00','2019-12-22 10:35:56',3,'2019-12-22 10:38:55','2020-04-03 10:51:24',3),(183,'Chihaia','Cornelia','cornelia.chihaia@gmail.com','0721-298-095','cornelia.chihaia','parola',148,'2020-05-27 10:31:48','48.190.52.191','ffO77H5RpZJMLcMJWTaMdfTrQOnEZe1j1muYAIKx6gidHechePHDe9oUSvT809mj','2019-12-23 17:39:51','0000-00-00 00:00:00','2019-12-25 15:44:26',3,'2019-12-25 15:47:37','2020-05-24 12:05:42',3),(184,'Aciu','Stefan-Daniel','stefan-danielaciu@aol.com','0723-136-085','stefan-danielaciu','parola',62,'2020-05-27 10:31:48','45.150.114.120','ffO77H5RpZJMLcMJWTaMdfTrQOnEZe1j1muYAIKx6gidHechePHDe9oUSvT809mj','2019-11-21 12:48:23','0000-00-00 00:00:00','2019-11-23 07:57:54',2,'2019-11-23 08:00:51','2020-04-24 02:42:45',3),(185,'Lentoiu','Panait','panaitlentoiu@yahoo.com','0788-193-367','panaitlentoiu','parola',115,'2020-05-27 10:31:48','4.160.38.205','ffO77H5RpZJMLcMJWTaMdfTrQOnEZe1j1muYAIKx6gidHechePHDe9oUSvT809mj','2019-06-07 20:08:59','0000-00-00 00:00:00','2019-06-09 01:39:49',4,'2019-06-09 01:43:01','2020-04-23 08:55:50',3),(186,'Zoltan','Anca-Andreea','anca-andreea_zoltan@yahoo.com','0729-969-565','anca-andreea_zoltan','parola',141,'2020-05-27 10:31:48','163.198.249.150','ffO77H5RpZJMLcMJWTaMdfTrQOnEZe1j1muYAIKx6gidHechePHDe9oUSvT809mj','2019-05-31 23:26:21','0000-00-00 00:00:00','2019-06-01 17:29:01',1,'2019-06-01 17:32:12','2020-05-19 23:12:00',3),(187,'Ceausu','Malina','malina.ceausu@protonmail.com','0735-978-537','malina.ceausu','parola',112,'2020-05-27 10:31:48','3.63.54.81','ffO77H5RpZJMLcMJWTaMdfTrQOnEZe1j1muYAIKx6gidHechePHDe9oUSvT809mj','2018-09-09 17:51:26','0000-00-00 00:00:00','2018-09-09 19:29:14',3,'2018-09-09 19:31:32','2020-04-02 12:59:05',3),(188,'Placinta','Asandei','asandeiplacinta@aol.com','0788-599-870','asandeiplacinta','parola',88,'2020-05-27 10:31:48','240.207.62.187','ffO77H5RpZJMLcMJWTaMdfTrQOnEZe1j1muYAIKx6gidHechePHDe9oUSvT809mj','2019-02-16 04:04:40','0000-00-00 00:00:00','2019-02-16 06:02:39',3,'2019-02-16 06:06:37','2020-05-20 20:54:53',3),(189,'Cirstea','Dragos-Ionu','dragos-ionu.cirstea@protonmail.com','0784-532-164','dragos-ionu.cirstea','parola',54,'2020-05-27 10:31:48','249.182.163.17','ffO77H5RpZJMLcMJWTaMdfTrQOnEZe1j1muYAIKx6gidHechePHDe9oUSvT809mj','2019-06-25 23:55:36','0000-00-00 00:00:00','2019-06-26 04:49:10',3,'2019-06-26 04:52:06','2020-04-08 16:25:41',3),(190,'Stumbea','Cristian Andrei','cristianandrei.stumbea@aol.com','0785-296-686','cristianandrei.stumbea','parola',57,'2020-05-27 10:31:48','95.172.75.106','ffO77H5RpZJMLcMJWTaMdfTrQOnEZe1j1muYAIKx6gidHechePHDe9oUSvT809mj','2019-12-13 20:30:37','0000-00-00 00:00:00','2019-12-14 15:01:31',4,'2019-12-14 15:04:16','2020-04-18 00:01:03',3),(191,'Ionut','Viorel','viorel_ionut@protonmail.com','0735-978-537','viorel_ionut','parola',71,'2020-05-27 10:31:48','54.199.83.67','ffO77H5RpZJMLcMJWTaMdfTrQOnEZe1j1muYAIKx6gidHechePHDe9oUSvT809mj','2019-03-23 15:52:52','0000-00-00 00:00:00','2019-03-24 21:43:38',4,'2019-03-24 21:46:37','2020-04-08 12:31:08',3),(192,'Ganga','Nistor','nistor.ganga@protonmail.com','0720-448-277','nistor.ganga','parola',136,'2020-05-27 10:31:48','84.216.76.230','ffO77H5RpZJMLcMJWTaMdfTrQOnEZe1j1muYAIKx6gidHechePHDe9oUSvT809mj','2018-03-10 02:59:06','0000-00-00 00:00:00','2018-03-12 00:37:17',4,'2018-03-12 00:39:59','2020-05-24 22:11:42',3),(193,'Magla','Cristina Elena','cristinaelenamagla@gmail.com','0729-969-565','cristinaelenamagla','parola',115,'2020-05-27 10:31:48','171.164.56.36','ffO77H5RpZJMLcMJWTaMdfTrQOnEZe1j1muYAIKx6gidHechePHDe9oUSvT809mj','2019-03-08 00:23:27','0000-00-00 00:00:00','2019-03-09 18:59:05',1,'2019-03-09 19:01:37','2020-04-11 00:13:34',3),(194,'Joian','Alexandra - Corina','alexandra-corina.joian@outlook.com','0778-190-570','alexandra-corina.joian','parola',121,'2020-05-27 10:31:48','12.201.216.225','ffO77H5RpZJMLcMJWTaMdfTrQOnEZe1j1muYAIKx6gidHechePHDe9oUSvT809mj','2019-04-07 02:06:35','0000-00-00 00:00:00','2019-04-08 06:07:13',1,'2019-04-08 06:09:48','2020-04-17 11:10:02',3),(195,'Slavic','Violeta Gabriela','violetagabriela_slavic@gmail.com','0776-517-349','violetagabriela_slavic','parola',108,'2020-05-27 10:31:48','224.196.57.195','ffO77H5RpZJMLcMJWTaMdfTrQOnEZe1j1muYAIKx6gidHechePHDe9oUSvT809mj','2018-09-10 18:29:10','0000-00-00 00:00:00','2018-09-11 06:42:26',4,'2018-09-11 06:45:47','2020-03-29 20:52:24',3),(196,'Siminoc','Cosmin-Ioan','cosmin-ioan_siminoc@gmail.com','0785-296-686','cosmin-ioan_siminoc','parola',126,'2020-05-27 10:31:48','52.176.219.69','ffO77H5RpZJMLcMJWTaMdfTrQOnEZe1j1muYAIKx6gidHechePHDe9oUSvT809mj','2019-08-04 23:12:39','0000-00-00 00:00:00','2019-08-06 00:14:03',3,'2019-08-06 00:17:03','2020-04-08 06:31:04',3),(197,'Birgaoanu-Acaei','Luigi','luigi_birgaoanu-acaei@protonmail.com','0782-274-255','luigi_birgaoanu-acaei','parola',59,'2020-05-27 10:31:48','183.209.242.83','ffO77H5RpZJMLcMJWTaMdfTrQOnEZe1j1muYAIKx6gidHechePHDe9oUSvT809mj','2019-10-19 21:42:21','0000-00-00 00:00:00','2019-10-21 14:06:36',4,'2019-10-21 14:09:35','2020-05-20 04:39:10',3),(198,'Pantea','Panait','panait.pantea@yahoo.com','0774-128-523','panait.pantea','parola',68,'2020-05-27 10:31:48','185.178.83.130','ffO77H5RpZJMLcMJWTaMdfTrQOnEZe1j1muYAIKx6gidHechePHDe9oUSvT809mj','2018-02-22 00:00:24','0000-00-00 00:00:00','2018-02-23 06:54:28',4,'2018-02-23 06:58:20','2020-05-18 23:29:16',3),(199,'Ionut','Crintea','crinteaionut@outlook.com','0772-000-669','crinteaionut','parola',114,'2020-05-27 10:31:48','148.99.48.192','ffO77H5RpZJMLcMJWTaMdfTrQOnEZe1j1muYAIKx6gidHechePHDe9oUSvT809mj','2019-03-26 16:01:32','0000-00-00 00:00:00','2019-03-28 01:16:08',4,'2019-03-28 01:18:35','2020-05-08 21:11:44',3),(200,'Balasel','Radu-Virgil','radu-virgilbalasel@protonmail.com','0789-699-177','radu-virgilbalasel','parola',115,'2020-05-27 10:31:48','63.240.10.77','ffO77H5RpZJMLcMJWTaMdfTrQOnEZe1j1muYAIKx6gidHechePHDe9oUSvT809mj','2019-08-26 17:13:05','0000-00-00 00:00:00','2019-08-27 18:40:55',1,'2019-08-27 18:43:33','2020-05-22 22:11:53',3),(201,'Patrascu','Razvan-Eugen','razvan-eugen.patrascu@protonmail.com','0775-908-247','razvan-eugen.patrascu','parola',83,'2020-05-27 10:31:48','102.28.85.86','ffO77H5RpZJMLcMJWTaMdfTrQOnEZe1j1muYAIKx6gidHechePHDe9oUSvT809mj','2018-06-24 23:07:24','0000-00-00 00:00:00','2018-06-26 02:39:43',2,'2018-06-26 02:43:32','2020-05-01 16:08:59',3),(202,'Calugaru','Daniel - Claudiu','daniel-claudiucalugaru@outlook.com','0788-193-367','daniel-claudiucalugaru','parola',122,'2020-05-27 10:31:48','176.120.72.247','ffO77H5RpZJMLcMJWTaMdfTrQOnEZe1j1muYAIKx6gidHechePHDe9oUSvT809mj','2019-05-13 01:04:20','0000-00-00 00:00:00','2019-05-13 14:19:26',1,'2019-05-13 14:22:39','2020-04-05 00:50:21',3),(203,'Pacurar','Bogdan-Leonard','bogdan-leonardpacurar@yahoo.com','0739-391-269','bogdan-leonardpacurar','parola',109,'2020-05-27 10:31:48','19.102.203.207','ffO77H5RpZJMLcMJWTaMdfTrQOnEZe1j1muYAIKx6gidHechePHDe9oUSvT809mj','2019-04-16 17:06:03','0000-00-00 00:00:00','2019-04-18 00:41:36',3,'2019-04-18 00:44:14','2020-03-27 11:23:58',3),(204,'Cirstea','Mara Elena','maraelenacirstea@yahoo.com','0725-244-841','maraelenacirstea','parola',130,'2020-05-27 10:31:48','174.249.221.108','ffO77H5RpZJMLcMJWTaMdfTrQOnEZe1j1muYAIKx6gidHechePHDe9oUSvT809mj','2018-04-13 19:23:51','0000-00-00 00:00:00','2018-04-14 17:33:17',1,'2018-04-14 17:36:48','2020-05-03 14:07:57',3),(205,'Cernica','Vlad George','vladgeorge_cernica@protonmail.com','0747-193-575','vladgeorge_cernica','parola',75,'2020-05-27 10:31:48','124.45.99.112','ffO77H5RpZJMLcMJWTaMdfTrQOnEZe1j1muYAIKx6gidHechePHDe9oUSvT809mj','2019-06-17 06:47:41','0000-00-00 00:00:00','2019-06-17 22:45:15',1,'2019-06-17 22:48:59','2020-04-01 08:14:29',3),(206,'Antal','Serghei','serghei_antal@aol.com','0730-244-883','serghei_antal','parola',134,'2020-05-27 10:31:48','11.216.45.76','ffO77H5RpZJMLcMJWTaMdfTrQOnEZe1j1muYAIKx6gidHechePHDe9oUSvT809mj','2018-05-14 08:53:26','0000-00-00 00:00:00','2018-05-14 22:09:58',4,'2018-05-14 22:12:02','2020-05-03 03:25:51',3),(207,'Radulescu-Stinga','Valentin Cosmin','valentincosmin_radulescu-stinga@aol.com','0779-484-246','valentincosmin_radulescu-stinga','parola',94,'2020-05-27 10:31:48','243.235.197.27','ffO77H5RpZJMLcMJWTaMdfTrQOnEZe1j1muYAIKx6gidHechePHDe9oUSvT809mj','2019-05-16 09:10:44','0000-00-00 00:00:00','2019-05-17 03:37:44',3,'2019-05-17 03:40:53','2020-05-15 09:10:36',3),(208,'Bradeanu','Garbia','garbiabradeanu@aol.com','0725-991-017','garbiabradeanu','parola',121,'2020-05-27 10:31:48','44.135.43.58','ffO77H5RpZJMLcMJWTaMdfTrQOnEZe1j1muYAIKx6gidHechePHDe9oUSvT809mj','2019-09-05 04:19:59','0000-00-00 00:00:00','2019-09-05 08:42:23',1,'2019-09-05 08:45:58','2020-04-11 04:20:13',3),(209,'Baltatescu','Nicolae Robert','nicolaerobertbaltatescu@yahoo.com','0785-970-268','nicolaerobertbaltatescu','parola',74,'2020-05-27 10:31:48','162.132.171.211','ffO77H5RpZJMLcMJWTaMdfTrQOnEZe1j1muYAIKx6gidHechePHDe9oUSvT809mj','2018-03-12 03:14:17','0000-00-00 00:00:00','2018-03-12 17:42:17',1,'2018-03-12 17:44:45','2020-05-16 22:46:35',3),(210,'Hanches','Crsitian','crsitianhanches@yahoo.com','0778-190-570','crsitianhanches','parola',57,'2020-05-27 10:31:48','37.52.148.80','ffO77H5RpZJMLcMJWTaMdfTrQOnEZe1j1muYAIKx6gidHechePHDe9oUSvT809mj','2019-11-06 12:18:05','0000-00-00 00:00:00','2019-11-06 23:27:54',2,'2019-11-06 23:31:28','2020-04-24 00:38:56',3),(211,'Corodeanu','Mircea Alexandru','mirceaalexandru.corodeanu@yahoo.com','0761-418-828','mirceaalexandru.corodeanu','parola',115,'2020-05-27 10:31:48','208.47.108.150','ffO77H5RpZJMLcMJWTaMdfTrQOnEZe1j1muYAIKx6gidHechePHDe9oUSvT809mj','2018-08-01 12:54:09','0000-00-00 00:00:00','2018-08-02 01:16:14',2,'2018-08-02 01:18:40','2020-05-15 14:34:06',3),(212,'Gabriel Mihai','Vasile-Alexandru','vasile-alexandru_gabriel mihai@protonmail.com','0723-194-510','vasile-alexandru_gabriel mihai','parola',54,'2020-05-27 10:31:48','174.169.70.92','ffO77H5RpZJMLcMJWTaMdfTrQOnEZe1j1muYAIKx6gidHechePHDe9oUSvT809mj','2019-04-15 12:43:05','0000-00-00 00:00:00','2019-04-16 17:01:04',4,'2019-04-16 17:04:34','2020-05-09 15:38:27',3),(213,'Marinache','Mihai Florian','mihaiflorian_marinache@aol.com','0772-000-669','mihaiflorian_marinache','parola',76,'2020-05-27 10:31:48','249.218.92.54','ffO77H5RpZJMLcMJWTaMdfTrQOnEZe1j1muYAIKx6gidHechePHDe9oUSvT809mj','2018-08-09 09:59:35','0000-00-00 00:00:00','2018-08-09 18:20:16',3,'2018-08-09 18:22:30','2020-04-06 00:12:51',3),(214,'Giaba','Sergiu Ctlin','sergiuctlin.giaba@aol.com','0742-905-842','sergiuctlin.giaba','parola',69,'2020-05-27 10:31:48','243.51.25.220','ffO77H5RpZJMLcMJWTaMdfTrQOnEZe1j1muYAIKx6gidHechePHDe9oUSvT809mj','2019-01-29 20:55:15','0000-00-00 00:00:00','2019-01-30 01:41:42',3,'2019-01-30 01:44:20','2020-05-08 06:46:14',3),(215,'Nena','Irina Laura','irinalaura.nena@protonmail.com','0727-523-144','irinalaura.nena','parola',69,'2020-05-27 10:31:48','23.202.192.104','ffO77H5RpZJMLcMJWTaMdfTrQOnEZe1j1muYAIKx6gidHechePHDe9oUSvT809mj','2019-07-03 11:44:04','0000-00-00 00:00:00','2019-07-05 10:31:17',1,'2019-07-05 10:33:45','2020-03-27 04:59:16',3),(216,'Lixandru','Paul - Vlad','paul-vlad.lixandru@yahoo.com','0744-006-005','paul-vlad.lixandru','parola',86,'2020-05-27 10:31:48','189.135.104.112','ffO77H5RpZJMLcMJWTaMdfTrQOnEZe1j1muYAIKx6gidHechePHDe9oUSvT809mj','2018-03-13 05:01:12','0000-00-00 00:00:00','2018-03-14 08:34:58',2,'2018-03-14 08:37:27','2020-05-24 06:13:04',3),(217,'Sipu','Luiza','luiza_sipu@aol.com','0774-128-523','luiza_sipu','parola',72,'2020-05-27 10:31:48','248.154.22.149','ffO77H5RpZJMLcMJWTaMdfTrQOnEZe1j1muYAIKx6gidHechePHDe9oUSvT809mj','2018-05-21 23:00:23','0000-00-00 00:00:00','2018-05-23 20:24:32',1,'2018-05-23 20:27:34','2020-05-14 14:56:00',3),(218,'Poncea','Sergiu','sergiu_poncea@outlook.com','0773-094-520','sergiu_poncea','parola',56,'2020-05-27 10:31:48','175.180.120.61','ffO77H5RpZJMLcMJWTaMdfTrQOnEZe1j1muYAIKx6gidHechePHDe9oUSvT809mj','2019-04-07 13:04:52','0000-00-00 00:00:00','2019-04-07 13:21:20',3,'2019-04-07 13:25:01','2020-04-04 21:43:46',3),(219,'Udubasa','Cristian Ioan','cristianioan.udubasa@aol.com','0747-193-575','cristianioan.udubasa','parola',112,'2020-05-27 10:31:48','192.24.44.146','ffO77H5RpZJMLcMJWTaMdfTrQOnEZe1j1muYAIKx6gidHechePHDe9oUSvT809mj','2019-01-31 05:29:50','0000-00-00 00:00:00','2019-01-31 14:36:42',4,'2019-01-31 14:40:00','2020-04-17 20:28:05',3),(220,'Minich','Alexandru Vlad','alexandruvlad_minich@gmail.com','0721-674-489','alexandruvlad_minich','parola',145,'2020-05-27 10:31:48','97.44.179.13','ffO77H5RpZJMLcMJWTaMdfTrQOnEZe1j1muYAIKx6gidHechePHDe9oUSvT809mj','2019-07-16 21:21:06','0000-00-00 00:00:00','2019-07-18 18:03:04',1,'2019-07-18 18:06:35','2020-04-19 02:52:01',3),(221,'Fetic','Alexandra Florina','alexandraflorina_fetic@gmail.com','0782-274-255','alexandraflorina_fetic','parola',136,'2020-05-27 10:31:48','23.78.66.97','ffO77H5RpZJMLcMJWTaMdfTrQOnEZe1j1muYAIKx6gidHechePHDe9oUSvT809mj','2018-05-15 03:22:37','0000-00-00 00:00:00','2018-05-15 07:28:50',2,'2018-05-15 07:32:30','2020-05-17 11:36:55',3),(222,'Drogeanu','Violeta Gabriela','violetagabriela_drogeanu@gmail.com','0776-525-846','violetagabriela_drogeanu','parola',98,'2020-05-27 10:31:48','34.130.46.86','ffO77H5RpZJMLcMJWTaMdfTrQOnEZe1j1muYAIKx6gidHechePHDe9oUSvT809mj','2019-02-20 09:56:21','0000-00-00 00:00:00','2019-02-21 16:18:32',1,'2019-02-21 16:22:18','2020-04-02 21:15:11',3),(223,'Babiciu','Mihai-Daniel','mihai-daniel.babiciu@protonmail.com','0721-212-883','mihai-daniel.babiciu','parola',133,'2020-05-27 10:31:48','43.205.144.103','ffO77H5RpZJMLcMJWTaMdfTrQOnEZe1j1muYAIKx6gidHechePHDe9oUSvT809mj','2018-07-05 00:40:31','0000-00-00 00:00:00','2018-07-06 20:09:47',1,'2018-07-06 20:13:39','2020-03-30 04:02:27',3),(224,'Ceica','Bogdan-Daniel','bogdan-daniel_ceica@outlook.com','0737-702-812','bogdan-daniel_ceica','parola',121,'2020-05-27 10:31:48','81.94.226.99','ffO77H5RpZJMLcMJWTaMdfTrQOnEZe1j1muYAIKx6gidHechePHDe9oUSvT809mj','2019-01-15 06:40:06','0000-00-00 00:00:00','2019-01-16 12:56:53',3,'2019-01-16 12:58:56','2020-05-23 12:05:52',3),(225,'Domsa','Livius','livius_domsa@outlook.com','0725-244-841','livius_domsa','parola',54,'2020-05-27 10:31:48','63.18.151.197','ffO77H5RpZJMLcMJWTaMdfTrQOnEZe1j1muYAIKx6gidHechePHDe9oUSvT809mj','2019-08-05 16:25:34','0000-00-00 00:00:00','2019-08-06 13:18:41',4,'2019-08-06 13:21:22','2020-05-01 23:10:29',3),(226,'Inscriere','Ionelia Iuliana','ioneliaiuliana.inscriere@yahoo.com','0760-751-657','ioneliaiuliana.inscriere','parola',61,'2020-05-27 10:31:48','31.61.211.122','ffO77H5RpZJMLcMJWTaMdfTrQOnEZe1j1muYAIKx6gidHechePHDe9oUSvT809mj','2018-10-08 23:14:05','0000-00-00 00:00:00','2018-10-09 12:46:22',4,'2018-10-09 12:49:35','2020-04-04 18:15:52',3),(227,'Surdu','Alexandru Ovidiu ','alexandruovidiu.surdu@aol.com','0721-212-883','alexandruovidiu.surdu','parola',92,'2020-05-27 10:31:48','226.11.126.97','ffO77H5RpZJMLcMJWTaMdfTrQOnEZe1j1muYAIKx6gidHechePHDe9oUSvT809mj','2018-12-27 04:00:19','0000-00-00 00:00:00','2018-12-27 08:59:23',3,'2018-12-27 09:01:27','2020-05-25 02:25:11',3),(228,'Biter','Denisa-Elena','denisa-elena_biter@outlook.com','0737-702-812','denisa-elena_biter','parola',128,'2020-05-27 10:31:48','104.226.69.163','ffO77H5RpZJMLcMJWTaMdfTrQOnEZe1j1muYAIKx6gidHechePHDe9oUSvT809mj','2018-07-18 07:25:55','0000-00-00 00:00:00','2018-07-19 15:41:22',4,'2018-07-19 15:44:05','2020-04-23 04:06:51',3),(229,'Mazalu','Doirian','doirian_mazalu@yahoo.com','0739-391-269','doirian_mazalu','parola',112,'2020-05-27 10:31:48','109.52.181.249','ffO77H5RpZJMLcMJWTaMdfTrQOnEZe1j1muYAIKx6gidHechePHDe9oUSvT809mj','2019-09-04 10:15:13','0000-00-00 00:00:00','2019-09-04 12:32:19',3,'2019-09-04 12:35:41','2020-04-16 20:57:50',3),(230,'Caba ','Ioan','ioancaba @aol.com','0725-821-878','ioancaba ','parola',130,'2020-05-27 10:31:48','199.247.137.193','ffO77H5RpZJMLcMJWTaMdfTrQOnEZe1j1muYAIKx6gidHechePHDe9oUSvT809mj','2018-08-31 14:04:56','0000-00-00 00:00:00','2018-09-01 00:41:05',4,'2018-09-01 00:43:48','2020-04-20 07:09:38',3),(231,'Verciuc','Lori','lori_verciuc@yahoo.com','0729-691-844','lori_verciuc','parola',63,'2020-05-27 10:31:48','51.173.214.46','ffO77H5RpZJMLcMJWTaMdfTrQOnEZe1j1muYAIKx6gidHechePHDe9oUSvT809mj','2018-03-21 00:45:36','0000-00-00 00:00:00','2018-03-22 22:52:01',4,'2018-03-22 22:55:31','2020-03-26 10:37:38',3),(232,'Buia','Bianca','biancabuia@aol.com','0720-448-277','biancabuia','parola',75,'2020-05-27 10:31:48','90.57.16.157','ffO77H5RpZJMLcMJWTaMdfTrQOnEZe1j1muYAIKx6gidHechePHDe9oUSvT809mj','2019-01-03 18:39:46','0000-00-00 00:00:00','2019-01-04 01:20:27',2,'2019-01-04 01:23:47','2020-05-13 12:16:33',3),(233,'Dulharu','De Test','detest.dulharu@outlook.com','0789-453-761','detest.dulharu','parola',138,'2020-05-27 10:31:48','234.197.32.67','ffO77H5RpZJMLcMJWTaMdfTrQOnEZe1j1muYAIKx6gidHechePHDe9oUSvT809mj','2018-04-23 04:08:38','0000-00-00 00:00:00','2018-04-24 19:09:50',1,'2018-04-24 19:12:02','2020-05-24 01:16:28',3),(234,'Manailescu','Mihail Bogdan','mihailbogdan.manailescu@outlook.com','0776-676-886','mihailbogdan.manailescu','parola',114,'2020-05-27 10:31:48','237.232.200.52','ffO77H5RpZJMLcMJWTaMdfTrQOnEZe1j1muYAIKx6gidHechePHDe9oUSvT809mj','2018-06-07 21:50:29','0000-00-00 00:00:00','2018-06-09 04:51:23',4,'2018-06-09 04:54:23','2020-04-23 10:17:30',3),(235,'Ciprian','Paula','paula.ciprian@protonmail.com','0778-289-838','paula.ciprian','parola',109,'2020-05-27 10:31:48','159.136.202.101','ffO77H5RpZJMLcMJWTaMdfTrQOnEZe1j1muYAIKx6gidHechePHDe9oUSvT809mj','2019-02-28 09:53:05','0000-00-00 00:00:00','2019-03-01 23:51:01',1,'2019-03-01 23:53:25','2020-04-21 07:17:14',3),(236,'Ivascu','Ioana-Lorina','ioana-lorinaivascu@protonmail.com','0761-600-926','ioana-lorinaivascu','parola',51,'2020-05-27 10:31:48','149.189.246.162','ffO77H5RpZJMLcMJWTaMdfTrQOnEZe1j1muYAIKx6gidHechePHDe9oUSvT809mj','2018-06-03 17:00:32','0000-00-00 00:00:00','2018-06-03 17:44:31',1,'2018-06-03 17:47:30','2020-05-11 16:14:45',3),(237,'Kerekes','Ciprian','ciprian_kerekes@aol.com','0776-914-683','ciprian_kerekes','parola',80,'2020-05-27 10:31:48','71.116.118.239','ffO77H5RpZJMLcMJWTaMdfTrQOnEZe1j1muYAIKx6gidHechePHDe9oUSvT809mj','2018-07-18 16:30:02','0000-00-00 00:00:00','2018-07-20 02:13:09',1,'2018-07-20 02:16:52','2020-04-28 04:06:47',3),(238,'Bunica','Adrian Bogdan','adrianbogdan_bunica@yahoo.com','0763-959-749','adrianbogdan_bunica','parola',97,'2020-05-27 10:31:48','89.226.111.127','ffO77H5RpZJMLcMJWTaMdfTrQOnEZe1j1muYAIKx6gidHechePHDe9oUSvT809mj','2019-05-18 16:35:09','0000-00-00 00:00:00','2019-05-19 14:55:47',4,'2019-05-19 14:59:27','2020-04-21 06:30:44',3),(239,'Buia','Danut Valentin','danutvalentinbuia@aol.com','0770-139-841','danutvalentinbuia','parola',95,'2020-05-27 10:31:48','49.114.170.7','ffO77H5RpZJMLcMJWTaMdfTrQOnEZe1j1muYAIKx6gidHechePHDe9oUSvT809mj','2019-03-04 18:32:17','0000-00-00 00:00:00','2019-03-05 05:03:09',3,'2019-03-05 05:06:20','2020-04-27 06:54:22',3),(240,'Marinache','Dragos- Corneliu','dragos-corneliumarinache@yahoo.com','0779-813-562','dragos-corneliumarinache','parola',137,'2020-05-27 10:31:48','22.89.128.123','ffO77H5RpZJMLcMJWTaMdfTrQOnEZe1j1muYAIKx6gidHechePHDe9oUSvT809mj','2019-08-25 04:02:30','0000-00-00 00:00:00','2019-08-26 13:31:55',1,'2019-08-26 13:34:50','2020-04-17 04:42:33',3),(241,'Mustata','Mirela','mirelamustata@aol.com','0779-011-205','mirelamustata','parola',148,'2020-05-27 10:31:48','228.18.156.223','ffO77H5RpZJMLcMJWTaMdfTrQOnEZe1j1muYAIKx6gidHechePHDe9oUSvT809mj','2018-08-21 21:42:15','0000-00-00 00:00:00','2018-08-23 13:33:44',2,'2018-08-23 13:36:45','2020-04-09 13:30:41',3),(242,'Patrascu','Florian','florian.patrascu@gmail.com','0736-502-056','florian.patrascu','parola',80,'2020-05-27 10:31:48','144.53.79.237','ffO77H5RpZJMLcMJWTaMdfTrQOnEZe1j1muYAIKx6gidHechePHDe9oUSvT809mj','2018-03-03 09:30:20','0000-00-00 00:00:00','2018-03-03 12:16:30',1,'2018-03-03 12:18:52','2020-04-01 16:06:48',3),(243,'Musc','Radu Florin','raduflorin.musc@outlook.com','0789-453-761','raduflorin.musc','parola',106,'2020-05-27 10:31:48','196.16.240.152','ffO77H5RpZJMLcMJWTaMdfTrQOnEZe1j1muYAIKx6gidHechePHDe9oUSvT809mj','2018-11-05 15:31:31','0000-00-00 00:00:00','2018-11-07 05:44:54',3,'2018-11-07 05:47:41','2020-05-15 23:41:05',3),(244,'Spnu','Claudiu Florin','claudiuflorin.spnu@yahoo.com','0739-086-896','claudiuflorin.spnu','parola',141,'2020-05-27 10:31:48','38.234.53.63','ffO77H5RpZJMLcMJWTaMdfTrQOnEZe1j1muYAIKx6gidHechePHDe9oUSvT809mj','2019-08-23 10:13:12','0000-00-00 00:00:00','2019-08-25 00:58:40',3,'2019-08-25 01:01:30','2020-05-17 17:51:41',3),(245,'Barjovanu','Denisa-Elena','denisa-elena_barjovanu@aol.com','0737-327-256','denisa-elena_barjovanu','parola',136,'2020-05-27 10:31:48','152.70.144.8','ffO77H5RpZJMLcMJWTaMdfTrQOnEZe1j1muYAIKx6gidHechePHDe9oUSvT809mj','2019-08-05 13:38:03','0000-00-00 00:00:00','2019-08-06 20:42:14',1,'2019-08-06 20:46:04','2020-05-15 07:58:06',3),(246,'Marinescu','Kenibasov','kenibasov_marinescu@protonmail.com','0772-000-669','kenibasov_marinescu','parola',108,'2020-05-27 10:31:48','107.10.227.104','ffO77H5RpZJMLcMJWTaMdfTrQOnEZe1j1muYAIKx6gidHechePHDe9oUSvT809mj','2018-12-16 22:37:11','0000-00-00 00:00:00','2018-12-18 13:38:43',4,'2018-12-18 13:41:22','2020-04-27 23:58:20',3),(247,'Hairedin','Marian Florin','marianflorinhairedin@aol.com','0725-308-864','marianflorinhairedin','parola',81,'2020-05-27 10:31:48','89.131.136.37','ffO77H5RpZJMLcMJWTaMdfTrQOnEZe1j1muYAIKx6gidHechePHDe9oUSvT809mj','2019-12-07 09:18:25','0000-00-00 00:00:00','2019-12-07 15:10:31',3,'2019-12-07 15:14:17','2020-04-09 10:38:24',3),(248,'Pisla','Gedo','gedo.pisla@gmail.com','0788-599-870','gedo.pisla','parola',134,'2020-05-27 10:31:48','23.3.196.220','ffO77H5RpZJMLcMJWTaMdfTrQOnEZe1j1muYAIKx6gidHechePHDe9oUSvT809mj','2018-09-15 11:47:06','0000-00-00 00:00:00','2018-09-15 19:59:59',3,'2018-09-15 20:02:52','2020-04-29 12:56:10',3),(249,'Draguleasa','Eduard Mihail','eduardmihaildraguleasa@outlook.com','0721-674-489','eduardmihaildraguleasa','parola',77,'2020-05-27 10:31:48','8.130.123.222','ffO77H5RpZJMLcMJWTaMdfTrQOnEZe1j1muYAIKx6gidHechePHDe9oUSvT809mj','2019-08-25 16:06:51','0000-00-00 00:00:00','2019-08-26 15:32:00',2,'2019-08-26 15:35:06','2020-04-03 01:30:27',3),(250,'Bunoaica','Snziana-Elena','snziana-elenabunoaica@outlook.com','0767-778-559','snziana-elenabunoaica','parola',134,'2020-05-27 10:31:48','243.47.5.131','ffO77H5RpZJMLcMJWTaMdfTrQOnEZe1j1muYAIKx6gidHechePHDe9oUSvT809mj','2020-01-17 06:19:34','0000-00-00 00:00:00','2020-01-19 02:43:40',4,'2020-01-19 02:46:34','2020-05-23 21:21:00',3),(251,'Noaghea','Mihail-Iulian','mihail-iulian_noaghea@protonmail.com','0779-484-246','mihail-iulian_noaghea','parola',90,'2020-05-27 10:31:48','139.50.83.11','ffO77H5RpZJMLcMJWTaMdfTrQOnEZe1j1muYAIKx6gidHechePHDe9oUSvT809mj','2019-03-13 16:23:51','0000-00-00 00:00:00','2019-03-14 00:05:57',4,'2019-03-14 00:09:10','2020-04-22 05:02:11',3),(252,'Petica','Cornea','cornea.petica@outlook.com','0770-354-212','cornea.petica','parola',96,'2020-05-27 10:31:48','56.245.56.42','ffO77H5RpZJMLcMJWTaMdfTrQOnEZe1j1muYAIKx6gidHechePHDe9oUSvT809mj','2019-10-08 00:07:09','0000-00-00 00:00:00','2019-10-08 01:22:19',3,'2019-10-08 01:25:40','2020-04-15 16:47:04',3),(253,'AlexandruMedesan','Cristian - Andrei','cristian-andrei.alexandrumedesan@yahoo.com','0744-654-493','cristian-andrei.alexandrumedesan','parola',62,'2020-05-27 10:31:48','42.83.36.179','ffO77H5RpZJMLcMJWTaMdfTrQOnEZe1j1muYAIKx6gidHechePHDe9oUSvT809mj','2019-03-02 08:30:48','0000-00-00 00:00:00','2019-03-03 15:37:21',3,'2019-03-03 15:40:29','2020-04-17 07:29:52',3),(254,'Bina','Raluca','raluca_bina@gmail.com','0785-970-268','raluca_bina','parola',73,'2020-05-27 10:31:48','35.139.89.24','ffO77H5RpZJMLcMJWTaMdfTrQOnEZe1j1muYAIKx6gidHechePHDe9oUSvT809mj','2018-06-12 03:19:07','0000-00-00 00:00:00','2018-06-12 11:03:21',3,'2018-06-12 11:07:00','2020-05-14 21:49:08',3),(255,'Mihaita','Octavian','octavian_mihaita@aol.com','0721-212-883','octavian_mihaita','parola',131,'2020-05-27 10:31:48','104.194.158.206','ffO77H5RpZJMLcMJWTaMdfTrQOnEZe1j1muYAIKx6gidHechePHDe9oUSvT809mj','2018-08-24 00:09:48','0000-00-00 00:00:00','2018-08-25 17:28:20',2,'2018-08-25 17:31:08','2020-03-26 10:22:43',3),(256,'Lichi','Mirela Rocxana','mirelarocxanalichi@gmail.com','0776-676-886','mirelarocxanalichi','parola',85,'2020-05-27 10:31:48','54.150.89.240','ffO77H5RpZJMLcMJWTaMdfTrQOnEZe1j1muYAIKx6gidHechePHDe9oUSvT809mj','2019-10-21 23:58:15','0000-00-00 00:00:00','2019-10-23 15:15:13',4,'2019-10-23 15:18:20','2020-04-30 12:01:37',3),(257,'Fecioru','Kenibasov','kenibasovfecioru@aol.com','0761-583-251','kenibasovfecioru','parola',82,'2020-05-27 10:31:48','185.203.207.175','ffO77H5RpZJMLcMJWTaMdfTrQOnEZe1j1muYAIKx6gidHechePHDe9oUSvT809mj','2019-01-06 08:28:26','0000-00-00 00:00:00','2019-01-07 08:54:42',1,'2019-01-07 08:57:51','2020-05-19 21:44:42',3),(258,'Bleanda-Mogosanu','Parasca','parasca_bleanda-mogosanu@yahoo.com','0768-088-243','parasca_bleanda-mogosanu','parola',107,'2020-05-27 10:31:48','2.234.163.110','ffO77H5RpZJMLcMJWTaMdfTrQOnEZe1j1muYAIKx6gidHechePHDe9oUSvT809mj','2019-07-30 03:33:59','0000-00-00 00:00:00','2019-07-30 07:51:27',2,'2019-07-30 07:53:51','2020-05-11 17:23:26',3),(259,'Buznosu','Daniel - Claudiu','daniel-claudiubuznosu@outlook.com','0775-908-247','daniel-claudiubuznosu','parola',138,'2020-05-27 10:31:48','59.216.151.106','ffO77H5RpZJMLcMJWTaMdfTrQOnEZe1j1muYAIKx6gidHechePHDe9oUSvT809mj','2018-10-03 01:31:15','0000-00-00 00:00:00','2018-10-04 21:36:45',1,'2018-10-04 21:39:17','2020-04-03 11:26:00',3),(260,'Ghimpu','Alexandra Raluca','alexandraralucaghimpu@aol.com','0785-296-686','alexandraralucaghimpu','parola',121,'2020-05-27 10:31:48','75.54.46.64','ffO77H5RpZJMLcMJWTaMdfTrQOnEZe1j1muYAIKx6gidHechePHDe9oUSvT809mj','2018-12-17 06:00:51','0000-00-00 00:00:00','2018-12-17 21:32:59',3,'2018-12-17 21:36:31','2020-04-19 09:36:58',3),(261,'Cortojan','Cristina','cristina.cortojan@protonmail.com','0731-432-812','cristina.cortojan','parola',142,'2020-05-27 10:31:48','180.208.250.121','ffO77H5RpZJMLcMJWTaMdfTrQOnEZe1j1muYAIKx6gidHechePHDe9oUSvT809mj','2018-06-16 10:37:07','0000-00-00 00:00:00','2018-06-18 03:58:17',3,'2018-06-18 04:00:20','2020-05-01 03:29:47',3),(262,'Abramov','Luigi','luigi.abramov@aol.com','0777-973-061','luigi.abramov','parola',99,'2020-05-27 10:31:48','106.164.251.12','ffO77H5RpZJMLcMJWTaMdfTrQOnEZe1j1muYAIKx6gidHechePHDe9oUSvT809mj','2019-04-27 20:09:38','0000-00-00 00:00:00','2019-04-28 12:16:04',4,'2019-04-28 12:19:43','2020-05-12 02:20:52',3),(263,'Giurgiu','Carlugea','carlugea.giurgiu@gmail.com','0773-094-520','carlugea.giurgiu','parola',117,'2020-05-27 10:31:48','54.235.9.91','ffO77H5RpZJMLcMJWTaMdfTrQOnEZe1j1muYAIKx6gidHechePHDe9oUSvT809mj','2019-02-25 06:03:26','0000-00-00 00:00:00','2019-02-25 10:29:07',4,'2019-02-25 10:31:16','2020-03-31 17:59:47',3),(264,'Viciu','Alina Mihaela','alinamihaelaviciu@protonmail.com','0731-847-539','alinamihaelaviciu','parola',138,'2020-05-27 10:31:48','177.110.18.7','ffO77H5RpZJMLcMJWTaMdfTrQOnEZe1j1muYAIKx6gidHechePHDe9oUSvT809mj','2019-09-19 02:54:48','0000-00-00 00:00:00','2019-09-20 00:40:56',2,'2019-09-20 00:44:43','2020-04-04 15:33:38',3),(265,'Copae','Olga','olga_copae@gmail.com','0739-391-269','olga_copae','parola',92,'2020-05-27 10:31:48','229.123.175.6','ffO77H5RpZJMLcMJWTaMdfTrQOnEZe1j1muYAIKx6gidHechePHDe9oUSvT809mj','2019-01-16 05:30:18','0000-00-00 00:00:00','2019-01-18 05:00:56',2,'2019-01-18 05:03:23','2020-04-26 10:29:50',3),(266,'Corbu','Livius','liviuscorbu@gmail.com','0783-386-503','liviuscorbu','parola',97,'2020-05-27 10:31:48','5.6.11.38','ffO77H5RpZJMLcMJWTaMdfTrQOnEZe1j1muYAIKx6gidHechePHDe9oUSvT809mj','2019-12-25 03:53:41','0000-00-00 00:00:00','2019-12-26 08:05:26',3,'2019-12-26 08:08:21','2020-04-01 22:33:02',3),(267,'Borza','Bogdan Ionu','bogdanionu.borza@gmail.com','0764-623-355','bogdanionu.borza','parola',58,'2020-05-27 10:31:48','154.156.65.106','ffO77H5RpZJMLcMJWTaMdfTrQOnEZe1j1muYAIKx6gidHechePHDe9oUSvT809mj','2018-09-13 12:04:06','0000-00-00 00:00:00','2018-09-15 10:27:57',3,'2018-09-15 10:31:13','2020-03-27 16:54:53',3),(268,'Vutan','Ctlin Florin','ctlinflorinvutan@aol.com','0781-217-542','ctlinflorinvutan','parola',148,'2020-05-27 10:31:48','84.98.240.153','ffO77H5RpZJMLcMJWTaMdfTrQOnEZe1j1muYAIKx6gidHechePHDe9oUSvT809mj','2019-06-23 09:46:02','0000-00-00 00:00:00','2019-06-23 13:07:04',2,'2019-06-23 13:10:37','2020-05-14 00:34:28',3),(269,'Gruia','Robert','robert_gruia@yahoo.com','0789-453-761','robert_gruia','parola',116,'2020-05-27 10:31:48','45.13.178.101','ffO77H5RpZJMLcMJWTaMdfTrQOnEZe1j1muYAIKx6gidHechePHDe9oUSvT809mj','2019-03-12 21:44:29','0000-00-00 00:00:00','2019-03-13 19:15:08',4,'2019-03-13 19:17:08','2020-05-22 19:54:19',3),(270,'Stoleru','Mihai - Ionu','mihai-ionustoleru@outlook.com','0739-086-896','mihai-ionustoleru','parola',89,'2020-05-27 10:31:48','221.49.81.5','ffO77H5RpZJMLcMJWTaMdfTrQOnEZe1j1muYAIKx6gidHechePHDe9oUSvT809mj','2019-06-19 16:30:53','0000-00-00 00:00:00','2019-06-19 17:58:00',1,'2019-06-19 18:01:19','2020-04-15 18:32:58',3),(271,'Mazare','Alin-Ilie','alin-iliemazare@aol.com','0739-391-269','alin-iliemazare','parola',144,'2020-05-27 10:31:48','31.138.94.57','ffO77H5RpZJMLcMJWTaMdfTrQOnEZe1j1muYAIKx6gidHechePHDe9oUSvT809mj','2019-08-30 02:27:33','0000-00-00 00:00:00','2019-08-31 17:08:10',2,'2019-08-31 17:10:48','2020-05-17 13:39:13',3),(272,'Istrate','Nicolae Petrut','nicolaepetrut.istrate@yahoo.com','0768-088-243','nicolaepetrut.istrate','parola',107,'2020-05-27 10:31:48','251.84.163.62','ffO77H5RpZJMLcMJWTaMdfTrQOnEZe1j1muYAIKx6gidHechePHDe9oUSvT809mj','2019-10-29 19:51:40','0000-00-00 00:00:00','2019-10-31 16:50:27',4,'2019-10-31 16:53:38','2020-04-13 08:23:46',3),(273,'Galescu','Craita','craitagalescu@outlook.com','0725-991-017','craitagalescu','parola',54,'2020-05-27 10:31:48','70.163.102.20','ffO77H5RpZJMLcMJWTaMdfTrQOnEZe1j1muYAIKx6gidHechePHDe9oUSvT809mj','2020-01-27 05:02:19','0000-00-00 00:00:00','2020-01-27 17:51:24',2,'2020-01-27 17:53:27','2020-05-21 05:38:33',3),(274,'Tausancea','Ioan Andrei','ioanandrei.tausancea@protonmail.com','0781-217-542','ioanandrei.tausancea','parola',97,'2020-05-27 10:31:48','41.147.108.96','ffO77H5RpZJMLcMJWTaMdfTrQOnEZe1j1muYAIKx6gidHechePHDe9oUSvT809mj','2018-10-18 22:43:11','0000-00-00 00:00:00','2018-10-19 23:49:16',1,'2018-10-19 23:51:57','2020-05-08 22:48:02',3),(275,'Dupir','Nicolae Cristian','nicolaecristian.dupir@protonmail.com','0773-286-877','nicolaecristian.dupir','parola',75,'2020-05-27 10:31:48','157.245.3.28','ffO77H5RpZJMLcMJWTaMdfTrQOnEZe1j1muYAIKx6gidHechePHDe9oUSvT809mj','2019-09-09 11:35:33','0000-00-00 00:00:00','2019-09-11 02:35:41',2,'2019-09-11 02:38:58','2020-05-16 11:45:37',3),(276,'Tranca','Ioana Mihaela','ioanamihaelatranca@aol.com','0744-363-262','ioanamihaelatranca','parola',135,'2020-05-27 10:31:48','129.60.162.127','ffO77H5RpZJMLcMJWTaMdfTrQOnEZe1j1muYAIKx6gidHechePHDe9oUSvT809mj','2019-12-21 22:54:48','0000-00-00 00:00:00','2019-12-22 22:34:13',2,'2019-12-22 22:36:37','2020-03-30 07:08:42',3),(277,'Zabava','Andreas','andreas_zabava@protonmail.com','0768-088-243','andreas_zabava','parola',101,'2020-05-27 10:31:48','148.110.101.174','ffO77H5RpZJMLcMJWTaMdfTrQOnEZe1j1muYAIKx6gidHechePHDe9oUSvT809mj','2018-09-18 16:53:56','0000-00-00 00:00:00','2018-09-18 18:07:40',3,'2018-09-18 18:09:50','2020-05-15 02:02:07',3),(278,'Constandache','Cioaca','cioaca.constandache@protonmail.com','0766-716-714','cioaca.constandache','parola',50,'2020-05-27 10:31:48','68.64.116.137','ffO77H5RpZJMLcMJWTaMdfTrQOnEZe1j1muYAIKx6gidHechePHDe9oUSvT809mj','2019-07-29 00:51:49','0000-00-00 00:00:00','2019-07-30 07:59:15',1,'2019-07-30 08:02:51','2020-05-20 08:31:07',3),(279,'Chiriac','Veronica','veronicachiriac@outlook.com','0788-193-367','veronicachiriac','parola',95,'2020-05-27 10:31:48','83.3.15.67','ffO77H5RpZJMLcMJWTaMdfTrQOnEZe1j1muYAIKx6gidHechePHDe9oUSvT809mj','2019-08-22 10:43:55','0000-00-00 00:00:00','2019-08-22 18:36:51',1,'2019-08-22 18:40:24','2020-03-31 05:13:59',3),(280,'Stancia','Ctlina Ioana','ctlinaioana_stancia@aol.com','0739-086-896','ctlinaioana_stancia','parola',78,'2020-05-27 10:31:48','35.223.7.117','ffO77H5RpZJMLcMJWTaMdfTrQOnEZe1j1muYAIKx6gidHechePHDe9oUSvT809mj','2019-05-26 12:10:45','0000-00-00 00:00:00','2019-05-28 06:10:07',3,'2019-05-28 06:13:03','2020-05-08 02:11:59',3),(281,'Turiga','Veronica Flavia','veronicaflavia_turiga@yahoo.com','0728-208-361','veronicaflavia_turiga','parola',54,'2020-05-27 10:31:48','61.202.76.22','ffO77H5RpZJMLcMJWTaMdfTrQOnEZe1j1muYAIKx6gidHechePHDe9oUSvT809mj','2019-12-29 13:48:33','0000-00-00 00:00:00','2019-12-31 08:03:38',4,'2019-12-31 08:05:39','2020-04-12 15:04:39',3),(282,'Leuciuc','Claudia','claudialeuciuc@aol.com','0743-407-376','claudialeuciuc','parola',87,'2020-05-27 10:31:48','130.82.21.108','ffO77H5RpZJMLcMJWTaMdfTrQOnEZe1j1muYAIKx6gidHechePHDe9oUSvT809mj','2019-09-09 17:37:04','0000-00-00 00:00:00','2019-09-11 06:51:23',2,'2019-09-11 06:54:41','2020-04-15 04:26:26',3),(283,'Gigirtu','Mihai Marius','mihaimarius.gigirtu@gmail.com','0775-669-350','mihaimarius.gigirtu','parola',123,'2020-05-27 10:31:48','225.49.69.196','ffO77H5RpZJMLcMJWTaMdfTrQOnEZe1j1muYAIKx6gidHechePHDe9oUSvT809mj','2018-05-22 07:46:18','0000-00-00 00:00:00','2018-05-22 19:09:39',1,'2018-05-22 19:12:07','2020-05-13 11:39:18',3),(284,'Vizireanu','Iulian-Daniel','iulian-danielvizireanu@protonmail.com','0772-168-218','iulian-danielvizireanu','parola',103,'2020-05-27 10:31:48','24.27.64.238','ffO77H5RpZJMLcMJWTaMdfTrQOnEZe1j1muYAIKx6gidHechePHDe9oUSvT809mj','2018-10-14 19:06:53','0000-00-00 00:00:00','2018-10-16 12:17:43',1,'2018-10-16 12:20:10','2020-03-25 16:43:50',3),(285,'Ludu','Marius Adrian','mariusadrian.ludu@aol.com','0779-813-562','mariusadrian.ludu','parola',99,'2020-05-27 10:31:48','244.6.47.214','ffO77H5RpZJMLcMJWTaMdfTrQOnEZe1j1muYAIKx6gidHechePHDe9oUSvT809mj','2018-09-08 09:22:07','0000-00-00 00:00:00','2018-09-09 13:03:12',2,'2018-09-09 13:06:02','2020-05-01 02:16:42',3),(286,'Birgaoanu-Acaei','Bogdan Cosmin','bogdancosmin_birgaoanu-acaei@aol.com','0785-970-268','bogdancosmin_birgaoanu-acaei','parola',137,'2020-05-27 10:31:48','179.250.211.54','ffO77H5RpZJMLcMJWTaMdfTrQOnEZe1j1muYAIKx6gidHechePHDe9oUSvT809mj','2018-12-28 22:36:31','0000-00-00 00:00:00','2018-12-29 13:26:27',4,'2018-12-29 13:29:16','2020-05-25 01:56:46',3),(287,'Pricope','Cristian - Mihai','cristian-mihaipricope@protonmail.com','0776-676-886','cristian-mihaipricope','parola',137,'2020-05-27 10:31:48','136.17.175.73','ffO77H5RpZJMLcMJWTaMdfTrQOnEZe1j1muYAIKx6gidHechePHDe9oUSvT809mj','2018-10-26 22:02:48','0000-00-00 00:00:00','2018-10-28 13:06:12',4,'2018-10-28 13:09:47','2020-04-04 22:40:22',3),(288,'Denca','Ionu-Razvan','ionu-razvandenca@aol.com','0742-905-842','ionu-razvandenca','parola',123,'2020-05-27 10:31:48','90.228.117.150','ffO77H5RpZJMLcMJWTaMdfTrQOnEZe1j1muYAIKx6gidHechePHDe9oUSvT809mj','2019-01-15 03:31:03','0000-00-00 00:00:00','2019-01-15 10:15:15',3,'2019-01-15 10:18:45','2020-05-17 13:06:58',3),(289,'Mircioiu','Silviu Adrian','silviuadrian.mircioiu@outlook.com','0775-908-247','silviuadrian.mircioiu','parola',55,'2020-05-27 10:31:48','147.33.222.10','ffO77H5RpZJMLcMJWTaMdfTrQOnEZe1j1muYAIKx6gidHechePHDe9oUSvT809mj','2018-08-28 08:33:27','0000-00-00 00:00:00','2018-08-28 21:01:16',4,'2018-08-28 21:04:02','2020-05-15 17:20:21',3),(290,'Hava','Jean','jean_hava@aol.com','0773-286-877','jean_hava','parola',58,'2020-05-27 10:31:48','132.129.248.101','ffO77H5RpZJMLcMJWTaMdfTrQOnEZe1j1muYAIKx6gidHechePHDe9oUSvT809mj','2018-01-30 17:20:42','0000-00-00 00:00:00','2018-02-01 11:24:13',3,'2018-02-01 11:27:34','2020-04-30 13:03:48',3),(291,'Angelescu','Laurentiu-George','laurentiu-georgeangelescu@outlook.com','0774-128-523','laurentiu-georgeangelescu','parola',74,'2020-05-27 10:31:48','11.251.220.94','ffO77H5RpZJMLcMJWTaMdfTrQOnEZe1j1muYAIKx6gidHechePHDe9oUSvT809mj','2018-05-11 22:09:44','0000-00-00 00:00:00','2018-05-13 03:00:50',4,'2018-05-13 03:03:18','2020-04-20 23:59:00',3),(292,'Caia','Doirian','doiriancaia@aol.com','0778-289-838','doiriancaia','parola',146,'2020-05-27 10:31:48','59.10.123.85','ffO77H5RpZJMLcMJWTaMdfTrQOnEZe1j1muYAIKx6gidHechePHDe9oUSvT809mj','2019-06-20 19:53:11','0000-00-00 00:00:00','2019-06-21 13:55:12',4,'2019-06-21 13:57:27','2020-04-18 19:24:37',3),(293,'Niculcea','Ctlina Ioana','ctlinaioana.niculcea@aol.com','0731-836-366','ctlinaioana.niculcea','parola',60,'2020-05-27 10:31:48','52.4.111.44','ffO77H5RpZJMLcMJWTaMdfTrQOnEZe1j1muYAIKx6gidHechePHDe9oUSvT809mj','2018-03-08 18:03:19','0000-00-00 00:00:00','2018-03-08 21:37:04',2,'2018-03-08 21:40:55','2020-05-06 11:47:05',3),(294,'Minescu','Fareta','fareta_minescu@gmail.com','0789-699-177','fareta_minescu','parola',113,'2020-05-27 10:31:48','136.44.60.168','ffO77H5RpZJMLcMJWTaMdfTrQOnEZe1j1muYAIKx6gidHechePHDe9oUSvT809mj','2018-06-06 15:43:34','0000-00-00 00:00:00','2018-06-07 03:23:15',3,'2018-06-07 03:25:48','2020-04-09 17:26:24',3),(295,'Calugaru','Barlea','barleacalugaru@gmail.com','0720-450-349','barleacalugaru','parola',133,'2020-05-27 10:31:48','160.44.236.49','ffO77H5RpZJMLcMJWTaMdfTrQOnEZe1j1muYAIKx6gidHechePHDe9oUSvT809mj','2019-07-08 09:34:31','0000-00-00 00:00:00','2019-07-10 09:08:44',4,'2019-07-10 09:11:55','2020-04-05 11:29:53',3),(296,'Sterian','Violeta Gabriela','violetagabrielasterian@aol.com','0781-217-542','violetagabrielasterian','parola',80,'2020-05-27 10:31:48','35.27.30.66','ffO77H5RpZJMLcMJWTaMdfTrQOnEZe1j1muYAIKx6gidHechePHDe9oUSvT809mj','2018-03-19 09:48:26','0000-00-00 00:00:00','2018-03-19 20:37:30',2,'2018-03-19 20:39:47','2020-04-03 15:51:14',3),(297,'Calugaru','Alina Cristina','alinacristina_calugaru@yahoo.com','0729-969-565','alinacristina_calugaru','parola',148,'2020-05-27 10:31:48','240.249.23.115','ffO77H5RpZJMLcMJWTaMdfTrQOnEZe1j1muYAIKx6gidHechePHDe9oUSvT809mj','2018-06-07 05:25:15','0000-00-00 00:00:00','2018-06-07 12:44:54',4,'2018-06-07 12:48:47','2020-04-07 07:27:35',3),(298,'Grigor','Dan Cosmin','dancosmin.grigor@aol.com','0736-502-056','dancosmin.grigor','parola',52,'2020-05-27 10:31:48','8.191.180.75','ffO77H5RpZJMLcMJWTaMdfTrQOnEZe1j1muYAIKx6gidHechePHDe9oUSvT809mj','2019-06-09 06:47:31','0000-00-00 00:00:00','2019-06-09 10:55:33',3,'2019-06-09 10:58:07','2020-05-01 00:25:15',3),(299,'Bratunov','Alexandru Dan','alexandrudan.bratunov@protonmail.com','0744-006-005','alexandrudan.bratunov','parola',67,'2020-05-27 10:31:48','83.190.201.182','ffO77H5RpZJMLcMJWTaMdfTrQOnEZe1j1muYAIKx6gidHechePHDe9oUSvT809mj','2019-10-23 02:48:26','0000-00-00 00:00:00','2019-10-25 01:26:41',3,'2019-10-25 01:29:52','2020-04-16 20:28:17',3),(300,'Mihaileanu','Magda Marina','magdamarinamihaileanu@gmail.com','0725-821-878','magdamarinamihaileanu','parola',130,'2020-05-27 10:31:48','56.233.244.22','ffO77H5RpZJMLcMJWTaMdfTrQOnEZe1j1muYAIKx6gidHechePHDe9oUSvT809mj','2018-08-27 02:46:12','0000-00-00 00:00:00','2018-08-28 07:30:23',4,'2018-08-28 07:32:39','2020-03-27 15:46:42',3),(301,'Zegheanu','Iulia Hortensia','iuliahortensia.zegheanu@aol.com','0731-836-366','iuliahortensia.zegheanu','parola',100,'2020-05-27 10:31:48','126.60.172.180','ffO77H5RpZJMLcMJWTaMdfTrQOnEZe1j1muYAIKx6gidHechePHDe9oUSvT809mj','2019-10-03 14:32:17','0000-00-00 00:00:00','2019-10-03 18:15:26',4,'2019-10-03 18:19:11','2020-03-30 01:07:51',3),(302,'Ciolpan','Prenume','prenume.ciolpan@gmail.com','0784-719-271','prenume.ciolpan','parola',61,'2020-05-27 10:31:48','132.117.187.84','ffO77H5RpZJMLcMJWTaMdfTrQOnEZe1j1muYAIKx6gidHechePHDe9oUSvT809mj','2018-09-27 01:29:24','0000-00-00 00:00:00','2018-09-28 05:49:37',1,'2018-09-28 05:53:36','2020-04-10 17:00:09',3),(303,'Aaron','Elama','elamaaaron@protonmail.com','0778-289-838','elamaaaron','parola',53,'2020-05-27 10:31:48','107.30.77.43','ffO77H5RpZJMLcMJWTaMdfTrQOnEZe1j1muYAIKx6gidHechePHDe9oUSvT809mj','2018-05-04 20:56:46','0000-00-00 00:00:00','2018-05-06 07:25:23',4,'2018-05-06 07:28:02','2020-03-31 23:20:09',3),(304,'Matache','Remus - Gabriel','remus-gabrielmatache@gmail.com','0721-010-773','remus-gabrielmatache','parola',133,'2020-05-27 10:31:48','235.44.11.175','ffO77H5RpZJMLcMJWTaMdfTrQOnEZe1j1muYAIKx6gidHechePHDe9oUSvT809mj','2019-05-28 13:22:11','0000-00-00 00:00:00','2019-05-30 04:41:37',3,'2019-05-30 04:44:54','2020-05-09 01:19:25',3),(305,'Vaduvoiu','Alexandra - Corina','alexandra-corina.vaduvoiu@outlook.com','0781-900-427','alexandra-corina.vaduvoiu','parola',58,'2020-05-27 10:31:48','88.165.59.47','ffO77H5RpZJMLcMJWTaMdfTrQOnEZe1j1muYAIKx6gidHechePHDe9oUSvT809mj','2019-12-03 13:07:14','0000-00-00 00:00:00','2019-12-05 10:15:34',3,'2019-12-05 10:18:04','2020-04-15 04:23:19',3),(306,'Ungureanu','Marian Constantin','marianconstantin.ungureanu@yahoo.com','0729-691-844','marianconstantin.ungureanu','parola',139,'2020-05-27 10:31:48','59.152.79.191','ffO77H5RpZJMLcMJWTaMdfTrQOnEZe1j1muYAIKx6gidHechePHDe9oUSvT809mj','2019-04-26 10:36:12','0000-00-00 00:00:00','2019-04-26 22:16:33',3,'2019-04-26 22:19:13','2020-04-25 01:37:28',3),(307,'Formagiu','Ovidiu - Cosmin','ovidiu-cosminformagiu@yahoo.com','0738-325-676','ovidiu-cosminformagiu','parola',73,'2020-05-27 10:31:48','214.248.95.231','ffO77H5RpZJMLcMJWTaMdfTrQOnEZe1j1muYAIKx6gidHechePHDe9oUSvT809mj','2018-09-25 22:45:53','0000-00-00 00:00:00','2018-09-26 17:39:40',4,'2018-09-26 17:43:31','2020-04-24 08:40:19',3),(308,'Ghidan','Alex','alex_ghidan@outlook.com','0779-326-592','alex_ghidan','parola',98,'2020-05-27 10:31:48','117.139.94.53','ffO77H5RpZJMLcMJWTaMdfTrQOnEZe1j1muYAIKx6gidHechePHDe9oUSvT809mj','2019-08-22 19:07:27','0000-00-00 00:00:00','2019-08-23 06:32:21',4,'2019-08-23 06:35:34','2020-05-22 01:10:15',3),(309,'Mihaita','Aurelian Andrei','aurelianandreimihaita@protonmail.com','0746-566-207','aurelianandreimihaita','parola',122,'2020-05-27 10:31:48','232.250.51.4','ffO77H5RpZJMLcMJWTaMdfTrQOnEZe1j1muYAIKx6gidHechePHDe9oUSvT809mj','2019-12-02 12:26:09','0000-00-00 00:00:00','2019-12-02 12:46:17',2,'2019-12-02 12:48:51','2020-04-09 23:36:55',3),(310,'Barac','Daniela-Alina','daniela-alina_barac@yahoo.com','0736-502-056','daniela-alina_barac','parola',66,'2020-05-27 10:31:48','114.58.195.51','ffO77H5RpZJMLcMJWTaMdfTrQOnEZe1j1muYAIKx6gidHechePHDe9oUSvT809mj','2018-08-05 13:54:59','0000-00-00 00:00:00','2018-08-06 05:17:57',4,'2018-08-06 05:21:07','2020-04-20 23:11:07',3),(311,'Paius','Laurentiu','laurentiupaius@gmail.com','0767-778-559','laurentiupaius','parola',113,'2020-05-27 10:31:48','169.189.188.121','ffO77H5RpZJMLcMJWTaMdfTrQOnEZe1j1muYAIKx6gidHechePHDe9oUSvT809mj','2019-02-16 17:23:05','0000-00-00 00:00:00','2019-02-17 21:14:30',4,'2019-02-17 21:16:40','2020-04-19 10:47:46',3),(312,'Dragan','Paul Cosmin','paulcosmindragan@protonmail.com','0781-900-427','paulcosmindragan','parola',121,'2020-05-27 10:31:48','38.78.25.137','ffO77H5RpZJMLcMJWTaMdfTrQOnEZe1j1muYAIKx6gidHechePHDe9oUSvT809mj','2019-10-12 06:17:03','0000-00-00 00:00:00','2019-10-14 03:22:16',2,'2019-10-14 03:25:35','2020-05-09 19:06:32',3),(313,'Butucelea','Alexandru Stefan','alexandrustefanbutucelea@protonmail.com','0726-213-820','alexandrustefanbutucelea','parola',114,'2020-05-27 10:31:48','111.140.117.164','ffO77H5RpZJMLcMJWTaMdfTrQOnEZe1j1muYAIKx6gidHechePHDe9oUSvT809mj','2019-06-06 12:22:37','0000-00-00 00:00:00','2019-06-08 10:11:26',2,'2019-06-08 10:13:31','2020-04-24 07:54:06',3),(314,'Ceausi','Constantin Ctlin','constantinctlin.ceausi@yahoo.com','0731-364-386','constantinctlin.ceausi','parola',57,'2020-05-27 10:31:48','217.92.57.7','ffO77H5RpZJMLcMJWTaMdfTrQOnEZe1j1muYAIKx6gidHechePHDe9oUSvT809mj','2019-09-23 04:08:32','0000-00-00 00:00:00','2019-09-25 01:53:58',2,'2019-09-25 01:56:27','2020-04-07 16:51:55',3),(315,'Barbulescu','Veronica','veronicabarbulescu@yahoo.com','0735-978-537','veronicabarbulescu','parola',96,'2020-05-27 10:31:48','114.48.145.81','ffO77H5RpZJMLcMJWTaMdfTrQOnEZe1j1muYAIKx6gidHechePHDe9oUSvT809mj','2018-04-07 16:41:24','0000-00-00 00:00:00','2018-04-09 11:59:09',3,'2018-04-09 12:01:21','2020-05-01 20:16:31',3),(316,'Caramet','Valentin Sever','valentinsever_caramet@yahoo.com','0744-363-262','valentinsever_caramet','parola',57,'2020-05-27 10:31:48','218.96.76.88','ffO77H5RpZJMLcMJWTaMdfTrQOnEZe1j1muYAIKx6gidHechePHDe9oUSvT809mj','2020-01-24 08:07:58','0000-00-00 00:00:00','2020-01-25 15:17:25',1,'2020-01-25 15:20:57','2020-04-19 19:31:35',3),(317,'Harlea','Mihail-Iulian','mihail-iulian.harlea@outlook.com','0720-450-349','mihail-iulian.harlea','parola',147,'2020-05-27 10:31:48','210.34.40.98','ffO77H5RpZJMLcMJWTaMdfTrQOnEZe1j1muYAIKx6gidHechePHDe9oUSvT809mj','2019-06-11 23:42:12','0000-00-00 00:00:00','2019-06-13 01:33:13',2,'2019-06-13 01:36:19','2020-04-08 23:29:23',3),(318,'Cociuban','Oana Ramona','oanaramonacociuban@gmail.com','0776-517-349','oanaramonacociuban','parola',117,'2020-05-27 10:31:48','115.33.67.235','ffO77H5RpZJMLcMJWTaMdfTrQOnEZe1j1muYAIKx6gidHechePHDe9oUSvT809mj','2018-12-12 07:13:43','0000-00-00 00:00:00','2018-12-13 18:57:27',3,'2018-12-13 19:00:22','2020-05-21 18:31:21',3),(319,'Chiriac','Adrian-Mihai','adrian-mihai.chiriac@gmail.com','0729-969-565','adrian-mihai.chiriac','parola',93,'2020-05-27 10:31:48','221.150.87.232','ffO77H5RpZJMLcMJWTaMdfTrQOnEZe1j1muYAIKx6gidHechePHDe9oUSvT809mj','2018-04-26 22:08:36','0000-00-00 00:00:00','2018-04-27 03:11:12',1,'2018-04-27 03:14:30','2020-05-24 17:55:17',3),(320,'Petrovici','Alis','alispetrovici@gmail.com','0725-991-017','alispetrovici','parola',64,'2020-05-27 10:31:48','146.35.234.65','ffO77H5RpZJMLcMJWTaMdfTrQOnEZe1j1muYAIKx6gidHechePHDe9oUSvT809mj','2018-09-02 02:08:25','0000-00-00 00:00:00','2018-09-02 16:07:14',2,'2018-09-02 16:10:58','2020-04-02 02:47:05',3),(321,'Banici','Alexandru Lucian','alexandrulucian_banici@protonmail.com','0789-699-177','alexandrulucian_banici','parola',93,'2020-05-27 10:31:48','120.153.154.61','ffO77H5RpZJMLcMJWTaMdfTrQOnEZe1j1muYAIKx6gidHechePHDe9oUSvT809mj','2018-04-24 01:22:52','0000-00-00 00:00:00','2018-04-24 08:06:08',2,'2018-04-24 08:08:56','2020-05-04 09:45:01',3),(322,'Branet','Magda Marina','magdamarina.branet@aol.com','0729-969-565','magdamarina.branet','parola',123,'2020-05-27 10:31:48','92.23.89.126','ffO77H5RpZJMLcMJWTaMdfTrQOnEZe1j1muYAIKx6gidHechePHDe9oUSvT809mj','2019-06-18 09:35:40','0000-00-00 00:00:00','2019-06-20 01:12:36',4,'2019-06-20 01:15:22','2020-05-19 09:08:37',3),(323,'Ivlev','Liviu Eugen','liviueugen_ivlev@yahoo.com','0768-088-243','liviueugen_ivlev','parola',87,'2020-05-27 10:31:48','111.175.41.180','ffO77H5RpZJMLcMJWTaMdfTrQOnEZe1j1muYAIKx6gidHechePHDe9oUSvT809mj','2018-04-19 04:56:22','0000-00-00 00:00:00','2018-04-20 14:48:12',1,'2018-04-20 14:51:41','2020-04-27 09:12:49',3),(324,'Marinache','Fanica','fanica_marinache@aol.com','0778-289-838','fanica_marinache','parola',115,'2020-05-27 10:31:48','23.74.50.28','ffO77H5RpZJMLcMJWTaMdfTrQOnEZe1j1muYAIKx6gidHechePHDe9oUSvT809mj','2019-01-07 05:01:24','0000-00-00 00:00:00','2019-01-07 07:26:50',2,'2019-01-07 07:29:58','2020-05-25 02:17:25',3),(325,'Viorel','Andreea-Oana','andreea-oanaviorel@protonmail.com','0731-432-812','andreea-oanaviorel','parola',66,'2020-05-27 10:31:48','237.99.35.125','ffO77H5RpZJMLcMJWTaMdfTrQOnEZe1j1muYAIKx6gidHechePHDe9oUSvT809mj','2018-02-11 19:24:30','0000-00-00 00:00:00','2018-02-12 01:53:07',2,'2018-02-12 01:56:19','2020-04-16 03:35:14',3),(326,'Ocica','Laura','lauraocica@gmail.com','0729-969-565','lauraocica','parola',136,'2020-05-27 10:31:48','19.217.26.228','ffO77H5RpZJMLcMJWTaMdfTrQOnEZe1j1muYAIKx6gidHechePHDe9oUSvT809mj','2019-06-10 19:04:53','0000-00-00 00:00:00','2019-06-11 20:08:43',4,'2019-06-11 20:11:19','2020-05-12 15:41:13',3),(327,'Floarea','Luigi','luigi_floarea@yahoo.com','0781-969-370','luigi_floarea','parola',130,'2020-05-27 10:31:48','63.126.192.78','ffO77H5RpZJMLcMJWTaMdfTrQOnEZe1j1muYAIKx6gidHechePHDe9oUSvT809mj','2018-10-11 22:17:29','0000-00-00 00:00:00','2018-10-12 08:07:46',1,'2018-10-12 08:11:11','2020-05-18 12:25:11',3),(328,'Boldeiu','Andrei-Stefan','andrei-stefan.boldeiu@gmail.com','0736-768-365','andrei-stefan.boldeiu','parola',95,'2020-05-27 10:31:48','66.91.7.10','ffO77H5RpZJMLcMJWTaMdfTrQOnEZe1j1muYAIKx6gidHechePHDe9oUSvT809mj','2019-06-27 15:19:24','0000-00-00 00:00:00','2019-06-28 13:16:23',3,'2019-06-28 13:19:40','2020-03-29 07:47:04',3),(329,'Turcoman','Mihaela-Viorica','mihaela-viorica_turcoman@outlook.com','0761-418-828','mihaela-viorica_turcoman','parola',137,'2020-05-27 10:31:48','27.106.195.158','ffO77H5RpZJMLcMJWTaMdfTrQOnEZe1j1muYAIKx6gidHechePHDe9oUSvT809mj','2019-01-07 18:51:08','0000-00-00 00:00:00','2019-01-09 03:02:09',2,'2019-01-09 03:04:21','2020-05-04 03:15:11',3),(330,'Mandita','Petre','petre_mandita@outlook.com','0721-156-096','petre_mandita','parola',147,'2020-05-27 10:31:48','201.30.45.135','ffO77H5RpZJMLcMJWTaMdfTrQOnEZe1j1muYAIKx6gidHechePHDe9oUSvT809mj','2018-07-21 09:24:01','0000-00-00 00:00:00','2018-07-23 08:25:10',1,'2018-07-23 08:28:18','2020-03-29 12:41:22',3),(331,'Perianu','Ovidiu - Cosmin','ovidiu-cosmin_perianu@outlook.com','0738-768-807','ovidiu-cosmin_perianu','parola',78,'2020-05-27 10:31:48','39.36.63.204','ffO77H5RpZJMLcMJWTaMdfTrQOnEZe1j1muYAIKx6gidHechePHDe9oUSvT809mj','2019-08-15 23:33:17','0000-00-00 00:00:00','2019-08-17 18:02:59',1,'2019-08-17 18:06:03','2020-04-17 10:18:36',3),(332,'Voinea','Marius Gabriel','mariusgabriel.voinea@aol.com','0744-363-262','mariusgabriel.voinea','parola',96,'2020-05-27 10:31:48','81.40.207.164','ffO77H5RpZJMLcMJWTaMdfTrQOnEZe1j1muYAIKx6gidHechePHDe9oUSvT809mj','2018-05-17 02:41:00','0000-00-00 00:00:00','2018-05-18 02:03:04',1,'2018-05-18 02:07:03','2020-05-06 03:11:50',3),(333,'Bardan','Andrei Lucian','andreilucian.bardan@gmail.com','0721-156-096','andreilucian.bardan','parola',100,'2020-05-27 10:31:48','197.241.113.91','ffO77H5RpZJMLcMJWTaMdfTrQOnEZe1j1muYAIKx6gidHechePHDe9oUSvT809mj','2018-12-01 23:51:41','0000-00-00 00:00:00','2018-12-03 13:09:56',3,'2018-12-03 13:12:38','2020-04-12 01:48:06',3),(334,'Stefan','Sandrino-Gabriel','sandrino-gabriel.stefan@aol.com','0785-853-326','sandrino-gabriel.stefan','parola',61,'2020-05-27 10:31:48','114.44.129.12','ffO77H5RpZJMLcMJWTaMdfTrQOnEZe1j1muYAIKx6gidHechePHDe9oUSvT809mj','2019-05-23 00:22:03','0000-00-00 00:00:00','2019-05-23 20:44:08',1,'2019-05-23 20:47:41','2020-04-18 07:04:12',3),(335,'Tuzar','Veronica Flavia','veronicaflavia_tuzar@aol.com','0775-669-350','veronicaflavia_tuzar','parola',54,'2020-05-27 10:31:48','172.73.96.10','ffO77H5RpZJMLcMJWTaMdfTrQOnEZe1j1muYAIKx6gidHechePHDe9oUSvT809mj','2018-02-10 11:21:46','0000-00-00 00:00:00','2018-02-12 01:14:27',1,'2018-02-12 01:18:09','2020-03-30 19:39:37',3),(336,'Condrea','Sorin Ilie','sorinilie.condrea@yahoo.com','0736-502-056','sorinilie.condrea','parola',140,'2020-05-27 10:31:48','9.14.44.173','ffO77H5RpZJMLcMJWTaMdfTrQOnEZe1j1muYAIKx6gidHechePHDe9oUSvT809mj','2018-04-22 16:49:15','0000-00-00 00:00:00','2018-04-24 01:03:25',4,'2018-04-24 01:07:15','2020-04-10 12:44:40',3),(337,'Parasca','Denisa-Elena','denisa-elena.parasca@protonmail.com','0774-144-697','denisa-elena.parasca','parola',87,'2020-05-27 10:31:48','232.141.5.103','ffO77H5RpZJMLcMJWTaMdfTrQOnEZe1j1muYAIKx6gidHechePHDe9oUSvT809mj','2019-02-12 11:07:33','0000-00-00 00:00:00','2019-02-14 10:37:19',4,'2019-02-14 10:39:23','2020-03-28 18:27:21',3),(338,'Dabu','Mirel Alexandru','mirelalexandru.dabu@outlook.com','0766-716-714','mirelalexandru.dabu','parola',67,'2020-05-27 10:31:48','247.176.138.159','ffO77H5RpZJMLcMJWTaMdfTrQOnEZe1j1muYAIKx6gidHechePHDe9oUSvT809mj','2018-08-01 14:16:36','0000-00-00 00:00:00','2018-08-03 10:59:58',1,'2018-08-03 11:02:48','2020-04-23 13:41:58',3),(339,'Barac','Radoveanu','radoveanu_barac@aol.com','0773-208-281','radoveanu_barac','parola',124,'2020-05-27 10:31:48','129.167.198.236','ffO77H5RpZJMLcMJWTaMdfTrQOnEZe1j1muYAIKx6gidHechePHDe9oUSvT809mj','2019-06-25 23:06:57','0000-00-00 00:00:00','2019-06-27 08:11:27',4,'2019-06-27 08:15:26','2020-04-08 05:52:32',3),(340,'Dragne','Raul','raul.dragne@protonmail.com','0725-991-017','raul.dragne','parola',70,'2020-05-27 10:31:48','87.222.99.79','ffO77H5RpZJMLcMJWTaMdfTrQOnEZe1j1muYAIKx6gidHechePHDe9oUSvT809mj','2019-08-01 09:51:31','0000-00-00 00:00:00','2019-08-02 17:00:58',4,'2019-08-02 17:04:25','2020-05-06 19:55:56',3),(341,'Victor','Dragos-Florian','dragos-florian_victor@outlook.com','0725-308-864','dragos-florian_victor','parola',130,'2020-05-27 10:31:48','96.241.164.98','ffO77H5RpZJMLcMJWTaMdfTrQOnEZe1j1muYAIKx6gidHechePHDe9oUSvT809mj','2019-05-20 13:03:20','0000-00-00 00:00:00','2019-05-20 21:34:03',2,'2019-05-20 21:37:22','2020-05-13 02:46:53',3),(342,'Baciu','Florina','florina.baciu@yahoo.com','0747-193-575','florina.baciu','parola',89,'2020-05-27 10:31:48','245.180.162.21','ffO77H5RpZJMLcMJWTaMdfTrQOnEZe1j1muYAIKx6gidHechePHDe9oUSvT809mj','2018-01-31 20:48:43','0000-00-00 00:00:00','2018-02-02 17:50:58',1,'2018-02-02 17:53:09','2020-05-19 15:49:28',3),(343,'Caraca','Alexandr','alexandrcaraca@protonmail.com','0788-599-870','alexandrcaraca','parola',106,'2020-05-27 10:31:48','118.26.22.31','ffO77H5RpZJMLcMJWTaMdfTrQOnEZe1j1muYAIKx6gidHechePHDe9oUSvT809mj','2018-03-13 02:00:09','0000-00-00 00:00:00','2018-03-13 09:36:17',1,'2018-03-13 09:39:19','2020-04-02 15:31:27',3),(344,'Pantea','Mara Elena','maraelenapantea@yahoo.com','0731-953-553','maraelenapantea','parola',111,'2020-05-27 10:31:48','88.97.217.44','ffO77H5RpZJMLcMJWTaMdfTrQOnEZe1j1muYAIKx6gidHechePHDe9oUSvT809mj','2018-08-22 04:41:13','0000-00-00 00:00:00','2018-08-24 03:32:09',1,'2018-08-24 03:34:46','2020-05-22 07:44:20',3),(345,'Birgaoanu-Acaei','Elena-Ramona','elena-ramona.birgaoanu-acaei@protonmail.com','0775-908-247','elena-ramona.birgaoanu-acaei','parola',89,'2020-05-27 10:31:48','68.204.67.222','ffO77H5RpZJMLcMJWTaMdfTrQOnEZe1j1muYAIKx6gidHechePHDe9oUSvT809mj','2018-07-13 02:32:13','0000-00-00 00:00:00','2018-07-13 21:55:31',4,'2018-07-13 21:59:29','2020-04-15 14:55:49',3),(346,'Scrobota','Daniel-Andrei','daniel-andrei.scrobota@protonmail.com','0765-006-107','daniel-andrei.scrobota','parola',64,'2020-05-27 10:31:48','155.109.77.58','ffO77H5RpZJMLcMJWTaMdfTrQOnEZe1j1muYAIKx6gidHechePHDe9oUSvT809mj','2018-08-25 07:44:02','0000-00-00 00:00:00','2018-08-25 12:04:41',3,'2018-08-25 12:06:43','2020-05-18 08:03:21',3),(347,'Isacenco','Gheorghe','gheorgheisacenco@yahoo.com','0773-094-520','gheorgheisacenco','parola',105,'2020-05-27 10:31:48','55.102.92.153','ffO77H5RpZJMLcMJWTaMdfTrQOnEZe1j1muYAIKx6gidHechePHDe9oUSvT809mj','2019-07-27 16:10:05','0000-00-00 00:00:00','2019-07-28 03:40:29',2,'2019-07-28 03:42:45','2020-04-17 15:15:59',3),(348,'Bradeanu','Adina-Ioana','adina-ioanabradeanu@protonmail.com','0731-619-609','adina-ioanabradeanu','parola',80,'2020-05-27 10:31:48','236.220.139.37','ffO77H5RpZJMLcMJWTaMdfTrQOnEZe1j1muYAIKx6gidHechePHDe9oUSvT809mj','2019-10-27 18:44:54','0000-00-00 00:00:00','2019-10-29 15:11:56',1,'2019-10-29 15:15:11','2020-04-09 11:49:01',3),(349,'Vasilescu','Cristinel','cristinelvasilescu@aol.com','0774-034-320','cristinelvasilescu','parola',137,'2020-05-27 10:31:48','13.204.229.33','ffO77H5RpZJMLcMJWTaMdfTrQOnEZe1j1muYAIKx6gidHechePHDe9oUSvT809mj','2018-04-27 06:20:52','0000-00-00 00:00:00','2018-04-29 02:01:53',1,'2018-04-29 02:05:19','2020-03-30 23:58:10',3),(350,'Ceafalau','Alexandru Dan','alexandrudanceafalau@yahoo.com','0776-517-349','alexandrudanceafalau','parola',96,'2020-05-27 10:31:48','226.31.225.31','ffO77H5RpZJMLcMJWTaMdfTrQOnEZe1j1muYAIKx6gidHechePHDe9oUSvT809mj','2020-01-18 08:36:12','0000-00-00 00:00:00','2020-01-19 21:37:08',3,'2020-01-19 21:40:36','2020-05-07 20:02:58',3),(351,'Lixandru','Mihai Florian','mihaiflorianlixandru@gmail.com','0774-128-523','mihaiflorianlixandru','parola',117,'2020-05-27 10:31:48','227.39.16.208','ffO77H5RpZJMLcMJWTaMdfTrQOnEZe1j1muYAIKx6gidHechePHDe9oUSvT809mj','2019-03-15 09:05:00','0000-00-00 00:00:00','2019-03-15 15:03:40',1,'2019-03-15 15:06:39','2020-04-12 00:06:59',3),(352,'Razvan Anton','Ioan-Alexandru','ioan-alexandru.razvan anton@outlook.com','0788-193-367','ioan-alexandru.razvan anton','parola',149,'2020-05-27 10:31:48','242.85.198.232','ffO77H5RpZJMLcMJWTaMdfTrQOnEZe1j1muYAIKx6gidHechePHDe9oUSvT809mj','2019-10-13 04:42:59','0000-00-00 00:00:00','2019-10-13 19:30:29',3,'2019-10-13 19:33:02','2020-04-12 20:05:11',3),(353,'Caragheorghii','Cernea','cernea_caragheorghii@outlook.com','0738-768-807','cernea_caragheorghii','parola',145,'2020-05-27 10:31:48','65.127.190.66','ffO77H5RpZJMLcMJWTaMdfTrQOnEZe1j1muYAIKx6gidHechePHDe9oUSvT809mj','2019-03-23 05:26:33','0000-00-00 00:00:00','2019-03-23 13:25:03',2,'2019-03-23 13:28:53','2020-05-03 14:46:01',3),(354,'Daniela','Petru','petru_daniela@yahoo.com','0765-006-107','petru_daniela','parola',127,'2020-05-27 10:31:48','8.91.181.130','ffO77H5RpZJMLcMJWTaMdfTrQOnEZe1j1muYAIKx6gidHechePHDe9oUSvT809mj','2018-09-08 22:10:21','0000-00-00 00:00:00','2018-09-10 17:37:24',2,'2018-09-10 17:40:56','2020-04-13 06:19:20',3),(355,'Rebrisoreanu','Ladislau','ladislau_rebrisoreanu@gmail.com','0783-766-713','ladislau_rebrisoreanu','parola',50,'2020-05-27 10:31:48','104.129.80.13','ffO77H5RpZJMLcMJWTaMdfTrQOnEZe1j1muYAIKx6gidHechePHDe9oUSvT809mj','2019-09-09 07:38:41','0000-00-00 00:00:00','2019-09-09 08:55:27',4,'2019-09-09 08:57:38','2020-05-01 18:57:44',3),(356,'Efrim','Gheorghe','gheorghe_efrim@gmail.com','0776-517-349','gheorghe_efrim','parola',123,'2020-05-27 10:31:48','75.82.183.167','ffO77H5RpZJMLcMJWTaMdfTrQOnEZe1j1muYAIKx6gidHechePHDe9oUSvT809mj','2018-04-20 04:48:59','0000-00-00 00:00:00','2018-04-21 00:48:41',3,'2018-04-21 00:50:59','2020-04-02 20:35:30',3),(357,'Crutan','Adrian-Marian','adrian-marian.crutan@protonmail.com','0738-768-807','adrian-marian.crutan','parola',112,'2020-05-27 10:31:48','36.177.27.101','ffO77H5RpZJMLcMJWTaMdfTrQOnEZe1j1muYAIKx6gidHechePHDe9oUSvT809mj','2018-05-08 10:15:26','0000-00-00 00:00:00','2018-05-08 10:20:38',2,'2018-05-08 10:23:36','2020-05-16 02:41:33',3),(358,'Iacob','Gabriel George','gabrielgeorge_iacob@gmail.com','0739-086-896','gabrielgeorge_iacob','parola',141,'2020-05-27 10:31:48','172.58.20.176','ffO77H5RpZJMLcMJWTaMdfTrQOnEZe1j1muYAIKx6gidHechePHDe9oUSvT809mj','2018-10-07 21:56:48','0000-00-00 00:00:00','2018-10-09 10:20:41',4,'2018-10-09 10:24:37','2020-05-14 19:27:54',3),(359,'Preda','Eugen Gabriel','eugengabriel_preda@aol.com','0783-766-713','eugengabriel_preda','parola',119,'2020-05-27 10:31:48','69.65.118.142','ffO77H5RpZJMLcMJWTaMdfTrQOnEZe1j1muYAIKx6gidHechePHDe9oUSvT809mj','2018-09-15 16:04:18','0000-00-00 00:00:00','2018-09-17 05:45:06',2,'2018-09-17 05:47:54','2020-04-30 06:57:46',3),(360,'Bozonc','Gheorghe','gheorghebozonc@gmail.com','0766-716-714','gheorghebozonc','parola',126,'2020-05-27 10:31:48','104.92.149.217','ffO77H5RpZJMLcMJWTaMdfTrQOnEZe1j1muYAIKx6gidHechePHDe9oUSvT809mj','2019-02-23 23:37:40','0000-00-00 00:00:00','2019-02-25 06:47:05',2,'2019-02-25 06:49:15','2020-04-22 11:06:10',3),(361,'Pampu','Razvan-Eugen','razvan-eugenpampu@outlook.com','0744-363-262','razvan-eugenpampu','parola',120,'2020-05-27 10:31:48','138.35.11.197','ffO77H5RpZJMLcMJWTaMdfTrQOnEZe1j1muYAIKx6gidHechePHDe9oUSvT809mj','2019-07-17 07:02:02','0000-00-00 00:00:00','2019-07-19 01:43:43',4,'2019-07-19 01:46:10','2020-04-26 21:18:32',3),(362,'Fratila','Bogdan Claudiu','bogdanclaudiufratila@outlook.com','0763-884-434','bogdanclaudiufratila','parola',73,'2020-05-27 10:31:48','201.164.213.75','ffO77H5RpZJMLcMJWTaMdfTrQOnEZe1j1muYAIKx6gidHechePHDe9oUSvT809mj','2018-03-06 21:23:46','0000-00-00 00:00:00','2018-03-07 21:20:56',3,'2018-03-07 21:24:41','2020-04-11 14:57:07',3),(363,'Ghita Petrache','Elama','elamaghita petrache@protonmail.com','0767-778-559','elamaghita petrache','parola',55,'2020-05-27 10:31:48','231.180.206.238','ffO77H5RpZJMLcMJWTaMdfTrQOnEZe1j1muYAIKx6gidHechePHDe9oUSvT809mj','2018-03-09 22:59:19','0000-00-00 00:00:00','2018-03-11 14:37:07',1,'2018-03-11 14:40:30','2020-05-13 18:29:09',3),(364,'Pricope','Stefan-Daniel','stefan-daniel_pricope@yahoo.com','0783-766-713','stefan-daniel_pricope','parola',108,'2020-05-27 10:31:48','69.132.200.101','ffO77H5RpZJMLcMJWTaMdfTrQOnEZe1j1muYAIKx6gidHechePHDe9oUSvT809mj','2018-04-26 11:51:52','0000-00-00 00:00:00','2018-04-27 18:06:23',2,'2018-04-27 18:10:06','2020-04-06 19:21:04',3),(365,'Cindea','Florin Eugen','florineugen_cindea@gmail.com','0763-884-434','florineugen_cindea','parola',123,'2020-05-27 10:31:48','156.225.157.108','ffO77H5RpZJMLcMJWTaMdfTrQOnEZe1j1muYAIKx6gidHechePHDe9oUSvT809mj','2018-12-10 23:28:01','0000-00-00 00:00:00','2018-12-12 07:44:13',4,'2018-12-12 07:46:37','2020-04-29 21:55:09',3),(366,'Scurtu-Andrei','Ionu Cristian','ionucristian_scurtu-andrei@aol.com','0747-193-575','ionucristian_scurtu-andrei','parola',143,'2020-05-27 10:31:48','68.13.108.3','ffO77H5RpZJMLcMJWTaMdfTrQOnEZe1j1muYAIKx6gidHechePHDe9oUSvT809mj','2019-09-06 18:51:01','0000-00-00 00:00:00','2019-09-07 17:25:28',4,'2019-09-07 17:28:20','2020-04-12 20:17:22',3),(367,'Cusma','Bogdan Cosmin','bogdancosmincusma@aol.com','0768-088-243','bogdancosmincusma','parola',98,'2020-05-27 10:31:48','188.180.83.125','ffO77H5RpZJMLcMJWTaMdfTrQOnEZe1j1muYAIKx6gidHechePHDe9oUSvT809mj','2019-07-02 08:57:39','0000-00-00 00:00:00','2019-07-03 00:58:18',1,'2019-07-03 01:01:26','2020-05-10 19:20:30',3),(368,'Morosanu','Marian Marius','marianmariusmorosanu@outlook.com','0783-386-503','marianmariusmorosanu','parola',108,'2020-05-27 10:31:48','123.239.76.161','ffO77H5RpZJMLcMJWTaMdfTrQOnEZe1j1muYAIKx6gidHechePHDe9oUSvT809mj','2018-05-16 21:21:49','0000-00-00 00:00:00','2018-05-17 09:38:45',2,'2018-05-17 09:41:50','2020-05-19 04:35:12',3),(369,'Iamandi','Danut Valentin','danutvalentiniamandi@protonmail.com','0780-773-180','danutvalentiniamandi','parola',100,'2020-05-27 10:31:48','75.141.230.223','ffO77H5RpZJMLcMJWTaMdfTrQOnEZe1j1muYAIKx6gidHechePHDe9oUSvT809mj','2019-04-13 17:02:41','0000-00-00 00:00:00','2019-04-14 06:22:26',1,'2019-04-14 06:24:28','2020-04-07 05:39:16',3),(370,'Opris','Bejan','bejanopris@gmail.com','0766-066-516','bejanopris','parola',125,'2020-05-27 10:31:48','173.195.203.182','ffO77H5RpZJMLcMJWTaMdfTrQOnEZe1j1muYAIKx6gidHechePHDe9oUSvT809mj','2019-03-18 06:14:35','0000-00-00 00:00:00','2019-03-19 11:59:29',1,'2019-03-19 12:02:24','2020-04-15 19:08:04',3),(371,'Cernica','Adina-Maria','adina-mariacernica@aol.com','0774-128-523','adina-mariacernica','parola',74,'2020-05-27 10:31:48','46.184.29.93','ffO77H5RpZJMLcMJWTaMdfTrQOnEZe1j1muYAIKx6gidHechePHDe9oUSvT809mj','2018-02-13 13:11:26','0000-00-00 00:00:00','2018-02-14 01:53:44',1,'2018-02-14 01:56:16','2020-04-01 20:25:24',3),(372,'Bleotu','Dan Constantin','danconstantin.bleotu@outlook.com','0737-327-256','danconstantin.bleotu','parola',147,'2020-05-27 10:31:48','127.104.137.124','ffO77H5RpZJMLcMJWTaMdfTrQOnEZe1j1muYAIKx6gidHechePHDe9oUSvT809mj','2018-11-21 08:20:02','0000-00-00 00:00:00','2018-11-22 06:33:50',2,'2018-11-22 06:37:43','2020-04-28 04:22:01',3),(373,'Ciolompea','Flaviu','flaviu.ciolompea@yahoo.com','0780-479-271','flaviu.ciolompea','parola',63,'2020-05-27 10:31:48','204.150.134.219','ffO77H5RpZJMLcMJWTaMdfTrQOnEZe1j1muYAIKx6gidHechePHDe9oUSvT809mj','2020-01-02 11:12:28','0000-00-00 00:00:00','2020-01-03 12:11:33',4,'2020-01-03 12:15:23','2020-04-19 01:18:39',3),(374,'Stoicescu','Lucia-Ionela','lucia-ionela.stoicescu@protonmail.com','0768-256-936','lucia-ionela.stoicescu','parola',123,'2020-05-27 10:31:48','190.42.138.62','ffO77H5RpZJMLcMJWTaMdfTrQOnEZe1j1muYAIKx6gidHechePHDe9oUSvT809mj','2019-04-10 16:08:50','0000-00-00 00:00:00','2019-04-11 02:19:53',1,'2019-04-11 02:23:25','2020-04-16 04:08:13',3),(375,'Alexandru','Matei','matei_alexandru@yahoo.com','0731-953-553','matei_alexandru','parola',78,'2020-05-27 10:31:48','145.37.251.139','ffO77H5RpZJMLcMJWTaMdfTrQOnEZe1j1muYAIKx6gidHechePHDe9oUSvT809mj','2018-04-10 08:13:19','0000-00-00 00:00:00','2018-04-11 08:08:20',1,'2018-04-11 08:10:30','2020-04-29 03:26:10',3),(376,'Puscasu','Popa','popa.puscasu@gmail.com','0785-970-268','popa.puscasu','parola',73,'2020-05-27 10:31:48','192.42.133.38','ffO77H5RpZJMLcMJWTaMdfTrQOnEZe1j1muYAIKx6gidHechePHDe9oUSvT809mj','2019-06-18 01:46:43','0000-00-00 00:00:00','2019-06-19 18:45:40',2,'2019-06-19 18:47:56','2020-05-11 18:29:06',3),(377,'Nena','Adina-Minodora','adina-minodora.nena@aol.com','0747-197-920','adina-minodora.nena','parola',81,'2020-05-27 10:31:48','40.84.47.231','ffO77H5RpZJMLcMJWTaMdfTrQOnEZe1j1muYAIKx6gidHechePHDe9oUSvT809mj','2018-05-28 17:20:12','0000-00-00 00:00:00','2018-05-30 06:26:53',3,'2018-05-30 06:29:45','2020-04-05 02:51:46',3),(378,'Turcu','Ilie Daniel','iliedaniel.turcu@yahoo.com','0776-914-683','iliedaniel.turcu','parola',136,'2020-05-27 10:31:48','15.129.100.110','ffO77H5RpZJMLcMJWTaMdfTrQOnEZe1j1muYAIKx6gidHechePHDe9oUSvT809mj','2019-07-24 18:27:26','0000-00-00 00:00:00','2019-07-25 09:01:03',1,'2019-07-25 09:04:32','2020-04-27 11:28:53',3),(379,'Monoreanu','Nicoleta','nicoletamonoreanu@protonmail.com','0731-432-812','nicoletamonoreanu','parola',86,'2020-05-27 10:31:48','250.167.86.175','ffO77H5RpZJMLcMJWTaMdfTrQOnEZe1j1muYAIKx6gidHechePHDe9oUSvT809mj','2018-07-06 01:23:10','0000-00-00 00:00:00','2018-07-06 10:48:10',4,'2018-07-06 10:51:00','2020-04-05 17:33:50',3),(380,'Dulea','Nicusor-Dorinel','nicusor-dorinel.dulea@protonmail.com','0742-971-321','nicusor-dorinel.dulea','parola',73,'2020-05-27 10:31:48','118.61.199.60','ffO77H5RpZJMLcMJWTaMdfTrQOnEZe1j1muYAIKx6gidHechePHDe9oUSvT809mj','2019-10-14 08:40:05','0000-00-00 00:00:00','2019-10-14 12:01:14',1,'2019-10-14 12:05:00','2020-04-12 13:01:42',3),(381,'Sorin','Mihail Florian','mihailflorian.sorin@protonmail.com','0774-128-523','mihailflorian.sorin','parola',58,'2020-05-27 10:31:48','204.87.74.106','ffO77H5RpZJMLcMJWTaMdfTrQOnEZe1j1muYAIKx6gidHechePHDe9oUSvT809mj','2019-04-25 00:17:33','0000-00-00 00:00:00','2019-04-26 12:45:21',4,'2019-04-26 12:47:40','2020-05-20 23:08:01',3),(382,'Iconaru','Ioan Romica','ioanromicaiconaru@gmail.com','0789-453-761','ioanromicaiconaru','parola',121,'2020-05-27 10:31:48','55.205.109.177','ffO77H5RpZJMLcMJWTaMdfTrQOnEZe1j1muYAIKx6gidHechePHDe9oUSvT809mj','2019-02-16 08:34:06','0000-00-00 00:00:00','2019-02-17 12:46:38',1,'2019-02-17 12:48:55','2020-05-10 00:21:39',3),(383,'Varjoghe','Sergiu Cristian','sergiucristianvarjoghe@protonmail.com','0723-136-085','sergiucristianvarjoghe','parola',83,'2020-05-27 10:31:48','59.10.121.76','ffO77H5RpZJMLcMJWTaMdfTrQOnEZe1j1muYAIKx6gidHechePHDe9oUSvT809mj','2019-08-14 03:04:24','0000-00-00 00:00:00','2019-08-15 10:40:39',4,'2019-08-15 10:43:07','2020-05-22 15:05:14',3),(384,'Samoila','Eusebiu','eusebiu.samoila@protonmail.com','0765-006-107','eusebiu.samoila','parola',100,'2020-05-27 10:31:48','15.94.176.97','ffO77H5RpZJMLcMJWTaMdfTrQOnEZe1j1muYAIKx6gidHechePHDe9oUSvT809mj','2018-08-15 22:46:17','0000-00-00 00:00:00','2018-08-17 00:06:58',1,'2018-08-17 00:10:26','2020-04-26 19:06:00',3),(385,'Geanta','Ana-Alina','ana-alina_geanta@protonmail.com','0731-364-386','ana-alina_geanta','parola',104,'2020-05-27 10:31:48','205.233.46.32','ffO77H5RpZJMLcMJWTaMdfTrQOnEZe1j1muYAIKx6gidHechePHDe9oUSvT809mj','2018-03-06 17:44:49','0000-00-00 00:00:00','2018-03-08 01:36:27',1,'2018-03-08 01:40:26','2020-05-12 09:53:28',3),(386,'Elena','Mihail-Razvan','mihail-razvan_elena@outlook.com','0779-484-246','mihail-razvan_elena','parola',70,'2020-05-27 10:31:48','19.250.188.191','ffO77H5RpZJMLcMJWTaMdfTrQOnEZe1j1muYAIKx6gidHechePHDe9oUSvT809mj','2018-12-10 05:31:52','0000-00-00 00:00:00','2018-12-11 16:45:02',2,'2018-12-11 16:48:34','2020-04-15 08:54:08',3),(387,'Grosoiu','Ionu Constantin','ionuconstantin.grosoiu@protonmail.com','0789-699-177','ionuconstantin.grosoiu','parola',88,'2020-05-27 10:31:48','139.120.181.43','ffO77H5RpZJMLcMJWTaMdfTrQOnEZe1j1muYAIKx6gidHechePHDe9oUSvT809mj','2018-02-02 07:31:25','0000-00-00 00:00:00','2018-02-03 15:59:23',3,'2018-02-03 16:03:04','2020-04-15 22:29:27',3),(388,'Vacalie','Ctlin Florin','ctlinflorin.vacalie@gmail.com','0783-386-503','ctlinflorin.vacalie','parola',81,'2020-05-27 10:31:48','173.233.144.21','ffO77H5RpZJMLcMJWTaMdfTrQOnEZe1j1muYAIKx6gidHechePHDe9oUSvT809mj','2019-07-17 06:08:05','0000-00-00 00:00:00','2019-07-17 14:45:23',2,'2019-07-17 14:49:13','2020-05-09 00:25:51',3),(389,'Stoica','Ioan-Alexandru','ioan-alexandru.stoica@aol.com','0731-836-366','ioan-alexandru.stoica','parola',89,'2020-05-27 10:31:48','169.31.149.148','ffO77H5RpZJMLcMJWTaMdfTrQOnEZe1j1muYAIKx6gidHechePHDe9oUSvT809mj','2019-05-10 17:12:45','0000-00-00 00:00:00','2019-05-12 10:52:23',4,'2019-05-12 10:54:32','2020-04-30 23:25:41',3),(390,'Radulescu-Stinga','Puscasu','puscasuradulescu-stinga@yahoo.com','0764-623-355','puscasuradulescu-stinga','parola',56,'2020-05-27 10:31:48','42.13.188.149','ffO77H5RpZJMLcMJWTaMdfTrQOnEZe1j1muYAIKx6gidHechePHDe9oUSvT809mj','2020-01-28 04:46:06','0000-00-00 00:00:00','2020-01-29 19:09:24',3,'2020-01-29 19:12:40','2020-05-13 06:31:53',3),(391,'Caras','Irina-Alexandra','irina-alexandra.caras@aol.com','0781-191-793','irina-alexandra.caras','parola',63,'2020-05-27 10:31:48','179.196.192.120','ffO77H5RpZJMLcMJWTaMdfTrQOnEZe1j1muYAIKx6gidHechePHDe9oUSvT809mj','2018-03-24 05:18:52','0000-00-00 00:00:00','2018-03-25 00:13:25',2,'2018-03-25 00:17:19','2020-04-07 03:07:11',3),(392,'Surdu','Nedelea','nedeleasurdu@yahoo.com','0760-785-444','nedeleasurdu','parola',96,'2020-05-27 10:31:48','22.250.183.164','ffO77H5RpZJMLcMJWTaMdfTrQOnEZe1j1muYAIKx6gidHechePHDe9oUSvT809mj','2018-10-27 21:22:36','0000-00-00 00:00:00','2018-10-29 00:42:31',4,'2018-10-29 00:46:11','2020-05-03 00:37:32',3),(393,'Manailescu','Serban-Ciprian','serban-ciprian_manailescu@protonmail.com','0725-308-864','serban-ciprian_manailescu','parola',141,'2020-05-27 10:31:48','19.100.194.168','ffO77H5RpZJMLcMJWTaMdfTrQOnEZe1j1muYAIKx6gidHechePHDe9oUSvT809mj','2019-05-09 04:03:01','0000-00-00 00:00:00','2019-05-10 11:55:55',1,'2019-05-10 11:58:34','2020-04-27 10:30:53',3),(394,'Cuconu','Suzana','suzana.cuconu@protonmail.com','0731-953-553','suzana.cuconu','parola',67,'2020-05-27 10:31:48','7.27.114.236','ffO77H5RpZJMLcMJWTaMdfTrQOnEZe1j1muYAIKx6gidHechePHDe9oUSvT809mj','2018-03-18 13:13:54','0000-00-00 00:00:00','2018-03-19 18:35:40',2,'2018-03-19 18:37:57','2020-05-13 13:22:54',3),(395,'Bolea','Gheorghe','gheorghebolea@aol.com','0721-212-883','gheorghebolea','parola',63,'2020-05-27 10:31:48','88.232.143.16','ffO77H5RpZJMLcMJWTaMdfTrQOnEZe1j1muYAIKx6gidHechePHDe9oUSvT809mj','2018-11-30 15:06:59','0000-00-00 00:00:00','2018-11-30 18:14:09',3,'2018-11-30 18:17:38','2020-04-19 04:06:36',3),(396,'Baiu','Nicolae Robert','nicolaerobertbaiu@yahoo.com','0773-208-281','nicolaerobertbaiu','parola',64,'2020-05-27 10:31:48','152.209.87.58','ffO77H5RpZJMLcMJWTaMdfTrQOnEZe1j1muYAIKx6gidHechePHDe9oUSvT809mj','2019-11-10 20:59:51','0000-00-00 00:00:00','2019-11-11 20:27:23',4,'2019-11-11 20:29:56','2020-05-01 12:03:27',3),(397,'Caragheorghii','Adrian Ion','adrianion.caragheorghii@aol.com','0785-970-268','adrianion.caragheorghii','parola',83,'2020-05-27 10:31:48','28.214.233.22','ffO77H5RpZJMLcMJWTaMdfTrQOnEZe1j1muYAIKx6gidHechePHDe9oUSvT809mj','2018-06-23 20:44:52','0000-00-00 00:00:00','2018-06-24 08:38:04',2,'2018-06-24 08:40:21','2020-05-14 13:40:21',3),(398,'Victor','Toma','toma.victor@yahoo.com','0731-953-553','toma.victor','parola',73,'2020-05-27 10:31:48','160.230.171.164','ffO77H5RpZJMLcMJWTaMdfTrQOnEZe1j1muYAIKx6gidHechePHDe9oUSvT809mj','2018-09-21 01:51:24','0000-00-00 00:00:00','2018-09-22 14:51:46',4,'2018-09-22 14:55:36','2020-04-12 00:56:09',3),(399,'Hodivoianu','Laurentiu-George','laurentiu-george_hodivoianu@protonmail.com','0744-654-493','laurentiu-george_hodivoianu','parola',65,'2020-05-27 10:31:48','56.34.2.155','ffO77H5RpZJMLcMJWTaMdfTrQOnEZe1j1muYAIKx6gidHechePHDe9oUSvT809mj','2018-02-04 04:09:00','0000-00-00 00:00:00','2018-02-04 09:28:17',3,'2018-02-04 09:30:34','2020-05-23 16:17:03',3),(400,'Peter','Radu Stefan','radustefan_peter@aol.com','0731-836-366','radustefan_peter','parola',56,'2020-05-27 10:31:48','17.118.39.91','ffO77H5RpZJMLcMJWTaMdfTrQOnEZe1j1muYAIKx6gidHechePHDe9oUSvT809mj','2018-03-24 00:17:21','0000-00-00 00:00:00','2018-03-24 11:49:40',2,'2018-03-24 11:53:38','2020-05-25 02:23:26',3),(401,'Stanca','Daniel-Laurentiu','daniel-laurentiustanca@yahoo.com','0731-364-386','daniel-laurentiustanca','parola',137,'2020-05-27 10:31:48','86.153.8.78','ffO77H5RpZJMLcMJWTaMdfTrQOnEZe1j1muYAIKx6gidHechePHDe9oUSvT809mj','2018-10-05 22:06:23','0000-00-00 00:00:00','2018-10-07 15:47:08',2,'2018-10-07 15:50:05','2020-03-29 03:50:47',3),(402,'Ludu','Stoian','stoian_ludu@yahoo.com','0788-599-870','stoian_ludu','parola',65,'2020-05-27 10:31:48','115.88.93.202','ffO77H5RpZJMLcMJWTaMdfTrQOnEZe1j1muYAIKx6gidHechePHDe9oUSvT809mj','2019-01-19 22:46:28','0000-00-00 00:00:00','2019-01-21 04:30:14',3,'2019-01-21 04:33:04','2020-04-13 13:39:05',3),(403,'Corodeanu','Zara','zara.corodeanu@gmail.com','0781-969-370','zara.corodeanu','parola',68,'2020-05-27 10:31:48','227.29.214.230','ffO77H5RpZJMLcMJWTaMdfTrQOnEZe1j1muYAIKx6gidHechePHDe9oUSvT809mj','2018-11-23 08:39:44','0000-00-00 00:00:00','2018-11-24 08:13:21',4,'2018-11-24 08:16:44','2020-04-17 22:25:55',3),(404,'Strambu','Liviu Stefan','liviustefan_strambu@outlook.com','0742-971-321','liviustefan_strambu','parola',93,'2020-05-27 10:31:48','5.85.159.38','ffO77H5RpZJMLcMJWTaMdfTrQOnEZe1j1muYAIKx6gidHechePHDe9oUSvT809mj','2019-03-27 08:05:53','0000-00-00 00:00:00','2019-03-28 12:39:42',1,'2019-03-28 12:42:07','2020-05-24 09:53:26',3),(405,'Achim','Corneliu Mihai','corneliumihaiachim@protonmail.com','0778-289-838','corneliumihaiachim','parola',113,'2020-05-27 10:31:48','210.186.47.175','ffO77H5RpZJMLcMJWTaMdfTrQOnEZe1j1muYAIKx6gidHechePHDe9oUSvT809mj','2019-05-28 23:36:47','0000-00-00 00:00:00','2019-05-29 23:42:02',3,'2019-05-29 23:45:56','2020-05-11 01:56:01',3),(406,'Chesoi','Iulian-Daniel','iulian-daniel.chesoi@protonmail.com','0738-237-301','iulian-daniel.chesoi','parola',136,'2020-05-27 10:31:48','233.139.246.62','ffO77H5RpZJMLcMJWTaMdfTrQOnEZe1j1muYAIKx6gidHechePHDe9oUSvT809mj','2019-03-31 06:52:53','0000-00-00 00:00:00','2019-04-01 17:34:40',4,'2019-04-01 17:36:57','2020-05-17 14:40:49',3),(407,'Cusma','Stefan-Calin','stefan-calincusma@protonmail.com','0781-900-427','stefan-calincusma','parola',89,'2020-05-27 10:31:48','70.162.100.10','ffO77H5RpZJMLcMJWTaMdfTrQOnEZe1j1muYAIKx6gidHechePHDe9oUSvT809mj','2019-12-04 20:40:38','0000-00-00 00:00:00','2019-12-05 01:50:50',4,'2019-12-05 01:54:35','2020-03-29 12:20:48',3),(408,'Oprisor','Nicolae florin','nicolaeflorin_oprisor@aol.com','0782-274-255','nicolaeflorin_oprisor','parola',91,'2020-05-27 10:31:48','2.225.118.163','ffO77H5RpZJMLcMJWTaMdfTrQOnEZe1j1muYAIKx6gidHechePHDe9oUSvT809mj','2019-10-24 19:51:07','0000-00-00 00:00:00','2019-10-25 13:33:45',1,'2019-10-25 13:37:40','2020-05-07 19:17:00',3),(409,'Hrisca','Adriana-Ioana','adriana-ioana.hrisca@gmail.com','0779-813-562','adriana-ioana.hrisca','parola',138,'2020-05-27 10:31:48','211.66.194.22','ffO77H5RpZJMLcMJWTaMdfTrQOnEZe1j1muYAIKx6gidHechePHDe9oUSvT809mj','2019-03-17 22:20:14','0000-00-00 00:00:00','2019-03-18 23:19:50',3,'2019-03-18 23:22:08','2020-04-16 07:09:14',3),(410,'Efrim','Mircea Alexandru','mirceaalexandru_efrim@outlook.com','0725-991-017','mirceaalexandru_efrim','parola',68,'2020-05-27 10:31:48','28.69.11.97','ffO77H5RpZJMLcMJWTaMdfTrQOnEZe1j1muYAIKx6gidHechePHDe9oUSvT809mj','2018-07-09 13:14:28','0000-00-00 00:00:00','2018-07-10 13:01:32',3,'2018-07-10 13:05:17','2020-05-04 09:34:21',3),(411,'Bica','Vladimir','vladimir.bica@gmail.com','0774-034-320','vladimir.bica','parola',75,'2020-05-27 10:31:48','201.212.206.142','ffO77H5RpZJMLcMJWTaMdfTrQOnEZe1j1muYAIKx6gidHechePHDe9oUSvT809mj','2018-11-22 08:18:13','0000-00-00 00:00:00','2018-11-24 04:11:47',2,'2018-11-24 04:15:39','2020-04-06 19:08:49',3),(412,'Nicolaescu','Mirela','mirela.nicolaescu@gmail.com','0738-768-807','mirela.nicolaescu','parola',123,'2020-05-27 10:31:48','90.22.89.129','ffO77H5RpZJMLcMJWTaMdfTrQOnEZe1j1muYAIKx6gidHechePHDe9oUSvT809mj','2018-10-26 10:54:16','0000-00-00 00:00:00','2018-10-26 14:57:52',4,'2018-10-26 14:59:59','2020-03-28 02:40:14',3),(413,'Drogeanu','Radu Stefan','radustefandrogeanu@gmail.com','0781-900-427','radustefandrogeanu','parola',141,'2020-05-27 10:31:48','125.236.54.60','ffO77H5RpZJMLcMJWTaMdfTrQOnEZe1j1muYAIKx6gidHechePHDe9oUSvT809mj','2019-05-02 14:43:18','0000-00-00 00:00:00','2019-05-03 23:17:39',2,'2019-05-03 23:20:37','2020-05-01 11:33:54',3),(414,'Minciuna','Nicolae Aurelian','nicolaeaurelianminciuna@yahoo.com','0772-969-797','nicolaeaurelianminciuna','parola',86,'2020-05-27 10:31:48','138.8.124.93','ffO77H5RpZJMLcMJWTaMdfTrQOnEZe1j1muYAIKx6gidHechePHDe9oUSvT809mj','2018-02-18 02:00:16','0000-00-00 00:00:00','2018-02-18 08:38:14',1,'2018-02-18 08:40:42','2020-05-19 18:33:32',3),(415,'Mosorescu','Florian','florian_mosorescu@gmail.com','0738-237-301','florian_mosorescu','parola',58,'2020-05-27 10:31:48','91.176.105.247','ffO77H5RpZJMLcMJWTaMdfTrQOnEZe1j1muYAIKx6gidHechePHDe9oUSvT809mj','2018-07-30 22:58:02','0000-00-00 00:00:00','2018-08-01 06:21:51',1,'2018-08-01 06:25:19','2020-05-08 02:50:47',3),(416,'Rotaru','Titus','titus.rotaru@aol.com','0731-619-609','titus.rotaru','parola',81,'2020-05-27 10:31:48','166.91.202.236','ffO77H5RpZJMLcMJWTaMdfTrQOnEZe1j1muYAIKx6gidHechePHDe9oUSvT809mj','2018-05-31 21:55:58','0000-00-00 00:00:00','2018-06-02 14:58:07',2,'2018-06-02 15:02:04','2020-05-16 17:14:20',3),(417,'Iorgus','Ragea','ragea_iorgus@aol.com','0768-256-936','ragea_iorgus','parola',84,'2020-05-27 10:31:48','71.148.25.179','ffO77H5RpZJMLcMJWTaMdfTrQOnEZe1j1muYAIKx6gidHechePHDe9oUSvT809mj','2018-04-03 01:52:17','0000-00-00 00:00:00','2018-04-03 16:48:38',4,'2018-04-03 16:52:01','2020-04-02 22:24:05',3),(418,'Plesita','Andreea','andreeaplesita@gmail.com','0779-484-246','andreeaplesita','parola',126,'2020-05-27 10:31:48','71.64.107.89','ffO77H5RpZJMLcMJWTaMdfTrQOnEZe1j1muYAIKx6gidHechePHDe9oUSvT809mj','2019-12-10 00:40:09','0000-00-00 00:00:00','2019-12-12 00:12:26',4,'2019-12-12 00:15:28','2020-04-01 16:54:42',3),(419,'Iulian','Andrei-Stefan','andrei-stefan.iulian@outlook.com','0721-674-489','andrei-stefan.iulian','parola',130,'2020-05-27 10:31:48','126.110.169.17','ffO77H5RpZJMLcMJWTaMdfTrQOnEZe1j1muYAIKx6gidHechePHDe9oUSvT809mj','2018-11-11 06:50:30','0000-00-00 00:00:00','2018-11-11 07:39:54',4,'2018-11-11 07:42:55','2020-04-05 04:02:20',3),(420,'Pisica','Fareta','faretapisica@gmail.com','0763-884-434','faretapisica','parola',121,'2020-05-27 10:31:48','73.64.99.52','ffO77H5RpZJMLcMJWTaMdfTrQOnEZe1j1muYAIKx6gidHechePHDe9oUSvT809mj','2018-05-28 17:18:37','0000-00-00 00:00:00','2018-05-28 22:45:46',4,'2018-05-28 22:47:46','2020-04-26 04:08:37',3),(421,'Chitiburea','Adriana-Ioana','adriana-ioana_chitiburea@outlook.com','0771-756-806','adriana-ioana_chitiburea','parola',67,'2020-05-27 10:31:48','213.155.135.207','ffO77H5RpZJMLcMJWTaMdfTrQOnEZe1j1muYAIKx6gidHechePHDe9oUSvT809mj','2019-05-12 03:08:11','0000-00-00 00:00:00','2019-05-13 03:52:46',1,'2019-05-13 03:55:43','2020-03-30 01:20:49',3),(422,'Buleteanu','Andrei Ionu','andreiionu_buleteanu@yahoo.com','0766-066-516','andreiionu_buleteanu','parola',120,'2020-05-27 10:31:48','129.24.230.78','ffO77H5RpZJMLcMJWTaMdfTrQOnEZe1j1muYAIKx6gidHechePHDe9oUSvT809mj','2019-07-02 20:51:37','0000-00-00 00:00:00','2019-07-03 08:10:02',3,'2019-07-03 08:12:46','2020-05-13 22:55:34',3),(423,'Negoita','Alexandru Ctlin','alexandructlin_negoita@gmail.com','0744-006-005','alexandructlin_negoita','parola',53,'2020-05-27 10:31:48','196.245.136.192','ffO77H5RpZJMLcMJWTaMdfTrQOnEZe1j1muYAIKx6gidHechePHDe9oUSvT809mj','2019-05-07 08:00:10','0000-00-00 00:00:00','2019-05-08 14:15:34',1,'2019-05-08 14:18:25','2020-05-15 10:21:59',3),(424,'Rolea','Ioana-Corina','ioana-corinarolea@protonmail.com','0725-991-017','ioana-corinarolea','parola',53,'2020-05-27 10:31:48','52.182.4.220','ffO77H5RpZJMLcMJWTaMdfTrQOnEZe1j1muYAIKx6gidHechePHDe9oUSvT809mj','2018-02-23 10:32:34','0000-00-00 00:00:00','2018-02-24 07:51:19',1,'2018-02-24 07:53:23','2020-05-09 20:46:09',3),(425,'Tatasel','Marius Alexandru','mariusalexandru_tatasel@gmail.com','0726-213-820','mariusalexandru_tatasel','parola',58,'2020-05-27 10:31:48','89.34.149.144','ffO77H5RpZJMLcMJWTaMdfTrQOnEZe1j1muYAIKx6gidHechePHDe9oUSvT809mj','2018-08-12 13:48:54','0000-00-00 00:00:00','2018-08-13 05:33:27',2,'2018-08-13 05:37:14','2020-04-07 14:27:43',3),(426,'Frincu','Ctlin-Ionu','ctlin-ionufrincu@gmail.com','0723-136-085','ctlin-ionufrincu','parola',79,'2020-05-27 10:31:48','22.177.66.50','ffO77H5RpZJMLcMJWTaMdfTrQOnEZe1j1muYAIKx6gidHechePHDe9oUSvT809mj','2018-07-17 22:33:22','0000-00-00 00:00:00','2018-07-18 13:16:51',4,'2018-07-18 13:19:36','2020-05-15 14:37:25',3),(427,'Deftu','Valeria','valeria_deftu@aol.com','0731-432-812','valeria_deftu','parola',73,'2020-05-27 10:31:48','47.85.31.149','ffO77H5RpZJMLcMJWTaMdfTrQOnEZe1j1muYAIKx6gidHechePHDe9oUSvT809mj','2018-10-17 08:26:46','0000-00-00 00:00:00','2018-10-18 10:47:34',4,'2018-10-18 10:49:57','2020-04-28 01:30:35',3),(428,'Aparaschivei','Andrei Sorin','andreisorin_aparaschivei@outlook.com','0742-905-842','andreisorin_aparaschivei','parola',77,'2020-05-27 10:31:48','150.53.63.154','ffO77H5RpZJMLcMJWTaMdfTrQOnEZe1j1muYAIKx6gidHechePHDe9oUSvT809mj','2018-04-04 07:40:20','0000-00-00 00:00:00','2018-04-05 23:10:53',1,'2018-04-05 23:14:35','2020-04-08 22:21:40',3),(429,'Gersak','Vlad Andrei','vladandrei_gersak@gmail.com','0738-325-676','vladandrei_gersak','parola',118,'2020-05-27 10:31:48','82.193.219.16','ffO77H5RpZJMLcMJWTaMdfTrQOnEZe1j1muYAIKx6gidHechePHDe9oUSvT809mj','2018-10-26 22:07:58','0000-00-00 00:00:00','2018-10-27 20:35:18',3,'2018-10-27 20:38:37','2020-04-26 18:55:47',3),(430,'Plesita','Stefan Calin','stefancalinplesita@aol.com','0725-308-864','stefancalinplesita','parola',109,'2020-05-27 10:31:48','171.53.2.98','ffO77H5RpZJMLcMJWTaMdfTrQOnEZe1j1muYAIKx6gidHechePHDe9oUSvT809mj','2019-04-01 00:45:25','0000-00-00 00:00:00','2019-04-02 18:27:29',2,'2019-04-02 18:31:01','2020-05-21 17:16:50',3),(431,'Simu','Marius Adrian','mariusadrian.simu@protonmail.com','0736-768-365','mariusadrian.simu','parola',142,'2020-05-27 10:31:48','233.118.143.106','ffO77H5RpZJMLcMJWTaMdfTrQOnEZe1j1muYAIKx6gidHechePHDe9oUSvT809mj','2019-09-11 18:29:48','0000-00-00 00:00:00','2019-09-13 15:35:08',3,'2019-09-13 15:38:50','2020-04-01 01:23:27',3),(432,'Penes','Ovidiu Stefan','ovidiustefanpenes@protonmail.com','0772-168-218','ovidiustefanpenes','parola',135,'2020-05-27 10:31:48','103.193.156.200','ffO77H5RpZJMLcMJWTaMdfTrQOnEZe1j1muYAIKx6gidHechePHDe9oUSvT809mj','2018-08-28 03:19:18','0000-00-00 00:00:00','2018-08-28 07:36:46',1,'2018-08-28 07:40:40','2020-05-08 04:42:10',3),(433,'Baciu','Silviu Adrian','silviuadrian_baciu@outlook.com','0730-244-883','silviuadrian_baciu','parola',98,'2020-05-27 10:31:48','31.51.162.154','ffO77H5RpZJMLcMJWTaMdfTrQOnEZe1j1muYAIKx6gidHechePHDe9oUSvT809mj','2018-02-09 18:13:42','0000-00-00 00:00:00','2018-02-11 00:22:01',1,'2018-02-11 00:24:26','2020-04-10 15:07:10',3),(434,'Vlad','Anderi Octavian','anderioctavian.vlad@outlook.com','0781-191-793','anderioctavian.vlad','parola',136,'2020-05-27 10:31:48','34.207.181.32','ffO77H5RpZJMLcMJWTaMdfTrQOnEZe1j1muYAIKx6gidHechePHDe9oUSvT809mj','2018-07-01 18:17:12','0000-00-00 00:00:00','2018-07-03 12:03:26',2,'2018-07-03 12:05:49','2020-04-04 21:08:27',3),(435,'Le','Flaviu','flaviu_le@outlook.com','0774-144-697','flaviu_le','parola',135,'2020-05-27 10:31:48','117.238.88.225','ffO77H5RpZJMLcMJWTaMdfTrQOnEZe1j1muYAIKx6gidHechePHDe9oUSvT809mj','2018-01-30 21:51:30','0000-00-00 00:00:00','2018-01-31 20:14:43',3,'2018-01-31 20:17:24','2020-03-28 23:01:50',3),(436,'Patrasinca','Bogdan Eugen','bogdaneugen.patrasinca@gmail.com','0781-191-793','bogdaneugen.patrasinca','parola',119,'2020-05-27 10:31:48','107.108.220.24','ffO77H5RpZJMLcMJWTaMdfTrQOnEZe1j1muYAIKx6gidHechePHDe9oUSvT809mj','2018-11-01 15:32:28','0000-00-00 00:00:00','2018-11-03 02:06:51',3,'2018-11-03 02:09:08','2020-05-11 11:23:00',3),(437,'Dulharu','Cernea','cernea.dulharu@yahoo.com','0775-669-350','cernea.dulharu','parola',139,'2020-05-27 10:31:48','208.216.203.116','ffO77H5RpZJMLcMJWTaMdfTrQOnEZe1j1muYAIKx6gidHechePHDe9oUSvT809mj','2019-11-05 21:14:25','0000-00-00 00:00:00','2019-11-06 06:53:41',2,'2019-11-06 06:57:02','2020-05-06 07:36:05',3),(438,'Grigore','Alina Liliana','alinaliliana.grigore@aol.com','0761-583-251','alinaliliana.grigore','parola',88,'2020-05-27 10:31:48','222.9.128.113','ffO77H5RpZJMLcMJWTaMdfTrQOnEZe1j1muYAIKx6gidHechePHDe9oUSvT809mj','2018-08-24 20:41:18','0000-00-00 00:00:00','2018-08-26 13:11:30',2,'2018-08-26 13:15:25','2020-04-01 17:34:23',3),(439,'Kochan','Bogdan Alexandru','bogdanalexandrukochan@protonmail.com','0744-654-493','bogdanalexandrukochan','parola',72,'2020-05-27 10:31:48','179.54.234.3','ffO77H5RpZJMLcMJWTaMdfTrQOnEZe1j1muYAIKx6gidHechePHDe9oUSvT809mj','2019-08-12 00:49:49','0000-00-00 00:00:00','2019-08-13 06:20:01',1,'2019-08-13 06:23:35','2020-04-26 21:40:57',3),(440,'Alexandru','Nedelea','nedeleaalexandru@aol.com','0772-168-218','nedeleaalexandru','parola',50,'2020-05-27 10:31:48','62.49.58.144','ffO77H5RpZJMLcMJWTaMdfTrQOnEZe1j1muYAIKx6gidHechePHDe9oUSvT809mj','2020-01-13 23:11:46','0000-00-00 00:00:00','2020-01-15 01:09:10',4,'2020-01-15 01:11:13','2020-04-13 00:26:22',3),(441,'Mera','Alexandra Florina','alexandraflorina.mera@yahoo.com','0774-034-320','alexandraflorina.mera','parola',84,'2020-05-27 10:31:48','42.27.6.197','ffO77H5RpZJMLcMJWTaMdfTrQOnEZe1j1muYAIKx6gidHechePHDe9oUSvT809mj','2019-04-07 02:36:01','0000-00-00 00:00:00','2019-04-08 19:49:28',4,'2019-04-08 19:53:01','2020-05-20 16:48:09',3),(442,'Matei','Lucia-Ionela','lucia-ionela_matei@aol.com','0731-432-812','lucia-ionela_matei','parola',121,'2020-05-27 10:31:48','217.244.65.92','ffO77H5RpZJMLcMJWTaMdfTrQOnEZe1j1muYAIKx6gidHechePHDe9oUSvT809mj','2018-02-17 00:31:20','0000-00-00 00:00:00','2018-02-18 08:43:20',4,'2018-02-18 08:46:59','2020-05-07 06:28:20',3),(443,'Dupir','Mihail Florian','mihailfloriandupir@outlook.com','0734-204-473','mihailfloriandupir','parola',102,'2020-05-27 10:31:48','14.41.164.194','ffO77H5RpZJMLcMJWTaMdfTrQOnEZe1j1muYAIKx6gidHechePHDe9oUSvT809mj','2018-10-10 03:55:15','0000-00-00 00:00:00','2018-10-11 17:11:58',1,'2018-10-11 17:15:34','2020-05-09 16:38:12',3),(444,'Caraca','Stefan Alexndru','stefanalexndrucaraca@yahoo.com','0789-437-678','stefanalexndrucaraca','parola',100,'2020-05-27 10:31:48','227.51.74.214','ffO77H5RpZJMLcMJWTaMdfTrQOnEZe1j1muYAIKx6gidHechePHDe9oUSvT809mj','2019-05-26 03:08:48','0000-00-00 00:00:00','2019-05-27 20:53:20',4,'2019-05-27 20:56:22','2020-05-01 05:28:55',3),(445,'Le','Julia','julia.le@outlook.com','0776-517-349','julia.le','parola',143,'2020-05-27 10:31:48','96.89.154.250','ffO77H5RpZJMLcMJWTaMdfTrQOnEZe1j1muYAIKx6gidHechePHDe9oUSvT809mj','2018-08-03 13:04:50','0000-00-00 00:00:00','2018-08-03 13:54:23',4,'2018-08-03 13:56:47','2020-05-12 12:11:01',3),(446,'Calugaru','Nicolae Corneliu','nicolaecorneliu_calugaru@yahoo.com','0771-756-806','nicolaecorneliu_calugaru','parola',65,'2020-05-27 10:31:48','37.184.55.225','ffO77H5RpZJMLcMJWTaMdfTrQOnEZe1j1muYAIKx6gidHechePHDe9oUSvT809mj','2018-08-31 17:04:21','0000-00-00 00:00:00','2018-09-01 15:55:31',2,'2018-09-01 15:58:23','2020-04-02 13:13:07',3),(447,'Sala','George Razvan','georgerazvan.sala@yahoo.com','0767-778-559','georgerazvan.sala','parola',148,'2020-05-27 10:31:48','206.105.154.206','ffO77H5RpZJMLcMJWTaMdfTrQOnEZe1j1muYAIKx6gidHechePHDe9oUSvT809mj','2019-06-25 07:13:53','0000-00-00 00:00:00','2019-06-25 22:58:04',1,'2019-06-25 23:01:15','2020-04-12 10:09:50',3),(448,'Langa','Calin','calin_langa@outlook.com','0788-193-367','calin_langa','parola',97,'2020-05-27 10:31:48','65.206.85.54','ffO77H5RpZJMLcMJWTaMdfTrQOnEZe1j1muYAIKx6gidHechePHDe9oUSvT809mj','2019-04-29 18:02:58','0000-00-00 00:00:00','2019-04-30 04:07:24',2,'2019-04-30 04:10:43','2020-03-30 00:52:44',3),(449,'Mosorescu','Tiberiu Valentin','tiberiuvalentin.mosorescu@yahoo.com','0721-674-489','tiberiuvalentin.mosorescu','parola',89,'2020-05-27 10:31:48','15.160.2.31','ffO77H5RpZJMLcMJWTaMdfTrQOnEZe1j1muYAIKx6gidHechePHDe9oUSvT809mj','2018-02-08 05:39:44','0000-00-00 00:00:00','2018-02-08 08:46:20',1,'2018-02-08 08:49:20','2020-04-24 05:33:19',3),(450,'Pascanu','Tudor Doru','tudordorupascanu@gmail.com','0761-583-251','tudordorupascanu','parola',106,'2020-05-27 10:31:48','146.137.245.64','ffO77H5RpZJMLcMJWTaMdfTrQOnEZe1j1muYAIKx6gidHechePHDe9oUSvT809mj','2018-06-20 07:16:24','0000-00-00 00:00:00','2018-06-21 16:33:06',4,'2018-06-21 16:36:12','2020-04-07 17:53:11',3),(451,'Hanches','Vasile Andrei','vasileandrei.hanches@yahoo.com','0739-391-269','vasileandrei.hanches','parola',112,'2020-05-27 10:31:48','83.221.104.108','ffO77H5RpZJMLcMJWTaMdfTrQOnEZe1j1muYAIKx6gidHechePHDe9oUSvT809mj','2019-12-09 04:29:23','0000-00-00 00:00:00','2019-12-09 17:30:05',1,'2019-12-09 17:32:36','2020-05-02 08:25:08',3),(452,'Cican','Nicolae Corneliu','nicolaecorneliucican@yahoo.com','0771-756-806','nicolaecorneliucican','parola',94,'2020-05-27 10:31:48','225.48.65.177','ffO77H5RpZJMLcMJWTaMdfTrQOnEZe1j1muYAIKx6gidHechePHDe9oUSvT809mj','2018-03-17 09:44:17','0000-00-00 00:00:00','2018-03-17 22:54:40',2,'2018-03-17 22:57:56','2020-04-22 05:10:55',3),(453,'Plesita','Craita','craitaplesita@protonmail.com','0773-208-281','craitaplesita','parola',83,'2020-05-27 10:31:48','191.173.40.180','ffO77H5RpZJMLcMJWTaMdfTrQOnEZe1j1muYAIKx6gidHechePHDe9oUSvT809mj','2019-02-20 20:19:51','0000-00-00 00:00:00','2019-02-21 23:06:44',2,'2019-02-21 23:09:31','2020-04-19 11:20:12',3),(454,'Ciubuc','Mihai Serban','mihaiserbanciubuc@yahoo.com','0721-010-773','mihaiserbanciubuc','parola',86,'2020-05-27 10:31:48','30.106.190.129','ffO77H5RpZJMLcMJWTaMdfTrQOnEZe1j1muYAIKx6gidHechePHDe9oUSvT809mj','2018-12-30 09:33:01','0000-00-00 00:00:00','2019-01-01 07:53:17',2,'2019-01-01 07:55:27','2020-05-06 03:49:16',3),(455,'Lehman','Bogdan Andrei','bogdanandrei.lehman@aol.com','0738-768-807','bogdanandrei.lehman','parola',128,'2020-05-27 10:31:48','76.238.214.103','ffO77H5RpZJMLcMJWTaMdfTrQOnEZe1j1muYAIKx6gidHechePHDe9oUSvT809mj','2019-06-24 19:52:06','0000-00-00 00:00:00','2019-06-25 03:09:45',3,'2019-06-25 03:12:12','2020-04-06 01:50:29',3),(456,'Garbia','Ioana-Lorina','ioana-lorina.garbia@yahoo.com','0776-770-003','ioana-lorina.garbia','parola',136,'2020-05-27 10:31:48','120.41.92.85','ffO77H5RpZJMLcMJWTaMdfTrQOnEZe1j1muYAIKx6gidHechePHDe9oUSvT809mj','2018-04-30 07:48:03','0000-00-00 00:00:00','2018-05-02 01:12:32',1,'2018-05-02 01:16:17','2020-05-19 02:21:58',3),(457,'Maldaianu','Valerian-Ionu','valerian-ionu.maldaianu@aol.com','0776-525-846','valerian-ionu.maldaianu','parola',146,'2020-05-27 10:31:48','149.236.235.213','ffO77H5RpZJMLcMJWTaMdfTrQOnEZe1j1muYAIKx6gidHechePHDe9oUSvT809mj','2019-02-12 12:30:31','0000-00-00 00:00:00','2019-02-14 05:36:59',4,'2019-02-14 05:40:26','2020-05-20 02:05:03',3),(458,'Badeci','Raducu Ionu','raducuionu.badeci@protonmail.com','0768-256-936','raducuionu.badeci','parola',70,'2020-05-27 10:31:48','107.148.165.131','ffO77H5RpZJMLcMJWTaMdfTrQOnEZe1j1muYAIKx6gidHechePHDe9oUSvT809mj','2018-07-10 00:15:02','0000-00-00 00:00:00','2018-07-11 09:30:56',2,'2018-07-11 09:34:55','2020-05-17 17:02:12',3),(459,'Kochan','Mario','mario_kochan@yahoo.com','0768-088-243','mario_kochan','parola',66,'2020-05-27 10:31:48','159.150.20.150','ffO77H5RpZJMLcMJWTaMdfTrQOnEZe1j1muYAIKx6gidHechePHDe9oUSvT809mj','2019-03-04 20:50:13','0000-00-00 00:00:00','2019-03-06 15:47:18',2,'2019-03-06 15:50:52','2020-05-02 20:38:46',3),(460,'Jucan','Adrian Ion','adrianion_jucan@aol.com','0768-088-243','adrianion_jucan','parola',67,'2020-05-27 10:31:48','190.248.168.93','ffO77H5RpZJMLcMJWTaMdfTrQOnEZe1j1muYAIKx6gidHechePHDe9oUSvT809mj','2018-03-21 16:32:36','0000-00-00 00:00:00','2018-03-22 11:27:22',1,'2018-03-22 11:31:14','2020-04-26 14:48:15',3),(461,'Giaba','Adrian Marius','adrianmarius.giaba@gmail.com','0776-525-846','adrianmarius.giaba','parola',89,'2020-05-27 10:31:48','212.28.251.172','ffO77H5RpZJMLcMJWTaMdfTrQOnEZe1j1muYAIKx6gidHechePHDe9oUSvT809mj','2019-06-30 05:18:53','0000-00-00 00:00:00','2019-06-30 18:58:26',3,'2019-06-30 19:01:07','2020-05-09 22:46:02',3),(462,'Huzum','Ramona','ramona.huzum@aol.com','0768-088-243','ramona.huzum','parola',94,'2020-05-27 10:31:48','106.13.246.188','ffO77H5RpZJMLcMJWTaMdfTrQOnEZe1j1muYAIKx6gidHechePHDe9oUSvT809mj','2018-09-25 10:03:15','0000-00-00 00:00:00','2018-09-25 21:33:42',1,'2018-09-25 21:37:32','2020-04-03 14:10:12',3),(463,'Pirlog','Ionu-Cristian','ionu-cristian_pirlog@gmail.com','0782-274-255','ionu-cristian_pirlog','parola',53,'2020-05-27 10:31:48','203.196.121.17','ffO77H5RpZJMLcMJWTaMdfTrQOnEZe1j1muYAIKx6gidHechePHDe9oUSvT809mj','2019-02-06 19:26:10','0000-00-00 00:00:00','2019-02-07 11:56:47',3,'2019-02-07 11:59:55','2020-04-25 07:10:10',3),(464,'Lenard','Andreea Nicoleta','andreeanicoleta_lenard@protonmail.com','0784-291-614','andreeanicoleta_lenard','parola',136,'2020-05-27 10:31:48','219.44.62.177','ffO77H5RpZJMLcMJWTaMdfTrQOnEZe1j1muYAIKx6gidHechePHDe9oUSvT809mj','2019-03-24 04:07:39','0000-00-00 00:00:00','2019-03-26 04:06:22',1,'2019-03-26 04:08:32','2020-03-30 10:05:03',3),(465,'Calance','Mihaela Cristina','mihaelacristina.calance@protonmail.com','0744-363-262','mihaelacristina.calance','parola',69,'2020-05-27 10:31:48','198.208.192.86','ffO77H5RpZJMLcMJWTaMdfTrQOnEZe1j1muYAIKx6gidHechePHDe9oUSvT809mj','2018-09-28 19:26:23','0000-00-00 00:00:00','2018-09-30 17:45:10',2,'2018-09-30 17:48:37','2020-05-18 09:32:01',3),(466,'Vicol','Stefan Sorin','stefansorin_vicol@protonmail.com','0731-847-539','stefansorin_vicol','parola',88,'2020-05-27 10:31:48','100.244.166.99','ffO77H5RpZJMLcMJWTaMdfTrQOnEZe1j1muYAIKx6gidHechePHDe9oUSvT809mj','2019-12-14 21:55:34','0000-00-00 00:00:00','2019-12-16 13:30:19',2,'2019-12-16 13:33:05','2020-04-05 16:13:27',3),(467,'Draghici','Cuculeac','cuculeacdraghici@aol.com','0729-691-844','cuculeacdraghici','parola',82,'2020-05-27 10:31:48','246.180.160.11','ffO77H5RpZJMLcMJWTaMdfTrQOnEZe1j1muYAIKx6gidHechePHDe9oUSvT809mj','2019-06-17 12:25:17','0000-00-00 00:00:00','2019-06-17 23:19:40',2,'2019-06-17 23:23:10','2020-04-10 09:08:29',3),(468,'Branciog','Liviu Eugen','liviueugen.branciog@yahoo.com','0730-244-883','liviueugen.branciog','parola',97,'2020-05-27 10:31:48','71.73.151.33','ffO77H5RpZJMLcMJWTaMdfTrQOnEZe1j1muYAIKx6gidHechePHDe9oUSvT809mj','2019-05-10 05:26:17','0000-00-00 00:00:00','2019-05-11 13:10:58',2,'2019-05-11 13:14:11','2020-05-10 07:43:08',3),(469,'Condrea','Fanica','fanica.condrea@yahoo.com','0725-821-878','fanica.condrea','parola',88,'2020-05-27 10:31:48','210.201.125.17','ffO77H5RpZJMLcMJWTaMdfTrQOnEZe1j1muYAIKx6gidHechePHDe9oUSvT809mj','2018-04-24 23:02:10','0000-00-00 00:00:00','2018-04-26 04:59:29',3,'2018-04-26 05:03:04','2020-05-24 03:54:59',3),(470,'Constandache','Florentina Raluca','florentinaraluca.constandache@gmail.com','0721-156-096','florentinaraluca.constandache','parola',101,'2020-05-27 10:31:48','209.244.89.213','ffO77H5RpZJMLcMJWTaMdfTrQOnEZe1j1muYAIKx6gidHechePHDe9oUSvT809mj','2019-06-02 11:58:35','0000-00-00 00:00:00','2019-06-02 18:28:06',2,'2019-06-02 18:30:20','2020-05-03 13:10:17',3),(471,'Banarescu','Iulia-Georgiana','iulia-georgianabanarescu@aol.com','0783-766-713','iulia-georgianabanarescu','parola',93,'2020-05-27 10:31:48','47.94.77.101','ffO77H5RpZJMLcMJWTaMdfTrQOnEZe1j1muYAIKx6gidHechePHDe9oUSvT809mj','2020-01-26 23:53:00','0000-00-00 00:00:00','2020-01-28 14:25:40',4,'2020-01-28 14:28:08','2020-04-10 16:47:31',3),(472,'Socol','Ionu Andrei','ionuandreisocol@protonmail.com','0731-847-539','ionuandreisocol','parola',111,'2020-05-27 10:31:48','22.55.207.120','ffO77H5RpZJMLcMJWTaMdfTrQOnEZe1j1muYAIKx6gidHechePHDe9oUSvT809mj','2020-01-08 20:35:51','0000-00-00 00:00:00','2020-01-10 01:47:40',3,'2020-01-10 01:51:17','2020-04-19 04:05:53',3),(473,'Huzum','Bogdan Cezar','bogdancezar_huzum@yahoo.com','0773-286-877','bogdancezar_huzum','parola',126,'2020-05-27 10:31:48','227.24.187.112','ffO77H5RpZJMLcMJWTaMdfTrQOnEZe1j1muYAIKx6gidHechePHDe9oUSvT809mj','2019-10-24 16:26:49','0000-00-00 00:00:00','2019-10-25 22:44:51',2,'2019-10-25 22:47:31','2020-04-08 07:49:45',3),(474,'Peter','Ghoerghe-Ionu','ghoerghe-ionu.peter@protonmail.com','0721-298-095','ghoerghe-ionu.peter','parola',146,'2020-05-27 10:31:48','249.154.25.159','ffO77H5RpZJMLcMJWTaMdfTrQOnEZe1j1muYAIKx6gidHechePHDe9oUSvT809mj','2018-12-02 05:33:07','0000-00-00 00:00:00','2018-12-02 21:24:54',4,'2018-12-02 21:27:27','2020-05-20 10:30:18',3),(475,'Buia','Zoltan','zoltanbuia@protonmail.com','0772-168-218','zoltanbuia','parola',104,'2020-05-27 10:31:48','220.120.188.81','ffO77H5RpZJMLcMJWTaMdfTrQOnEZe1j1muYAIKx6gidHechePHDe9oUSvT809mj','2019-01-27 11:31:43','0000-00-00 00:00:00','2019-01-28 23:53:30',1,'2019-01-28 23:56:12','2020-05-20 00:48:53',3),(476,'Sterian','Laurentia','laurentiasterian@outlook.com','0768-088-243','laurentiasterian','parola',134,'2020-05-27 10:31:48','90.204.250.137','ffO77H5RpZJMLcMJWTaMdfTrQOnEZe1j1muYAIKx6gidHechePHDe9oUSvT809mj','2018-07-12 02:05:50','0000-00-00 00:00:00','2018-07-13 16:16:25',4,'2018-07-13 16:20:18','2020-05-13 10:16:25',3),(477,'Iulian','Abel','abel.iulian@gmail.com','0739-086-896','abel.iulian','parola',106,'2020-05-27 10:31:48','183.4.217.71','ffO77H5RpZJMLcMJWTaMdfTrQOnEZe1j1muYAIKx6gidHechePHDe9oUSvT809mj','2019-05-02 09:00:35','0000-00-00 00:00:00','2019-05-03 18:45:10',1,'2019-05-03 18:48:31','2020-04-11 14:38:20',3),(478,'Miron','Bontas','bontasmiron@aol.com','0743-586-713','bontasmiron','parola',79,'2020-05-27 10:31:48','203.53.151.95','ffO77H5RpZJMLcMJWTaMdfTrQOnEZe1j1muYAIKx6gidHechePHDe9oUSvT809mj','2019-01-01 23:52:00','0000-00-00 00:00:00','2019-01-02 06:00:10',2,'2019-01-02 06:03:14','2020-05-24 22:59:44',3),(479,'Rebrisoreanu','Valentin','valentin.rebrisoreanu@aol.com','0773-286-877','valentin.rebrisoreanu','parola',127,'2020-05-27 10:31:48','22.71.40.237','ffO77H5RpZJMLcMJWTaMdfTrQOnEZe1j1muYAIKx6gidHechePHDe9oUSvT809mj','2018-12-08 05:24:50','0000-00-00 00:00:00','2018-12-09 06:48:54',4,'2018-12-09 06:52:15','2020-04-01 21:52:09',3),(480,'Marinache','Petronela Ana','petronelaanamarinache@aol.com','0725-991-017','petronelaanamarinache','parola',149,'2020-05-27 10:31:48','60.91.20.78','ffO77H5RpZJMLcMJWTaMdfTrQOnEZe1j1muYAIKx6gidHechePHDe9oUSvT809mj','2019-08-02 12:34:46','0000-00-00 00:00:00','2019-08-03 01:07:38',1,'2019-08-03 01:11:08','2020-05-02 17:57:02',3),(481,'Iconaru','Julia','juliaiconaru@gmail.com','0721-298-095','juliaiconaru','parola',114,'2020-05-27 10:31:48','79.159.58.61','ffO77H5RpZJMLcMJWTaMdfTrQOnEZe1j1muYAIKx6gidHechePHDe9oUSvT809mj','2019-01-15 07:45:56','0000-00-00 00:00:00','2019-01-16 18:15:03',2,'2019-01-16 18:18:30','2020-05-11 16:53:26',3),(482,'Pesu','Andrei-Stefan','andrei-stefanpesu@aol.com','0731-903-535','andrei-stefanpesu','parola',76,'2020-05-27 10:31:48','129.211.167.199','ffO77H5RpZJMLcMJWTaMdfTrQOnEZe1j1muYAIKx6gidHechePHDe9oUSvT809mj','2018-05-12 10:11:57','0000-00-00 00:00:00','2018-05-14 00:55:56',4,'2018-05-14 00:58:44','2020-05-24 20:19:02',3),(483,'Frunza','Paris','paris_frunza@outlook.com','0771-756-806','paris_frunza','parola',86,'2020-05-27 10:31:48','244.119.113.207','ffO77H5RpZJMLcMJWTaMdfTrQOnEZe1j1muYAIKx6gidHechePHDe9oUSvT809mj','2018-08-08 12:48:33','0000-00-00 00:00:00','2018-08-10 06:58:08',3,'2018-08-10 07:01:48','2020-05-02 19:39:35',3),(484,'Vlad','Virgil Gabriel','virgilgabrielvlad@gmail.com','0731-619-609','virgilgabrielvlad','parola',51,'2020-05-27 10:31:48','195.100.166.28','ffO77H5RpZJMLcMJWTaMdfTrQOnEZe1j1muYAIKx6gidHechePHDe9oUSvT809mj','2019-11-05 18:33:30','0000-00-00 00:00:00','2019-11-07 17:06:29',3,'2019-11-07 17:10:25','2020-04-05 00:01:54',3),(485,'Spiridon','Bogdan Cristian','bogdancristian.spiridon@yahoo.com','0748-121-492','bogdancristian.spiridon','parola',50,'2020-05-27 10:31:48','141.120.176.20','ffO77H5RpZJMLcMJWTaMdfTrQOnEZe1j1muYAIKx6gidHechePHDe9oUSvT809mj','2019-05-06 15:28:28','0000-00-00 00:00:00','2019-05-07 01:41:37',1,'2019-05-07 01:44:19','2020-05-23 17:48:04',3),(486,'Buica','Ionu Alexandru','ionualexandrubuica@gmail.com','0721-674-489','ionualexandrubuica','parola',149,'2020-05-27 10:31:48','67.24.167.13','ffO77H5RpZJMLcMJWTaMdfTrQOnEZe1j1muYAIKx6gidHechePHDe9oUSvT809mj','2019-02-07 06:48:23','0000-00-00 00:00:00','2019-02-07 14:12:13',3,'2019-02-07 14:15:55','2020-04-15 15:43:06',3),(487,'Talpa','Dan Marius','danmariustalpa@aol.com','0729-969-565','danmariustalpa','parola',144,'2020-05-27 10:31:48','63.24.180.74','ffO77H5RpZJMLcMJWTaMdfTrQOnEZe1j1muYAIKx6gidHechePHDe9oUSvT809mj','2019-05-25 20:43:08','0000-00-00 00:00:00','2019-05-26 02:59:52',3,'2019-05-26 03:02:16','2020-05-14 05:48:38',3),(488,'Miuta','Mihai - Ionu','mihai-ionu.miuta@aol.com','0783-386-503','mihai-ionu.miuta','parola',123,'2020-05-27 10:31:48','80.178.147.199','ffO77H5RpZJMLcMJWTaMdfTrQOnEZe1j1muYAIKx6gidHechePHDe9oUSvT809mj','2019-08-06 20:17:07','0000-00-00 00:00:00','2019-08-07 05:26:19',3,'2019-08-07 05:29:14','2020-03-28 01:40:30',3),(489,'Sovarel','Ionu-Cristian','ionu-cristian_sovarel@gmail.com','0764-623-355','ionu-cristian_sovarel','parola',133,'2020-05-27 10:31:48','52.161.147.2','ffO77H5RpZJMLcMJWTaMdfTrQOnEZe1j1muYAIKx6gidHechePHDe9oUSvT809mj','2019-09-18 00:22:46','0000-00-00 00:00:00','2019-09-19 03:15:33',1,'2019-09-19 03:18:58','2020-05-10 16:32:03',3),(490,'Cristu','Oana','oanacristu@protonmail.com','0720-448-277','oanacristu','parola',146,'2020-05-27 10:31:48','68.81.198.249','ffO77H5RpZJMLcMJWTaMdfTrQOnEZe1j1muYAIKx6gidHechePHDe9oUSvT809mj','2019-09-09 22:09:04','0000-00-00 00:00:00','2019-09-10 09:02:22',3,'2019-09-10 09:04:42','2020-05-05 01:25:23',3),(491,'Pristavu','Adrian Dragos','adriandragos_pristavu@protonmail.com','0763-884-434','adriandragos_pristavu','parola',81,'2020-05-27 10:31:48','148.241.10.76','ffO77H5RpZJMLcMJWTaMdfTrQOnEZe1j1muYAIKx6gidHechePHDe9oUSvT809mj','2019-03-26 22:43:37','0000-00-00 00:00:00','2019-03-27 20:28:49',3,'2019-03-27 20:32:13','2020-03-28 19:13:41',3),(492,'Dimache','Cavill','cavilldimache@gmail.com','0731-953-553','cavilldimache','parola',116,'2020-05-27 10:31:48','100.18.40.144','ffO77H5RpZJMLcMJWTaMdfTrQOnEZe1j1muYAIKx6gidHechePHDe9oUSvT809mj','2019-01-05 08:17:28','0000-00-00 00:00:00','2019-01-06 12:20:32',2,'2019-01-06 12:24:31','2020-04-11 00:29:36',3),(493,'Sancraian','Alexis','alexissancraian@aol.com','0720-450-349','alexissancraian','parola',91,'2020-05-27 10:31:48','98.58.243.42','ffO77H5RpZJMLcMJWTaMdfTrQOnEZe1j1muYAIKx6gidHechePHDe9oUSvT809mj','2019-04-13 06:23:07','0000-00-00 00:00:00','2019-04-14 09:19:51',4,'2019-04-14 09:23:38','2020-04-06 06:29:49',3),(494,'Enciu','Marius Emil','mariusemilenciu@gmail.com','0778-190-570','mariusemilenciu','parola',55,'2020-05-27 10:31:48','228.14.132.117','ffO77H5RpZJMLcMJWTaMdfTrQOnEZe1j1muYAIKx6gidHechePHDe9oUSvT809mj','2019-04-14 16:09:45','0000-00-00 00:00:00','2019-04-14 18:41:17',1,'2019-04-14 18:44:15','2020-04-03 17:41:20',3),(495,'Adamescu','Carol','caroladamescu@aol.com','0767-425-358','caroladamescu','parola',54,'2020-05-27 10:31:48','188.86.114.60','ffO77H5RpZJMLcMJWTaMdfTrQOnEZe1j1muYAIKx6gidHechePHDe9oUSvT809mj','2018-07-01 22:46:00','0000-00-00 00:00:00','2018-07-03 02:30:25',1,'2018-07-03 02:33:52','2020-04-05 07:38:16',3),(496,'Claudia','Alina-Cristina','alina-cristina.claudia@outlook.com','0766-066-516','alina-cristina.claudia','parola',55,'2020-05-27 10:31:48','209.113.186.89','ffO77H5RpZJMLcMJWTaMdfTrQOnEZe1j1muYAIKx6gidHechePHDe9oUSvT809mj','2018-07-24 02:27:21','0000-00-00 00:00:00','2018-07-25 13:31:51',3,'2018-07-25 13:34:13','2020-04-20 19:48:21',3),(497,'Mares','Iulian-Cosmin','iulian-cosmin_mares@protonmail.com','0770-354-212','iulian-cosmin_mares','parola',66,'2020-05-27 10:31:48','134.154.116.114','ffO77H5RpZJMLcMJWTaMdfTrQOnEZe1j1muYAIKx6gidHechePHDe9oUSvT809mj','2019-03-22 01:05:22','0000-00-00 00:00:00','2019-03-23 21:11:38',4,'2019-03-23 21:15:07','2020-05-02 17:49:51',3),(498,'Tudose','Ionu Gabriel','ionugabriel_tudose@protonmail.com','0726-213-820','ionugabriel_tudose','parola',112,'2020-05-27 10:31:48','223.23.192.140','ffO77H5RpZJMLcMJWTaMdfTrQOnEZe1j1muYAIKx6gidHechePHDe9oUSvT809mj','2018-05-04 07:11:19','0000-00-00 00:00:00','2018-05-05 02:26:08',2,'2018-05-05 02:28:30','2020-05-15 19:27:08',3),(499,'Vatavu','Laurentiu-George','laurentiu-george.vatavu@yahoo.com','0770-354-212','laurentiu-george.vatavu','parola',115,'2020-05-27 10:31:48','125.201.129.40','ffO77H5RpZJMLcMJWTaMdfTrQOnEZe1j1muYAIKx6gidHechePHDe9oUSvT809mj','2019-12-13 17:47:06','0000-00-00 00:00:00','2019-12-14 05:39:25',2,'2019-12-14 05:42:45','2020-04-14 12:30:54',3),(500,'Nistor','Ciprian Octavian','ciprianoctavian_nistor@outlook.com','0764-623-355','ciprianoctavian_nistor','parola',87,'2020-05-27 10:31:48','62.190.13.242','ffO77H5RpZJMLcMJWTaMdfTrQOnEZe1j1muYAIKx6gidHechePHDe9oUSvT809mj','2018-08-28 04:28:09','0000-00-00 00:00:00','2018-08-28 06:02:15',2,'2018-08-28 06:05:52','2020-04-01 11:52:17',3),(501,'Pelin','Costel Lucian','costellucian.pelin@yahoo.com','0773-094-520','costellucian.pelin','parola',142,'2020-05-27 10:31:48','172.129.129.8','ffO77H5RpZJMLcMJWTaMdfTrQOnEZe1j1muYAIKx6gidHechePHDe9oUSvT809mj','2019-05-07 02:06:04','0000-00-00 00:00:00','2019-05-07 22:16:40',3,'2019-05-07 22:18:44','2020-04-30 05:27:54',3),(502,'Ilina','Bogdan Gabriel','bogdangabrielilina@protonmail.com','0729-691-844','bogdangabrielilina','parola',97,'2020-05-27 10:31:48','152.232.203.68','ffO77H5RpZJMLcMJWTaMdfTrQOnEZe1j1muYAIKx6gidHechePHDe9oUSvT809mj','2018-09-06 06:12:27','0000-00-00 00:00:00','2018-09-06 06:20:08',2,'2018-09-06 06:23:39','2020-04-30 08:27:24',3),(503,'Ciolacu','Adrian Marius','adrianmariusciolacu@gmail.com','0779-813-562','adrianmariusciolacu','parola',112,'2020-05-27 10:31:48','228.186.245.166','ffO77H5RpZJMLcMJWTaMdfTrQOnEZe1j1muYAIKx6gidHechePHDe9oUSvT809mj','2019-04-14 09:50:39','0000-00-00 00:00:00','2019-04-15 21:54:15',2,'2019-04-15 21:57:36','2020-04-05 15:36:11',3),(504,'Danalachi','Andreea','andreea.danalachi@gmail.com','0777-973-061','andreea.danalachi','parola',119,'2020-05-27 10:31:48','91.205.2.143','ffO77H5RpZJMLcMJWTaMdfTrQOnEZe1j1muYAIKx6gidHechePHDe9oUSvT809mj','2018-04-18 15:42:30','0000-00-00 00:00:00','2018-04-20 03:34:29',2,'2018-04-20 03:36:44','2020-04-03 12:17:52',3),(505,'Pandele','Remus - Gabriel','remus-gabrielpandele@aol.com','0766-066-516','remus-gabrielpandele','parola',110,'2020-05-27 10:31:48','207.104.146.169','ffO77H5RpZJMLcMJWTaMdfTrQOnEZe1j1muYAIKx6gidHechePHDe9oUSvT809mj','2019-07-18 10:07:07','0000-00-00 00:00:00','2019-07-19 09:13:13',4,'2019-07-19 09:16:26','2020-04-06 01:21:53',3),(506,'Negoita','Valentin Daniel','valentindanielnegoita@protonmail.com','0784-291-614','valentindanielnegoita','parola',141,'2020-05-27 10:31:48','153.7.76.107','ffO77H5RpZJMLcMJWTaMdfTrQOnEZe1j1muYAIKx6gidHechePHDe9oUSvT809mj','2018-10-02 12:34:39','0000-00-00 00:00:00','2018-10-02 20:26:15',2,'2018-10-02 20:29:33','2020-04-25 04:36:48',3),(507,'Mares','Liviu Stefan','liviustefan.mares@aol.com','0773-094-520','liviustefan.mares','parola',128,'2020-05-27 10:31:48','55.205.106.165','ffO77H5RpZJMLcMJWTaMdfTrQOnEZe1j1muYAIKx6gidHechePHDe9oUSvT809mj','2019-01-18 17:38:32','0000-00-00 00:00:00','2019-01-19 11:35:13',4,'2019-01-19 11:38:05','2020-05-22 08:41:19',3),(508,'Iorgulescu','Mihaela Roxana','mihaelaroxanaiorgulescu@yahoo.com','0789-699-177','mihaelaroxanaiorgulescu','parola',65,'2020-05-27 10:31:48','5.27.119.12','ffO77H5RpZJMLcMJWTaMdfTrQOnEZe1j1muYAIKx6gidHechePHDe9oUSvT809mj','2018-11-27 11:35:16','0000-00-00 00:00:00','2018-11-28 05:40:55',2,'2018-11-28 05:43:22','2020-04-09 01:22:46',3),(509,'Hirsu','De Test','detesthirsu@yahoo.com','0783-766-713','detesthirsu','parola',92,'2020-05-27 10:31:48','200.215.221.209','ffO77H5RpZJMLcMJWTaMdfTrQOnEZe1j1muYAIKx6gidHechePHDe9oUSvT809mj','2019-04-20 14:07:22','0000-00-00 00:00:00','2019-04-22 02:42:34',4,'2019-04-22 02:46:13','2020-04-15 09:27:13',3),(510,'Deaconu','Alexandru','alexandru_deaconu@outlook.com','0771-789-885','alexandru_deaconu','parola',116,'2020-05-27 10:31:48','132.31.7.190','ffO77H5RpZJMLcMJWTaMdfTrQOnEZe1j1muYAIKx6gidHechePHDe9oUSvT809mj','2019-09-14 20:57:37','0000-00-00 00:00:00','2019-09-16 05:33:42',1,'2019-09-16 05:36:39','2020-05-25 05:48:48',3),(511,'Lingureanu','Simona','simonalingureanu@aol.com','0785-296-686','simonalingureanu','parola',53,'2020-05-27 10:31:48','180.75.86.204','ffO77H5RpZJMLcMJWTaMdfTrQOnEZe1j1muYAIKx6gidHechePHDe9oUSvT809mj','2018-07-15 23:32:36','0000-00-00 00:00:00','2018-07-16 04:44:25',4,'2018-07-16 04:48:11','2020-05-22 20:29:01',3),(512,'Botoc','Anton Iulian','antoniulianbotoc@protonmail.com','0789-699-177','antoniulianbotoc','parola',69,'2020-05-27 10:31:48','9.180.125.80','ffO77H5RpZJMLcMJWTaMdfTrQOnEZe1j1muYAIKx6gidHechePHDe9oUSvT809mj','2019-06-29 15:56:42','0000-00-00 00:00:00','2019-06-30 16:04:32',2,'2019-06-30 16:08:30','2020-05-13 02:41:35',3),(513,'Turlete','Paul - Cristian','paul-cristian_turlete@outlook.com','0780-479-271','paul-cristian_turlete','parola',136,'2020-05-27 10:31:48','25.132.86.30','ffO77H5RpZJMLcMJWTaMdfTrQOnEZe1j1muYAIKx6gidHechePHDe9oUSvT809mj','2019-10-08 18:12:17','0000-00-00 00:00:00','2019-10-09 03:13:02',1,'2019-10-09 03:15:38','2020-04-01 13:43:47',3),(514,'Verciuc','Alexandru Laurentiu','alexandrulaurentiuverciuc@aol.com','0737-702-812','alexandrulaurentiuverciuc','parola',123,'2020-05-27 10:31:48','141.115.149.147','ffO77H5RpZJMLcMJWTaMdfTrQOnEZe1j1muYAIKx6gidHechePHDe9oUSvT809mj','2018-04-16 04:17:57','0000-00-00 00:00:00','2018-04-17 00:55:12',3,'2018-04-17 00:58:17','2020-04-05 17:11:29',3),(515,'Hriscanu','David','david.hriscanu@aol.com','0784-291-614','david.hriscanu','parola',57,'2020-05-27 10:31:48','38.246.116.90','ffO77H5RpZJMLcMJWTaMdfTrQOnEZe1j1muYAIKx6gidHechePHDe9oUSvT809mj','2020-01-19 23:59:30','0000-00-00 00:00:00','2020-01-21 04:00:29',4,'2020-01-21 04:04:06','2020-04-29 07:27:04',3),(516,'Dumitrache','Cristian-Stefan','cristian-stefan_dumitrache@gmail.com','0746-566-207','cristian-stefan_dumitrache','parola',68,'2020-05-27 10:31:48','98.222.65.156','ffO77H5RpZJMLcMJWTaMdfTrQOnEZe1j1muYAIKx6gidHechePHDe9oUSvT809mj','2019-04-25 20:10:12','0000-00-00 00:00:00','2019-04-27 02:20:25',4,'2019-04-27 02:23:17','2020-04-13 02:25:38',3),(517,'Caramida','De Test','detestcaramida@gmail.com','0730-244-883','detestcaramida','parola',120,'2020-05-27 10:31:48','83.198.237.89','ffO77H5RpZJMLcMJWTaMdfTrQOnEZe1j1muYAIKx6gidHechePHDe9oUSvT809mj','2018-05-03 13:59:07','0000-00-00 00:00:00','2018-05-04 08:44:16',1,'2018-05-04 08:47:44','2020-05-13 21:26:11',3),(518,'Serdaru','Stefan-George','stefan-george_serdaru@gmail.com','0765-006-107','stefan-george_serdaru','parola',147,'2020-05-27 10:31:48','235.157.79.171','ffO77H5RpZJMLcMJWTaMdfTrQOnEZe1j1muYAIKx6gidHechePHDe9oUSvT809mj','2019-08-27 18:31:36','0000-00-00 00:00:00','2019-08-27 21:43:42',1,'2019-08-27 21:46:26','2020-04-02 23:40:41',3),(519,'Buleteanu','Violeta Gabriela','violetagabriela_buleteanu@aol.com','0723-136-085','violetagabriela_buleteanu','parola',124,'2020-05-27 10:31:48','115.61.210.113','ffO77H5RpZJMLcMJWTaMdfTrQOnEZe1j1muYAIKx6gidHechePHDe9oUSvT809mj','2019-03-08 11:47:13','0000-00-00 00:00:00','2019-03-08 19:29:16',4,'2019-03-08 19:32:34','2020-04-10 10:42:07',3),(520,'Tabara','Daniela Raluca','danielaralucatabara@aol.com','0763-884-434','danielaralucatabara','parola',131,'2020-05-27 10:31:48','185.83.109.43','ffO77H5RpZJMLcMJWTaMdfTrQOnEZe1j1muYAIKx6gidHechePHDe9oUSvT809mj','2018-11-13 12:27:54','0000-00-00 00:00:00','2018-11-14 17:18:53',1,'2018-11-14 17:21:09','2020-05-18 17:09:37',3),(521,'Harlav','Ana Maria','anamariaharlav@yahoo.com','0735-978-537','anamariaharlav','parola',132,'2020-05-27 10:31:48','137.56.116.159','ffO77H5RpZJMLcMJWTaMdfTrQOnEZe1j1muYAIKx6gidHechePHDe9oUSvT809mj','2018-09-16 12:04:24','0000-00-00 00:00:00','2018-09-17 13:10:11',1,'2018-09-17 13:13:40','2020-05-05 01:28:22',3),(522,'Pampu','Florin Eugen','florineugen.pampu@outlook.com','0735-978-537','florineugen.pampu','parola',119,'2020-05-27 10:31:48','197.6.190.177','ffO77H5RpZJMLcMJWTaMdfTrQOnEZe1j1muYAIKx6gidHechePHDe9oUSvT809mj','2018-11-10 08:04:55','0000-00-00 00:00:00','2018-11-11 22:57:51',1,'2018-11-11 23:00:29','2020-05-04 14:34:01',3),(523,'Ciungulescu','Alexandru-Bogdan','alexandru-bogdan.ciungulescu@yahoo.com','0778-190-570','alexandru-bogdan.ciungulescu','parola',149,'2020-05-27 10:31:48','66.48.41.60','ffO77H5RpZJMLcMJWTaMdfTrQOnEZe1j1muYAIKx6gidHechePHDe9oUSvT809mj','2018-02-01 13:17:59','0000-00-00 00:00:00','2018-02-02 12:22:21',1,'2018-02-02 12:25:04','2020-04-12 10:07:53',3),(524,'Manolache','Ciprian Victor','ciprianvictor_manolache@gmail.com','0744-654-493','ciprianvictor_manolache','parola',139,'2020-05-27 10:31:48','176.199.215.226','ffO77H5RpZJMLcMJWTaMdfTrQOnEZe1j1muYAIKx6gidHechePHDe9oUSvT809mj','2019-10-11 03:21:46','0000-00-00 00:00:00','2019-10-13 02:01:47',2,'2019-10-13 02:05:27','2020-04-24 14:36:35',3),(525,'Vladulescu','Bocai','bocai_vladulescu@gmail.com','0766-716-714','bocai_vladulescu','parola',97,'2020-05-27 10:31:48','234.239.241.237','ffO77H5RpZJMLcMJWTaMdfTrQOnEZe1j1muYAIKx6gidHechePHDe9oUSvT809mj','2018-07-16 10:01:26','0000-00-00 00:00:00','2018-07-17 06:05:25',1,'2018-07-17 06:07:37','2020-04-30 08:22:07',3),(526,'Noaghea','Eugen Bogdan','eugenbogdannoaghea@protonmail.com','0771-789-885','eugenbogdannoaghea','parola',118,'2020-05-27 10:31:48','209.83.37.184','ffO77H5RpZJMLcMJWTaMdfTrQOnEZe1j1muYAIKx6gidHechePHDe9oUSvT809mj','2019-04-14 01:08:30','0000-00-00 00:00:00','2019-04-14 09:25:25',1,'2019-04-14 09:27:27','2020-04-22 11:43:44',3),(527,'Bolohan','Cosmin Daniel','cosmindanielbolohan@gmail.com','0789-699-177','cosmindanielbolohan','parola',51,'2020-05-27 10:31:48','57.233.241.4','ffO77H5RpZJMLcMJWTaMdfTrQOnEZe1j1muYAIKx6gidHechePHDe9oUSvT809mj','2018-09-19 08:44:48','0000-00-00 00:00:00','2018-09-20 13:54:25',1,'2018-09-20 13:57:58','2020-04-26 20:13:22',3),(528,'Ghimpu','Alexandru-Dan','alexandru-dan_ghimpu@aol.com','0773-286-877','alexandru-dan_ghimpu','parola',52,'2020-05-27 10:31:48','45.213.178.250','ffO77H5RpZJMLcMJWTaMdfTrQOnEZe1j1muYAIKx6gidHechePHDe9oUSvT809mj','2019-08-27 01:25:04','0000-00-00 00:00:00','2019-08-28 02:19:23',2,'2019-08-28 02:23:02','2020-04-11 07:38:31',3),(529,'Kerekes','Viorel Sebastian','viorelsebastiankerekes@outlook.com','0738-768-807','viorelsebastiankerekes','parola',59,'2020-05-27 10:31:48','214.67.192.8','ffO77H5RpZJMLcMJWTaMdfTrQOnEZe1j1muYAIKx6gidHechePHDe9oUSvT809mj','2020-01-12 13:57:30','0000-00-00 00:00:00','2020-01-14 02:57:14',1,'2020-01-14 03:00:53','2020-05-12 09:11:42',3),(530,'Copaceanu','Gratian','gratiancopaceanu@protonmail.com','0788-599-870','gratiancopaceanu','parola',88,'2020-05-27 10:31:48','212.35.39.88','ffO77H5RpZJMLcMJWTaMdfTrQOnEZe1j1muYAIKx6gidHechePHDe9oUSvT809mj','2019-02-14 02:38:55','0000-00-00 00:00:00','2019-02-14 16:51:39',1,'2019-02-14 16:54:55','2020-03-31 18:49:33',3),(531,'Budescu','Corina Raluca','corinaralucabudescu@outlook.com','0737-327-256','corinaralucabudescu','parola',113,'2020-05-27 10:31:48','71.89.231.137','ffO77H5RpZJMLcMJWTaMdfTrQOnEZe1j1muYAIKx6gidHechePHDe9oUSvT809mj','2019-06-06 04:28:39','0000-00-00 00:00:00','2019-06-06 12:30:07',1,'2019-06-06 12:33:30','2020-04-03 23:10:00',3),(532,'Trandafir','Mihail-Iulian','mihail-iuliantrandafir@protonmail.com','0779-326-592','mihail-iuliantrandafir','parola',52,'2020-05-27 10:31:48','242.46.3.127','ffO77H5RpZJMLcMJWTaMdfTrQOnEZe1j1muYAIKx6gidHechePHDe9oUSvT809mj','2019-09-11 23:33:04','0000-00-00 00:00:00','2019-09-13 20:59:13',4,'2019-09-13 21:02:22','2020-04-22 22:02:22',3),(533,'Cone','Mihai Cosmin','mihaicosmincone@outlook.com','0775-669-350','mihaicosmincone','parola',69,'2020-05-27 10:31:48','123.233.42.12','ffO77H5RpZJMLcMJWTaMdfTrQOnEZe1j1muYAIKx6gidHechePHDe9oUSvT809mj','2018-02-11 17:26:00','0000-00-00 00:00:00','2018-02-12 04:29:21',2,'2018-02-12 04:32:56','2020-05-17 06:24:45',3),(534,'Garbia','Bogdan Mihai','bogdanmihai.garbia@gmail.com','0775-908-247','bogdanmihai.garbia','parola',142,'2020-05-27 10:31:48','181.119.52.149','ffO77H5RpZJMLcMJWTaMdfTrQOnEZe1j1muYAIKx6gidHechePHDe9oUSvT809mj','2019-05-28 01:37:25','0000-00-00 00:00:00','2019-05-28 16:32:42',3,'2019-05-28 16:35:12','2020-05-21 06:41:23',3),(535,'Dubiczki','Andrei Marius','andreimarius_dubiczki@gmail.com','0738-768-807','andreimarius_dubiczki','parola',54,'2020-05-27 10:31:48','90.249.225.126','ffO77H5RpZJMLcMJWTaMdfTrQOnEZe1j1muYAIKx6gidHechePHDe9oUSvT809mj','2018-08-04 12:55:41','0000-00-00 00:00:00','2018-08-06 06:19:07',4,'2018-08-06 06:22:50','2020-03-29 06:57:28',3),(536,'Hapa','Dan Marius','danmarius_hapa@aol.com','0763-596-252','danmarius_hapa','parola',93,'2020-05-27 10:31:48','203.134.60.147','ffO77H5RpZJMLcMJWTaMdfTrQOnEZe1j1muYAIKx6gidHechePHDe9oUSvT809mj','2018-08-30 20:52:44','0000-00-00 00:00:00','2018-08-31 15:01:01',1,'2018-08-31 15:04:07','2020-04-25 16:18:39',3),(537,'Terpezan','Lucian','lucian_terpezan@aol.com','0725-244-841','lucian_terpezan','parola',56,'2020-05-27 10:31:48','54.76.218.109','ffO77H5RpZJMLcMJWTaMdfTrQOnEZe1j1muYAIKx6gidHechePHDe9oUSvT809mj','2019-06-18 02:43:14','0000-00-00 00:00:00','2019-06-18 17:11:24',4,'2019-06-18 17:13:48','2020-04-17 05:25:37',3),(538,'Tudose','Theodor Mugurel','theodormugureltudose@protonmail.com','0781-969-370','theodormugureltudose','parola',148,'2020-05-27 10:31:48','140.122.188.72','ffO77H5RpZJMLcMJWTaMdfTrQOnEZe1j1muYAIKx6gidHechePHDe9oUSvT809mj','2019-03-27 08:04:35','0000-00-00 00:00:00','2019-03-28 01:57:31',2,'2019-03-28 02:00:13','2020-04-14 12:53:10',3),(539,'Motoi','Bogdan-Leonard','bogdan-leonard.motoi@outlook.com','0748-121-492','bogdan-leonard.motoi','parola',125,'2020-05-27 10:31:48','44.3.131.144','ffO77H5RpZJMLcMJWTaMdfTrQOnEZe1j1muYAIKx6gidHechePHDe9oUSvT809mj','2019-09-15 17:19:45','0000-00-00 00:00:00','2019-09-17 15:16:58',4,'2019-09-17 15:19:16','2020-04-26 10:50:03',3),(540,'Dumitrescu','Laurentiu-George','laurentiu-george_dumitrescu@aol.com','0780-479-271','laurentiu-george_dumitrescu','parola',129,'2020-05-27 10:31:48','77.199.16.228','ffO77H5RpZJMLcMJWTaMdfTrQOnEZe1j1muYAIKx6gidHechePHDe9oUSvT809mj','2018-09-30 23:31:36','0000-00-00 00:00:00','2018-10-02 07:35:54',3,'2018-10-02 07:39:20','2020-05-03 05:13:36',3),(541,'Parvulescu','Iordan','iordanparvulescu@gmail.com','0744-006-005','iordanparvulescu','parola',124,'2020-05-27 10:31:48','93.31.122.16','ffO77H5RpZJMLcMJWTaMdfTrQOnEZe1j1muYAIKx6gidHechePHDe9oUSvT809mj','2018-07-17 02:45:20','0000-00-00 00:00:00','2018-07-18 01:12:13',2,'2018-07-18 01:14:30','2020-05-01 07:20:47',3),(542,'AlexandruMedesan','Mihail Gabriel','mihailgabriel.alexandrumedesan@yahoo.com','0772-168-218','mihailgabriel.alexandrumedesan','parola',80,'2020-05-27 10:31:48','211.7.151.231','ffO77H5RpZJMLcMJWTaMdfTrQOnEZe1j1muYAIKx6gidHechePHDe9oUSvT809mj','2018-05-18 00:18:29','0000-00-00 00:00:00','2018-05-18 16:16:58',3,'2018-05-18 16:20:05','2020-04-01 10:46:01',3),(543,'Norocel','Remus - Gabriel','remus-gabrielnorocel@gmail.com','0742-905-842','remus-gabrielnorocel','parola',80,'2020-05-27 10:31:48','203.70.237.226','ffO77H5RpZJMLcMJWTaMdfTrQOnEZe1j1muYAIKx6gidHechePHDe9oUSvT809mj','2018-03-06 02:23:00','0000-00-00 00:00:00','2018-03-06 14:51:45',1,'2018-03-06 14:54:30','2020-05-10 12:25:03',3),(544,'Lichi','Andrei-Silviu','andrei-silviulichi@protonmail.com','0784-532-164','andrei-silviulichi','parola',110,'2020-05-27 10:31:48','166.152.11.95','ffO77H5RpZJMLcMJWTaMdfTrQOnEZe1j1muYAIKx6gidHechePHDe9oUSvT809mj','2019-09-02 20:06:06','0000-00-00 00:00:00','2019-09-03 10:31:28',3,'2019-09-03 10:33:54','2020-04-21 01:33:50',3),(545,'Verciuc','Stefania','stefania.verciuc@outlook.com','0739-391-269','stefania.verciuc','parola',62,'2020-05-27 10:31:48','191.171.27.124','ffO77H5RpZJMLcMJWTaMdfTrQOnEZe1j1muYAIKx6gidHechePHDe9oUSvT809mj','2019-09-30 06:28:09','0000-00-00 00:00:00','2019-10-01 17:05:42',4,'2019-10-01 17:09:35','2020-05-20 02:13:12',3),(546,'Ignat','Marius Dan','mariusdan_ignat@protonmail.com','0770-354-212','mariusdan_ignat','parola',130,'2020-05-27 10:31:48','34.49.141.58','ffO77H5RpZJMLcMJWTaMdfTrQOnEZe1j1muYAIKx6gidHechePHDe9oUSvT809mj','2019-08-21 05:09:01','0000-00-00 00:00:00','2019-08-22 14:57:40',1,'2019-08-22 14:59:46','2020-04-10 02:11:09',3),(547,'Predescu','Aura','aura.predescu@aol.com','0728-208-361','aura.predescu','parola',113,'2020-05-27 10:31:48','114.144.126.198','ffO77H5RpZJMLcMJWTaMdfTrQOnEZe1j1muYAIKx6gidHechePHDe9oUSvT809mj','2018-11-11 15:27:12','0000-00-00 00:00:00','2018-11-12 08:34:48',4,'2018-11-12 08:37:42','2020-04-27 08:53:25',3),(548,'Ancuta','Ionu-Alin','ionu-alin.ancuta@outlook.com','0776-770-003','ionu-alin.ancuta','parola',127,'2020-05-27 10:31:48','111.209.208.165','ffO77H5RpZJMLcMJWTaMdfTrQOnEZe1j1muYAIKx6gidHechePHDe9oUSvT809mj','2019-04-27 22:55:35','0000-00-00 00:00:00','2019-04-29 07:04:37',1,'2019-04-29 07:06:48','2020-05-21 03:36:33',3),(549,'Koti','Danut Madalin','danutmadalin.koti@outlook.com','0775-908-247','danutmadalin.koti','parola',147,'2020-05-27 10:31:48','198.246.132.170','ffO77H5RpZJMLcMJWTaMdfTrQOnEZe1j1muYAIKx6gidHechePHDe9oUSvT809mj','2019-12-08 05:22:52','0000-00-00 00:00:00','2019-12-08 18:42:18',3,'2019-12-08 18:44:31','2020-03-27 11:09:08',3),(550,'Puscasu','Denisa Elena','denisaelena.puscasu@protonmail.com','0772-000-669','denisaelena.puscasu','parola',104,'2020-05-27 10:31:48','204.8.177.108','ffO77H5RpZJMLcMJWTaMdfTrQOnEZe1j1muYAIKx6gidHechePHDe9oUSvT809mj','2019-08-19 15:14:13','0000-00-00 00:00:00','2019-08-20 09:21:16',4,'2019-08-20 09:23:48','2020-04-16 22:31:26',3),(551,'Dinut','Cosmin Daniel','cosmindaniel.dinut@outlook.com','0779-011-205','cosmindaniel.dinut','parola',131,'2020-05-27 10:31:48','8.214.46.84','ffO77H5RpZJMLcMJWTaMdfTrQOnEZe1j1muYAIKx6gidHechePHDe9oUSvT809mj','2018-04-10 21:09:01','0000-00-00 00:00:00','2018-04-10 23:42:57',2,'2018-04-10 23:44:57','2020-05-09 20:52:42',3),(552,'Constantinescu','Mugurel Adrian','mugureladrian_constantinescu@gmail.com','0765-006-107','mugureladrian_constantinescu','parola',92,'2020-05-27 10:31:48','32.158.193.238','ffO77H5RpZJMLcMJWTaMdfTrQOnEZe1j1muYAIKx6gidHechePHDe9oUSvT809mj','2018-05-23 21:09:04','0000-00-00 00:00:00','2018-05-24 03:34:39',3,'2018-05-24 03:37:07','2020-05-02 05:33:57',3),(553,'Cringanu','Alexandru Vlad','alexandruvlad.cringanu@gmail.com','0747-197-920','alexandruvlad.cringanu','parola',119,'2020-05-27 10:31:48','110.83.86.177','ffO77H5RpZJMLcMJWTaMdfTrQOnEZe1j1muYAIKx6gidHechePHDe9oUSvT809mj','2019-01-21 03:24:53','0000-00-00 00:00:00','2019-01-22 03:47:57',4,'2019-01-22 03:50:14','2020-05-16 23:52:41',3),(554,'Grigorian','Magda Marina','magdamarina_grigorian@gmail.com','0725-244-841','magdamarina_grigorian','parola',69,'2020-05-27 10:31:48','128.108.155.197','ffO77H5RpZJMLcMJWTaMdfTrQOnEZe1j1muYAIKx6gidHechePHDe9oUSvT809mj','2020-01-08 10:43:46','0000-00-00 00:00:00','2020-01-08 17:19:24',1,'2020-01-08 17:21:28','2020-04-21 23:26:21',3),(555,'Hotoi',' Roxana','roxana_hotoi@gmail.com','0783-386-503','roxana_hotoi','parola',138,'2020-05-27 10:31:48','18.249.189.196','ffO77H5RpZJMLcMJWTaMdfTrQOnEZe1j1muYAIKx6gidHechePHDe9oUSvT809mj','2018-11-09 04:30:48','0000-00-00 00:00:00','2018-11-09 12:16:46',2,'2018-11-09 12:20:15','2020-05-05 05:12:52',3),(556,'Harald-Cezar','Fesus','fesus.harald-cezar@outlook.com','0763-596-252','fesus.harald-cezar','parola',134,'2020-05-27 10:31:48','164.229.150.61','ffO77H5RpZJMLcMJWTaMdfTrQOnEZe1j1muYAIKx6gidHechePHDe9oUSvT809mj','2018-02-18 23:29:17','0000-00-00 00:00:00','2018-02-19 18:29:13',4,'2018-02-19 18:32:27','2020-05-24 17:28:12',3),(557,'Calcii','Adrian Stefan','adrianstefan.calcii@gmail.com','0785-296-686','adrianstefan.calcii','parola',107,'2020-05-27 10:31:48','103.80.90.210','ffO77H5RpZJMLcMJWTaMdfTrQOnEZe1j1muYAIKx6gidHechePHDe9oUSvT809mj','2020-01-09 17:00:36','0000-00-00 00:00:00','2020-01-10 16:39:23',4,'2020-01-10 16:43:05','2020-05-21 16:27:11',3),(558,'Angelescu','George-Marcel','george-marcel_angelescu@protonmail.com','0772-969-797','george-marcel_angelescu','parola',85,'2020-05-27 10:31:48','27.3.182.148','ffO77H5RpZJMLcMJWTaMdfTrQOnEZe1j1muYAIKx6gidHechePHDe9oUSvT809mj','2019-08-20 23:41:46','0000-00-00 00:00:00','2019-08-21 12:52:54',3,'2019-08-21 12:55:41','2020-05-08 19:34:11',3),(559,'Banarescu','Laurentiu - Ionu ','laurentiu-ionubanarescu@protonmail.com','0731-953-553','laurentiu-ionubanarescu','parola',52,'2020-05-27 10:31:48','195.30.62.218','ffO77H5RpZJMLcMJWTaMdfTrQOnEZe1j1muYAIKx6gidHechePHDe9oUSvT809mj','2020-01-10 04:33:35','0000-00-00 00:00:00','2020-01-11 23:29:55',1,'2020-01-11 23:32:47','2020-05-14 11:10:25',3),(560,'Carcadia','Ana Maria','anamaria_carcadia@protonmail.com','0723-136-085','anamaria_carcadia','parola',55,'2020-05-27 10:31:48','154.116.113.219','ffO77H5RpZJMLcMJWTaMdfTrQOnEZe1j1muYAIKx6gidHechePHDe9oUSvT809mj','2019-02-20 08:49:14','0000-00-00 00:00:00','2019-02-21 15:54:28',4,'2019-02-21 15:58:25','2020-05-20 10:52:26',3),(561,'Purcareanu','Alexandru Ovidiu ','alexandruovidiu.purcareanu@gmail.com','0772-969-797','alexandruovidiu.purcareanu','parola',72,'2020-05-27 10:31:48','2.102.2.203','ffO77H5RpZJMLcMJWTaMdfTrQOnEZe1j1muYAIKx6gidHechePHDe9oUSvT809mj','2019-07-14 15:31:59','0000-00-00 00:00:00','2019-07-15 18:06:11',3,'2019-07-15 18:09:24','2020-04-02 13:35:41',3),(562,'Capatina','Dorel-Constantin','dorel-constantin_capatina@yahoo.com','0728-208-361','dorel-constantin_capatina','parola',145,'2020-05-27 10:31:48','8.178.113.33','ffO77H5RpZJMLcMJWTaMdfTrQOnEZe1j1muYAIKx6gidHechePHDe9oUSvT809mj','2018-03-04 12:18:49','0000-00-00 00:00:00','2018-03-06 03:51:05',3,'2018-03-06 03:53:16','2020-05-19 12:56:34',3),(563,'Dohan','Moroianu','moroianu.dohan@gmail.com','0725-991-017','moroianu.dohan','parola',60,'2020-05-27 10:31:48','74.17.113.11','ffO77H5RpZJMLcMJWTaMdfTrQOnEZe1j1muYAIKx6gidHechePHDe9oUSvT809mj','2018-03-06 00:04:44','0000-00-00 00:00:00','2018-03-06 22:00:31',4,'2018-03-06 22:03:49','2020-04-01 22:44:16',3),(564,'Aureliu','Octavian-Mihail','octavian-mihailaureliu@aol.com','0764-623-355','octavian-mihailaureliu','parola',115,'2020-05-27 10:31:48','217.48.89.50','ffO77H5RpZJMLcMJWTaMdfTrQOnEZe1j1muYAIKx6gidHechePHDe9oUSvT809mj','2018-04-13 20:33:50','0000-00-00 00:00:00','2018-04-15 11:32:57',4,'2018-04-15 11:36:54','2020-05-19 04:27:06',3),(565,'Turcanu','Burghelea','burghelea.turcanu@gmail.com','0723-194-510','burghelea.turcanu','parola',146,'2020-05-27 10:31:48','231.3.72.99','ffO77H5RpZJMLcMJWTaMdfTrQOnEZe1j1muYAIKx6gidHechePHDe9oUSvT809mj','2018-10-20 15:41:30','0000-00-00 00:00:00','2018-10-22 00:46:45',2,'2018-10-22 00:50:36','2020-04-02 00:51:11',3),(566,'Taranu','Aurel','aureltaranu@gmail.com','0781-191-793','aureltaranu','parola',137,'2020-05-27 10:31:48','27.85.92.205','ffO77H5RpZJMLcMJWTaMdfTrQOnEZe1j1muYAIKx6gidHechePHDe9oUSvT809mj','2019-01-31 01:52:37','0000-00-00 00:00:00','2019-01-31 02:18:33',1,'2019-01-31 02:21:58','2020-05-20 16:30:03',3),(567,'Sovarel','Ioana Laura','ioanalaura.sovarel@yahoo.com','0725-991-017','ioanalaura.sovarel','parola',96,'2020-05-27 10:31:48','247.118.97.129','ffO77H5RpZJMLcMJWTaMdfTrQOnEZe1j1muYAIKx6gidHechePHDe9oUSvT809mj','2018-12-04 19:25:11','0000-00-00 00:00:00','2018-12-06 18:16:04',1,'2018-12-06 18:19:38','2020-04-09 06:45:11',3),(568,'Ghimpu','Reter','reter_ghimpu@gmail.com','0783-728-496','reter_ghimpu','parola',118,'2020-05-27 10:31:48','105.135.111.145','ffO77H5RpZJMLcMJWTaMdfTrQOnEZe1j1muYAIKx6gidHechePHDe9oUSvT809mj','2019-04-20 04:34:40','0000-00-00 00:00:00','2019-04-21 21:28:17',4,'2019-04-21 21:31:54','2020-04-21 12:53:07',3),(569,'Vladuta','Boby','boby.vladuta@yahoo.com','0738-237-301','boby.vladuta','parola',54,'2020-05-27 10:31:48','141.19.173.53','ffO77H5RpZJMLcMJWTaMdfTrQOnEZe1j1muYAIKx6gidHechePHDe9oUSvT809mj','2019-08-21 21:44:21','0000-00-00 00:00:00','2019-08-22 13:36:47',4,'2019-08-22 13:40:07','2020-04-24 09:52:57',3),(570,'Mutulescu','Ioana-Lorina','ioana-lorina.mutulescu@outlook.com','0761-583-251','ioana-lorina.mutulescu','parola',66,'2020-05-27 10:31:48','245.65.87.241','ffO77H5RpZJMLcMJWTaMdfTrQOnEZe1j1muYAIKx6gidHechePHDe9oUSvT809mj','2018-03-19 08:04:23','0000-00-00 00:00:00','2018-03-19 12:42:42',2,'2018-03-19 12:46:31','2020-04-02 00:28:18',3),(571,'Cuconu','De Test','detest.cuconu@outlook.com','0739-086-896','detest.cuconu','parola',119,'2020-05-27 10:31:48','191.230.77.191','ffO77H5RpZJMLcMJWTaMdfTrQOnEZe1j1muYAIKx6gidHechePHDe9oUSvT809mj','2020-01-24 08:15:25','0000-00-00 00:00:00','2020-01-25 07:46:43',1,'2020-01-25 07:49:52','2020-04-03 04:21:48',3),(572,'Mihaita','Eugeniu','eugeniu.mihaita@aol.com','0774-128-523','eugeniu.mihaita','parola',145,'2020-05-27 10:31:48','223.42.41.76','ffO77H5RpZJMLcMJWTaMdfTrQOnEZe1j1muYAIKx6gidHechePHDe9oUSvT809mj','2019-08-09 02:10:32','0000-00-00 00:00:00','2019-08-09 09:49:07',2,'2019-08-09 09:51:22','2020-04-15 07:05:10',3),(573,'Magla','Alexandru-Paul','alexandru-paulmagla@outlook.com','0760-785-444','alexandru-paulmagla','parola',122,'2020-05-27 10:31:48','5.45.209.158','ffO77H5RpZJMLcMJWTaMdfTrQOnEZe1j1muYAIKx6gidHechePHDe9oUSvT809mj','2019-09-28 19:13:02','0000-00-00 00:00:00','2019-09-29 10:49:03',4,'2019-09-29 10:52:53','2020-04-11 12:03:21',3),(574,'Mustatea','Alexandru Razvan','alexandrurazvanmustatea@yahoo.com','0776-770-003','alexandrurazvanmustatea','parola',125,'2020-05-27 10:31:48','164.92.219.64','ffO77H5RpZJMLcMJWTaMdfTrQOnEZe1j1muYAIKx6gidHechePHDe9oUSvT809mj','2019-10-27 02:40:07','0000-00-00 00:00:00','2019-10-27 09:41:29',2,'2019-10-27 09:43:53','2020-04-17 01:42:17',3),(575,'Nichitean','Alexandru Adrian','alexandruadriannichitean@aol.com','0776-676-886','alexandruadriannichitean','parola',109,'2020-05-27 10:31:48','165.129.150.110','ffO77H5RpZJMLcMJWTaMdfTrQOnEZe1j1muYAIKx6gidHechePHDe9oUSvT809mj','2019-10-16 12:48:06','0000-00-00 00:00:00','2019-10-18 01:03:51',1,'2019-10-18 01:06:23','2020-03-26 10:04:17',3),(576,'Fecioru','Habib','habibfecioru@protonmail.com','0789-453-761','habibfecioru','parola',121,'2020-05-27 10:31:48','98.159.248.12','ffO77H5RpZJMLcMJWTaMdfTrQOnEZe1j1muYAIKx6gidHechePHDe9oUSvT809mj','2019-05-31 17:06:43','0000-00-00 00:00:00','2019-06-01 09:18:23',2,'2019-06-01 09:21:51','2020-05-23 01:51:51',3),(577,'Clitman','Alexander','alexanderclitman@yahoo.com','0784-719-271','alexanderclitman','parola',126,'2020-05-27 10:31:48','67.47.30.10','ffO77H5RpZJMLcMJWTaMdfTrQOnEZe1j1muYAIKx6gidHechePHDe9oUSvT809mj','2019-08-12 08:15:53','0000-00-00 00:00:00','2019-08-13 04:24:01',1,'2019-08-13 04:27:44','2020-05-11 01:54:56',3),(578,'Pampu','Dorin-Mihai','dorin-mihai.pampu@outlook.com','0731-847-539','dorin-mihai.pampu','parola',121,'2020-05-27 10:31:48','208.6.158.17','ffO77H5RpZJMLcMJWTaMdfTrQOnEZe1j1muYAIKx6gidHechePHDe9oUSvT809mj','2019-09-27 23:05:51','0000-00-00 00:00:00','2019-09-28 03:08:29',4,'2019-09-28 03:10:43','2020-05-21 14:40:09',3),(579,'Nimigean','Alina Cristina','alinacristinanimigean@gmail.com','0768-088-243','alinacristinanimigean','parola',74,'2020-05-27 10:31:48','111.4.183.153','ffO77H5RpZJMLcMJWTaMdfTrQOnEZe1j1muYAIKx6gidHechePHDe9oUSvT809mj','2019-10-13 03:48:14','0000-00-00 00:00:00','2019-10-13 11:34:03',3,'2019-10-13 11:36:04','2020-04-18 12:20:42',3),(580,'Tudose','Alin-Ilie','alin-ilie_tudose@yahoo.com','0731-364-386','alin-ilie_tudose','parola',59,'2020-05-27 10:31:48','215.115.179.50','ffO77H5RpZJMLcMJWTaMdfTrQOnEZe1j1muYAIKx6gidHechePHDe9oUSvT809mj','2019-08-10 06:50:09','0000-00-00 00:00:00','2019-08-11 09:28:20',4,'2019-08-11 09:31:41','2020-04-04 01:22:16',3),(581,'Guta','Iulia Maria','iuliamaria.guta@gmail.com','0731-903-535','iuliamaria.guta','parola',125,'2020-05-27 10:31:48','209.143.89.11','ffO77H5RpZJMLcMJWTaMdfTrQOnEZe1j1muYAIKx6gidHechePHDe9oUSvT809mj','2018-08-10 07:52:39','0000-00-00 00:00:00','2018-08-10 21:43:07',4,'2018-08-10 21:45:51','2020-05-01 01:28:23',3),(582,'Aciu','Crina','crina_aciu@gmail.com','0789-437-678','crina_aciu','parola',96,'2020-05-27 10:31:48','39.159.177.155','ffO77H5RpZJMLcMJWTaMdfTrQOnEZe1j1muYAIKx6gidHechePHDe9oUSvT809mj','2018-02-18 03:59:25','0000-00-00 00:00:00','2018-02-19 17:14:14',4,'2018-02-19 17:17:53','2020-04-26 19:59:53',3),(583,'Manea','Razvan-Gabriel','razvan-gabrielmanea@protonmail.com','0788-599-870','razvan-gabrielmanea','parola',55,'2020-05-27 10:31:48','244.2.27.127','ffO77H5RpZJMLcMJWTaMdfTrQOnEZe1j1muYAIKx6gidHechePHDe9oUSvT809mj','2018-10-05 05:25:41','0000-00-00 00:00:00','2018-10-05 06:05:23',2,'2018-10-05 06:07:24','2020-05-16 10:15:17',3),(584,'Hodivoianu','Fanica','fanica.hodivoianu@yahoo.com','0767-778-559','fanica.hodivoianu','parola',138,'2020-05-27 10:31:48','53.131.244.78','ffO77H5RpZJMLcMJWTaMdfTrQOnEZe1j1muYAIKx6gidHechePHDe9oUSvT809mj','2019-04-28 00:16:48','0000-00-00 00:00:00','2019-04-29 11:47:51',1,'2019-04-29 11:51:01','2020-05-05 08:01:32',3),(585,'Dragne','Mihaela-Viorica','mihaela-viorica.dragne@yahoo.com','0776-770-003','mihaela-viorica.dragne','parola',77,'2020-05-27 10:31:48','156.42.243.85','ffO77H5RpZJMLcMJWTaMdfTrQOnEZe1j1muYAIKx6gidHechePHDe9oUSvT809mj','2018-03-30 18:13:34','0000-00-00 00:00:00','2018-04-01 01:46:41',2,'2018-04-01 01:50:29','2020-05-12 20:02:52',3),(586,'Chisa','Livius Codrut','liviuscodrutchisa@outlook.com','0781-900-427','liviuscodrutchisa','parola',123,'2020-05-27 10:31:48','195.218.4.116','ffO77H5RpZJMLcMJWTaMdfTrQOnEZe1j1muYAIKx6gidHechePHDe9oUSvT809mj','2019-03-05 03:23:58','0000-00-00 00:00:00','2019-03-05 06:33:28',3,'2019-03-05 06:36:59','2020-05-22 17:52:37',3),(587,'Ghit','Vladimir','vladimir_ghit@protonmail.com','0748-926-354','vladimir_ghit','parola',132,'2020-05-27 10:31:48','65.228.190.16','ffO77H5RpZJMLcMJWTaMdfTrQOnEZe1j1muYAIKx6gidHechePHDe9oUSvT809mj','2019-01-20 19:25:44','0000-00-00 00:00:00','2019-01-21 12:30:51',3,'2019-01-21 12:33:01','2020-04-18 21:59:15',3),(588,'Calagiu','Bejan','bejan.calagiu@yahoo.com','0725-308-864','bejan.calagiu','parola',141,'2020-05-27 10:31:48','9.243.190.216','ffO77H5RpZJMLcMJWTaMdfTrQOnEZe1j1muYAIKx6gidHechePHDe9oUSvT809mj','2019-09-03 00:03:24','0000-00-00 00:00:00','2019-09-04 03:57:29',3,'2019-09-04 03:59:46','2020-04-02 15:57:37',3);
/*!40000 ALTER TABLE `Utilizator` ENABLE KEYS */;
UNLOCK TABLES;

--
-- Table structure for table `Zona`
--

DROP TABLE IF EXISTS `Zona`;
/*!40101 SET @saved_cs_client     = @@character_set_client */;
/*!50503 SET character_set_client = utf8mb4 */;
CREATE TABLE `Zona` (
  `id_zona` int(3) NOT NULL AUTO_INCREMENT,
  `denumire` varchar(50) DEFAULT NULL,
  PRIMARY KEY (`id_zona`)
) ENGINE=InnoDB AUTO_INCREMENT=9 DEFAULT CHARSET=utf8;
/*!40101 SET character_set_client = @saved_cs_client */;

--
-- Dumping data for table `Zona`
--

LOCK TABLES `Zona` WRITE;
/*!40000 ALTER TABLE `Zona` DISABLE KEYS */;
INSERT INTO `Zona` VALUES (1,'Zona Centrala'),(2,'Cartierul Berceni'),(3,'Cartierul Militari'),(4,'Cartierul Floreasca'),(5,'Cartierul Aviatorilor'),(6,'Cartierul Aviatiei'),(7,'Cartierul Colentina'),(8,'Cartierul Giulesti');
/*!40000 ALTER TABLE `Zona` ENABLE KEYS */;
UNLOCK TABLES;

--
-- Table structure for table `asigurareMedicala`
--

DROP TABLE IF EXISTS `asigurareMedicala`;
/*!40101 SET @saved_cs_client     = @@character_set_client */;
/*!50503 SET character_set_client = utf8mb4 */;
CREATE TABLE `asigurareMedicala` (
  `id_asigurare` int(3) NOT NULL AUTO_INCREMENT,
  `denumire` varchar(50) DEFAULT NULL,
  `descriere` varchar(250) DEFAULT NULL,
  `pret_anual` int(4) DEFAULT NULL,
  `pret_lunar` int(3) DEFAULT NULL,
  PRIMARY KEY (`id_asigurare`)
) ENGINE=InnoDB AUTO_INCREMENT=5 DEFAULT CHARSET=utf8;
/*!40101 SET character_set_client = @saved_cs_client */;

--
-- Dumping data for table `asigurareMedicala`
--

LOCK TABLES `asigurareMedicala` WRITE;
/*!40000 ALTER TABLE `asigurareMedicala` DISABLE KEYS */;
INSERT INTO `asigurareMedicala` VALUES (1,'Standard','Gratuitate in obtinerea adeverintelor medicale si interpretarea analizelor, Acces la sfaturi medicale in cazul unei urgente, 30% discount la consultatii medicale',59,590),(2,'Extra','Gratuitate in obtinerea adeverintelor medicale si interpretarea analizelor, Acces la sfaturi medicale in cazul unei urgente, 50% discount la consultatii medicale, 25% discount la investigatii medicale de specialitate',99,990),(3,'Plus','Gratuitate in obtinerea adeverintelor medicale si interpretarea analizelor, Acces la sfaturi medicale in cazul unei urgente, 80% discount la consultatii medicale, 50% discount la investigatii medicale de specialitate',169,1690),(4,'Premium','Gratuitate in obtinerea adeverintelor medicale si interpretarea analizelor, Acces la sfaturi medicale in cazul unei urgente, gratuitate la consultatii medicale, gratuitate la investigatii medicale de specialitate',299,2990);
/*!40000 ALTER TABLE `asigurareMedicala` ENABLE KEYS */;
UNLOCK TABLES;

--
-- Table structure for table `discountServMed`
--

DROP TABLE IF EXISTS `discountServMed`;
/*!40101 SET @saved_cs_client     = @@character_set_client */;
/*!50503 SET character_set_client = utf8mb4 */;
CREATE TABLE `discountServMed` (
  `id_discount` int(3) NOT NULL AUTO_INCREMENT,
  `id_asigurare` int(3) DEFAULT NULL,
  `id_serviciu` int(3) DEFAULT NULL,
  `procent_discount` int(3) DEFAULT NULL,
  PRIMARY KEY (`id_discount`),
  KEY `id_asigurare` (`id_asigurare`),
  KEY `id_serviciu` (`id_serviciu`),
  CONSTRAINT `discountServMed_ibfk_1` FOREIGN KEY (`id_asigurare`) REFERENCES `asigurareMedicala` (`id_asigurare`),
  CONSTRAINT `discountServMed_ibfk_2` FOREIGN KEY (`id_serviciu`) REFERENCES `serviciuMedical` (`id_serviciu`)
) ENGINE=InnoDB AUTO_INCREMENT=456 DEFAULT CHARSET=utf8;
/*!40101 SET character_set_client = @saved_cs_client */;

--
-- Dumping data for table `discountServMed`
--

LOCK TABLES `discountServMed` WRITE;
/*!40000 ALTER TABLE `discountServMed` DISABLE KEYS */;
INSERT INTO `discountServMed` VALUES (1,1,2,30),(2,1,6,30),(3,1,10,30),(4,1,15,30),(5,1,19,30),(6,1,23,30),(7,1,27,30),(8,1,29,30),(9,1,33,30),(10,1,37,30),(11,1,43,30),(12,1,46,30),(13,1,49,30),(14,1,55,30),(15,1,59,30),(16,1,64,30),(17,1,71,30),(18,1,74,30),(19,1,77,30),(20,1,78,30),(21,1,81,30),(22,1,85,30),(23,1,90,30),(24,1,94,30),(25,1,96,30),(32,1,3,100),(33,1,7,100),(34,1,11,100),(35,1,16,100),(36,1,20,100),(37,1,24,100),(38,1,30,100),(39,1,31,100),(40,1,34,100),(41,1,38,100),(42,1,41,100),(43,1,44,100),(44,1,51,100),(45,1,56,100),(46,1,65,100),(47,1,70,100),(48,1,79,100),(49,1,86,100),(50,1,88,100),(51,1,91,100),(52,1,95,100),(63,1,1,100),(64,1,9,100),(65,1,14,100),(66,1,22,100),(67,1,28,100),(68,1,32,100),(69,1,36,100),(70,1,42,100),(71,1,45,100),(72,1,54,100),(73,1,63,100),(74,1,68,100),(75,1,84,100),(76,1,93,100),(78,2,1,100),(79,2,9,100),(80,2,14,100),(81,2,22,100),(82,2,28,100),(83,2,32,100),(84,2,36,100),(85,2,42,100),(86,2,45,100),(87,2,54,100),(88,2,63,100),(89,2,68,100),(90,2,84,100),(91,2,93,100),(93,2,3,100),(94,2,7,100),(95,2,11,100),(96,2,16,100),(97,2,20,100),(98,2,24,100),(99,2,30,100),(100,2,31,100),(101,2,34,100),(102,2,38,100),(103,2,41,100),(104,2,44,100),(105,2,51,100),(106,2,56,100),(107,2,65,100),(108,2,70,100),(109,2,79,100),(110,2,86,100),(111,2,88,100),(112,2,91,100),(113,2,95,100),(124,2,2,50),(125,2,6,50),(126,2,10,50),(127,2,15,50),(128,2,19,50),(129,2,23,50),(130,2,27,50),(131,2,29,50),(132,2,33,50),(133,2,37,50),(134,2,43,50),(135,2,46,50),(136,2,49,50),(137,2,55,50),(138,2,59,50),(139,2,64,50),(140,2,71,50),(141,2,74,50),(142,2,77,50),(143,2,78,50),(144,2,81,50),(145,2,85,50),(146,2,90,50),(147,2,94,50),(148,2,96,50),(155,2,4,25),(156,2,5,25),(157,2,8,25),(158,2,12,25),(159,2,13,25),(160,2,17,25),(161,2,18,25),(162,2,21,25),(163,2,25,25),(164,2,26,25),(165,2,35,25),(166,2,39,25),(167,2,40,25),(168,2,47,25),(169,2,48,25),(170,2,50,25),(171,2,52,25),(172,2,53,25),(173,2,57,25),(174,2,58,25),(175,2,60,25),(176,2,61,25),(177,2,62,25),(178,2,66,25),(179,2,67,25),(180,2,69,25),(181,2,72,25),(182,2,73,25),(183,2,75,25),(184,2,76,25),(185,2,80,25),(186,2,82,25),(187,2,83,25),(188,2,87,25),(189,2,89,25),(190,2,92,25),(191,2,97,25),(192,2,98,25),(218,3,1,100),(219,3,9,100),(220,3,14,100),(221,3,22,100),(222,3,28,100),(223,3,32,100),(224,3,36,100),(225,3,42,100),(226,3,45,100),(227,3,54,100),(228,3,63,100),(229,3,68,100),(230,3,84,100),(231,3,93,100),(233,3,3,100),(234,3,7,100),(235,3,11,100),(236,3,16,100),(237,3,20,100),(238,3,24,100),(239,3,30,100),(240,3,31,100),(241,3,34,100),(242,3,38,100),(243,3,41,100),(244,3,44,100),(245,3,51,100),(246,3,56,100),(247,3,65,100),(248,3,70,100),(249,3,79,100),(250,3,86,100),(251,3,88,100),(252,3,91,100),(253,3,95,100),(264,3,2,80),(265,3,6,80),(266,3,10,80),(267,3,15,80),(268,3,19,80),(269,3,23,80),(270,3,27,80),(271,3,29,80),(272,3,33,80),(273,3,37,80),(274,3,43,80),(275,3,46,80),(276,3,49,80),(277,3,55,80),(278,3,59,80),(279,3,64,80),(280,3,71,80),(281,3,74,80),(282,3,77,80),(283,3,78,80),(284,3,81,80),(285,3,85,80),(286,3,90,80),(287,3,94,80),(288,3,96,80),(295,3,4,50),(296,3,5,50),(297,3,8,50),(298,3,12,50),(299,3,13,50),(300,3,17,50),(301,3,18,50),(302,3,21,50),(303,3,25,50),(304,3,26,50),(305,3,35,50),(306,3,39,50),(307,3,40,50),(308,3,47,50),(309,3,48,50),(310,3,50,50),(311,3,52,50),(312,3,53,50),(313,3,57,50),(314,3,58,50),(315,3,60,50),(316,3,61,50),(317,3,62,50),(318,3,66,50),(319,3,67,50),(320,3,69,50),(321,3,72,50),(322,3,73,50),(323,3,75,50),(324,3,76,50),(325,3,80,50),(326,3,82,50),(327,3,83,50),(328,3,87,50),(329,3,89,50),(330,3,92,50),(331,3,97,50),(332,3,98,50),(358,4,1,100),(359,4,2,100),(360,4,3,100),(361,4,4,100),(362,4,5,100),(363,4,6,100),(364,4,7,100),(365,4,8,100),(366,4,9,100),(367,4,10,100),(368,4,11,100),(369,4,12,100),(370,4,13,100),(371,4,14,100),(372,4,15,100),(373,4,16,100),(374,4,17,100),(375,4,18,100),(376,4,19,100),(377,4,20,100),(378,4,21,100),(379,4,22,100),(380,4,23,100),(381,4,24,100),(382,4,25,100),(383,4,26,100),(384,4,27,100),(385,4,28,100),(386,4,29,100),(387,4,30,100),(388,4,31,100),(389,4,32,100),(390,4,33,100),(391,4,34,100),(392,4,35,100),(393,4,36,100),(394,4,37,100),(395,4,38,100),(396,4,39,100),(397,4,40,100),(398,4,41,100),(399,4,42,100),(400,4,43,100),(401,4,44,100),(402,4,45,100),(403,4,46,100),(404,4,47,100),(405,4,48,100),(406,4,49,100),(407,4,50,100),(408,4,51,100),(409,4,52,100),(410,4,53,100),(411,4,54,100),(412,4,55,100),(413,4,56,100),(414,4,57,100),(415,4,58,100),(416,4,59,100),(417,4,60,100),(418,4,61,100),(419,4,62,100),(420,4,63,100),(421,4,64,100),(422,4,65,100),(423,4,66,100),(424,4,67,100),(425,4,68,100),(426,4,69,100),(427,4,70,100),(428,4,71,100),(429,4,72,100),(430,4,73,100),(431,4,74,100),(432,4,75,100),(433,4,76,100),(434,4,77,100),(435,4,78,100),(436,4,79,100),(437,4,80,100),(438,4,81,100),(439,4,82,100),(440,4,83,100),(441,4,84,100),(442,4,85,100),(443,4,86,100),(444,4,87,100),(445,4,88,100),(446,4,89,100),(447,4,90,100),(448,4,91,100),(449,4,92,100),(450,4,93,100),(451,4,94,100),(452,4,95,100),(453,4,96,100),(454,4,97,100),(455,4,98,100);
/*!40000 ALTER TABLE `discountServMed` ENABLE KEYS */;
UNLOCK TABLES;

--
-- Table structure for table `serviciuMedical`
--

DROP TABLE IF EXISTS `serviciuMedical`;
/*!40101 SET @saved_cs_client     = @@character_set_client */;
/*!50503 SET character_set_client = utf8mb4 */;
CREATE TABLE `serviciuMedical` (
  `id_serviciu` int(3) NOT NULL AUTO_INCREMENT,
  `denumire_serviciu` varchar(255) DEFAULT NULL,
  `cost_serviciu` int(3) DEFAULT NULL,
  `durata_minima` time DEFAULT NULL,
  `durata_maxima` time DEFAULT NULL,
  `id_specialitate` int(3) DEFAULT NULL,
  PRIMARY KEY (`id_serviciu`),
  KEY `id_specialitate` (`id_specialitate`),
  CONSTRAINT `serviciuMedical_ibfk_1` FOREIGN KEY (`id_specialitate`) REFERENCES `SpecialitateMedicala` (`id_specialitate`)
) ENGINE=InnoDB AUTO_INCREMENT=99 DEFAULT CHARSET=utf8;
/*!40101 SET character_set_client = @saved_cs_client */;

--
-- Dumping data for table `serviciuMedical`
--

LOCK TABLES `serviciuMedical` WRITE;
/*!40000 ALTER TABLE `serviciuMedical` DISABLE KEYS */;
INSERT INTO `serviciuMedical` VALUES (1,'Adeverinta medicala',280,'00:30:00','01:00:00',1),(2,'Consult alergologie',190,'00:30:00','01:00:00',1),(3,'Interpretare analize',390,'00:45:00','01:15:00',1),(4,'Proba respiratorie simpla',230,'00:30:00','01:00:00',1),(5,'Test alergic prick/alergen',250,'01:30:00','02:00:00',1),(6,'Consult boli infectioase',430,'01:30:00','02:00:00',2),(7,'Interpretare analize',290,'01:30:00','02:00:00',2),(8,'Administrare vaccin',390,'00:30:00','01:00:00',2),(9,'Adeverinta medicala',280,'00:45:00','01:15:00',3),(10,'Consult cardiologie',160,'01:30:00','02:00:00',3),(11,'Interpretare analize',180,'00:45:00','01:15:00',3),(12,'EKG',350,'00:50:00','01:20:00',3),(13,'Test de efort',430,'00:30:00','01:00:00',3),(14,'Adeverinta medicala',280,'00:45:00','01:15:00',4),(15,'Consult endocrinologie',390,'00:45:00','01:15:00',4),(16,'Interpretare analize',300,'00:50:00','01:20:00',4),(17,'Ecografie tiroida',260,'01:00:00','01:30:00',4),(18,'Sonoelastografie',270,'00:50:00','01:20:00',4),(19,'Consult epidemiologie',140,'01:00:00','01:30:00',5),(20,'Interpretare analize',160,'00:45:00','01:15:00',5),(21,'Administrare vaccin',290,'01:30:00','02:00:00',5),(22,'Adeverinta medicala',160,'00:50:00','01:20:00',6),(23,'Consult gastroenterologie',180,'01:00:00','01:30:00',6),(24,'Interpretare analize',330,'01:30:00','02:00:00',6),(25,'Extractie endoscopica de corp strain',330,'01:00:00','01:30:00',6),(26,'Teste de sensibilitate',220,'00:50:00','01:20:00',6),(27,'Consult genetica/embriologie',350,'01:00:00','01:30:00',7),(28,'Adeverinta medicala',290,'00:45:00','01:15:00',8),(29,'Consult geriatrie',320,'00:45:00','01:15:00',8),(30,'Interpretare analize',270,'01:15:00','01:45:00',8),(31,'Interpretare imagistica',300,'00:30:00','01:00:00',8),(32,'Adeverinta medicala',230,'01:30:00','02:00:00',9),(33,'Consult hematologie',170,'01:15:00','01:45:00',9),(34,'Interpretare analize',420,'01:30:00','02:00:00',9),(35,'Evaluarea riscului de trombofilie in sarcina',440,'01:00:00','01:30:00',9),(36,'Adeverinta medicala',140,'01:15:00','01:45:00',10),(37,'Consult medicina generala',350,'00:30:00','01:00:00',10),(38,'Interpretare analize',160,'01:00:00','01:30:00',10),(39,'Certificat prenuptial',380,'00:30:00','01:00:00',10),(40,'Administrare vaccin',260,'01:15:00','01:45:00',10),(41,'Interpretare analize',420,'01:30:00','02:00:00',11),(42,'Adeverinta medicala',190,'01:30:00','02:00:00',12),(43,'Consult medicina generala',270,'01:15:00','01:45:00',12),(44,'Interpretare analize',350,'01:30:00','02:00:00',12),(45,'Adeverinta medicala',140,'01:15:00','01:45:00',13),(46,'Consult medicina interna',250,'00:50:00','01:20:00',13),(47,'EKG cu interpretare',380,'00:50:00','01:20:00',13),(48,'Audiometrie tonala',340,'00:50:00','01:20:00',14),(49,'Consult medicina generala',130,'01:00:00','01:30:00',14),(50,'Examen clinic general',250,'00:45:00','01:15:00',14),(51,'Interpretare analize',390,'00:50:00','01:20:00',14),(52,'Spirometrie',400,'01:30:00','02:00:00',14),(53,'Viziotest',400,'01:15:00','01:45:00',14),(54,'Adeverinta medicala',330,'01:15:00','01:45:00',15),(55,'Consult neurologie',380,'00:50:00','01:20:00',15),(56,'Interpretare analize',440,'00:30:00','01:00:00',15),(57,'Teste clinice (EDS, Scor Miastenic, UPDRS, MMSE, Reisberg)',270,'00:30:00','01:00:00',15),(58,'Cataracta Multifocal',300,'01:30:00','02:00:00',16),(59,'Consult oftamologie',260,'01:00:00','01:30:00',16),(60,'Ecografie oculara',270,'00:30:00','01:00:00',16),(61,'Perimetrie computerizata',160,'01:30:00','02:00:00',16),(62,'Topografie corneana',230,'00:45:00','01:15:00',16),(63,'Adeverinta medicala',220,'00:30:00','01:00:00',17),(64,'Consult neurologie',330,'00:30:00','01:00:00',17),(65,'Interpretare analize',200,'00:30:00','01:00:00',17),(66,'Paracenteza',250,'00:50:00','01:20:00',17),(67,'Recomandare tratament oncologic',200,'00:50:00','01:20:00',17),(68,'Adeverinta medicala',180,'01:15:00','01:45:00',18),(69,'Audiograma pentru tinitus',200,'01:00:00','01:30:00',18),(70,'Interpretare analize',370,'01:00:00','01:30:00',18),(71,'Consult ORL',120,'00:50:00','01:20:00',18),(72,'Endoscopie nazala',420,'00:45:00','01:15:00',18),(73,'Indepartare aparat gipsat',230,'00:30:00','01:00:00',19),(74,'Consult ortopedie',170,'01:30:00','02:00:00',19),(75,'Bandaj universal',400,'00:30:00','01:00:00',19),(76,'Toaleta chirurgicala si pansament complex',330,'00:50:00','01:20:00',19),(77,'Consult in urgenta',390,'00:50:00','01:20:00',20),(78,'Consult pediatrie',140,'00:50:00','01:20:00',20),(79,'Interpretare analize',140,'01:15:00','01:45:00',20),(80,'Pulsoximetrie',200,'00:50:00','01:20:00',20),(81,'Consult pneumoftiziologie',130,'01:30:00','02:00:00',21),(82,'Proba respiratorie simpla',290,'01:15:00','01:45:00',21),(83,'Spirometrie cu test bronhodilatator',280,'01:00:00','01:30:00',21),(84,'Adeverinta medicala',440,'01:30:00','02:00:00',22),(85,'Consult psihiatrie',220,'00:50:00','01:20:00',22),(86,'Interpretare analize',370,'01:00:00','01:30:00',22),(87,'Colangiografie',400,'01:30:00','02:00:00',23),(88,'Interpretare analize',110,'01:00:00','01:30:00',23),(89,'RMN hipofiza',300,'00:45:00','01:15:00',23),(90,'Consult recuperare medicala',380,'01:15:00','01:45:00',24),(91,'Interpretare analize',190,'01:30:00','02:00:00',24),(92,'Infiltratie intraarticulara (cu substanta)',420,'01:00:00','01:30:00',24),(93,'Adeverinta medicala',390,'01:30:00','02:00:00',25),(94,'Consult reumatologie',240,'01:00:00','01:30:00',25),(95,'Interpretare analize',290,'00:45:00','01:15:00',25),(96,'Consult urologie',260,'00:50:00','01:20:00',26),(97,'Excizie tumori chirurgical, cu sutura <2cm',370,'01:15:00','01:45:00',26),(98,'Excizie corp strain si sutura direct (anestezie locala)',270,'00:45:00','01:15:00',26);
/*!40000 ALTER TABLE `serviciuMedical` ENABLE KEYS */;
UNLOCK TABLES;
/*!40103 SET TIME_ZONE=@OLD_TIME_ZONE */;

/*!40101 SET SQL_MODE=@OLD_SQL_MODE */;
/*!40014 SET FOREIGN_KEY_CHECKS=@OLD_FOREIGN_KEY_CHECKS */;
/*!40014 SET UNIQUE_CHECKS=@OLD_UNIQUE_CHECKS */;
/*!40101 SET CHARACTER_SET_CLIENT=@OLD_CHARACTER_SET_CLIENT */;
/*!40101 SET CHARACTER_SET_RESULTS=@OLD_CHARACTER_SET_RESULTS */;
/*!40101 SET COLLATION_CONNECTION=@OLD_COLLATION_CONNECTION */;
/*!40111 SET SQL_NOTES=@OLD_SQL_NOTES */;

-- Dump completed on 2020-05-30 13:21:56
