-- MySQL dump 10.13  Distrib 8.0.19, for macos10.15 (x86_64)
--
-- Host: 0.0.0.0    Database: medicalAppDevV2
-- ------------------------------------------------------
-- Server version	5.7.28

/*!40101 SET @OLD_CHARACTER_SET_CLIENT=@@CHARACTER_SET_CLIENT */;
/*!40101 SET @OLD_CHARACTER_SET_RESULTS=@@CHARACTER_SET_RESULTS */;
/*!40101 SET @OLD_COLLATION_CONNECTION=@@COLLATION_CONNECTION */;
/*!50503 SET NAMES utf8 */;
/*!40103 SET @OLD_TIME_ZONE=@@TIME_ZONE */;
/*!40103 SET TIME_ZONE='+00:00' */;
/*!40014 SET @OLD_UNIQUE_CHECKS=@@UNIQUE_CHECKS, UNIQUE_CHECKS=0 */;
/*!40014 SET @OLD_FOREIGN_KEY_CHECKS=@@FOREIGN_KEY_CHECKS, FOREIGN_KEY_CHECKS=0 */;
/*!40101 SET @OLD_SQL_MODE=@@SQL_MODE, SQL_MODE='NO_AUTO_VALUE_ON_ZERO' */;
/*!40111 SET @OLD_SQL_NOTES=@@SQL_NOTES, SQL_NOTES=0 */;

--
-- Table structure for table `Cabinet`
--

DROP TABLE IF EXISTS `Cabinet`;
/*!40101 SET @saved_cs_client     = @@character_set_client */;
/*!50503 SET character_set_client = utf8mb4 */;
CREATE TABLE `Cabinet` (
  `id_cabinet` int(3) NOT NULL AUTO_INCREMENT,
  `denumire` varchar(50) DEFAULT NULL,
  `id_specialitate` int(3) DEFAULT NULL,
  `id_policlinica` int(3) DEFAULT NULL,
  PRIMARY KEY (`id_cabinet`),
  KEY `id_specialitate` (`id_specialitate`),
  KEY `id_policlinica` (`id_policlinica`),
  CONSTRAINT `Cabinet_ibfk_1` FOREIGN KEY (`id_specialitate`) REFERENCES `SpecialitateMedicala` (`id_specialitate`),
  CONSTRAINT `Cabinet_ibfk_2` FOREIGN KEY (`id_policlinica`) REFERENCES `Policlinica` (`id_policlinica`)
) ENGINE=InnoDB AUTO_INCREMENT=111 DEFAULT CHARSET=utf8;
/*!40101 SET character_set_client = @saved_cs_client */;

--
-- Dumping data for table `Cabinet`
--

LOCK TABLES `Cabinet` WRITE;
/*!40000 ALTER TABLE `Cabinet` DISABLE KEYS */;
INSERT INTO `Cabinet` VALUES (1,'Cabinet 1',5,1),(2,'Cabinet 2',24,1),(3,'Cabinet 3',26,1),(4,'Cabinet 4',5,1),(5,'Cabinet 5',1,1),(6,'Cabinet 6',15,1),(7,'Cabinet 7',18,1),(8,'Cabinet 8',20,1),(9,'Cabinet 9',18,1),(10,'Cabinet 10',4,1),(11,'Cabinet 1',18,2),(12,'Cabinet 2',1,2),(13,'Cabinet 3',26,2),(14,'Cabinet 4',22,2),(15,'Cabinet 5',7,2),(16,'Cabinet 6',21,2),(17,'Cabinet 7',4,2),(18,'Cabinet 8',10,2),(19,'Cabinet 9',12,2),(20,'Cabinet 10',2,2),(21,'Cabinet 1',26,3),(22,'Cabinet 2',18,3),(23,'Cabinet 3',13,3),(24,'Cabinet 4',10,3),(25,'Cabinet 5',11,3),(26,'Cabinet 6',24,3),(27,'Cabinet 7',9,3),(28,'Cabinet 8',26,3),(29,'Cabinet 9',22,3),(30,'Cabinet 10',7,3),(31,'Cabinet 1',22,4),(32,'Cabinet 2',7,4),(33,'Cabinet 3',23,4),(34,'Cabinet 4',14,4),(35,'Cabinet 5',3,4),(36,'Cabinet 6',24,4),(37,'Cabinet 7',6,4),(38,'Cabinet 8',10,4),(39,'Cabinet 9',5,4),(40,'Cabinet 10',21,4),(41,'Cabinet 1',10,5),(42,'Cabinet 2',13,5),(43,'Cabinet 3',10,5),(44,'Cabinet 4',10,5),(45,'Cabinet 5',21,5),(46,'Cabinet 6',21,5),(47,'Cabinet 7',17,5),(48,'Cabinet 8',20,5),(49,'Cabinet 9',23,5),(50,'Cabinet 10',4,5),(51,'Cabinet 1',26,6),(52,'Cabinet 2',15,6),(53,'Cabinet 3',22,6),(54,'Cabinet 4',11,6),(55,'Cabinet 5',14,6),(56,'Cabinet 6',13,6),(57,'Cabinet 7',21,6),(58,'Cabinet 8',13,6),(59,'Cabinet 9',2,6),(60,'Cabinet 10',22,6),(61,'Cabinet 1',25,7),(62,'Cabinet 2',8,7),(63,'Cabinet 3',14,7),(64,'Cabinet 4',21,7),(65,'Cabinet 5',11,7),(66,'Cabinet 6',15,7),(67,'Cabinet 7',18,7),(68,'Cabinet 8',18,7),(69,'Cabinet 9',11,7),(70,'Cabinet 10',24,7),(71,'Cabinet 1',11,8),(72,'Cabinet 2',7,8),(73,'Cabinet 3',1,8),(74,'Cabinet 4',8,8),(75,'Cabinet 5',13,8),(76,'Cabinet 6',14,8),(77,'Cabinet 7',6,8),(78,'Cabinet 8',13,8),(79,'Cabinet 9',19,8),(80,'Cabinet 10',3,8),(81,'Cabinet 1',9,9),(82,'Cabinet 2',12,9),(83,'Cabinet 3',6,9),(84,'Cabinet 4',17,9),(85,'Cabinet 5',17,9),(86,'Cabinet 6',6,9),(87,'Cabinet 7',4,9),(88,'Cabinet 8',2,9),(89,'Cabinet 9',25,9),(90,'Cabinet 10',13,9),(91,'Cabinet 1',18,10),(92,'Cabinet 2',22,10),(93,'Cabinet 3',5,10),(94,'Cabinet 4',9,10),(95,'Cabinet 5',2,10),(96,'Cabinet 6',12,10),(97,'Cabinet 7',25,10),(98,'Cabinet 8',11,10),(99,'Cabinet 9',5,10),(100,'Cabinet 10',17,10),(101,'Cabinet 1',20,11),(102,'Cabinet 2',21,11),(103,'Cabinet 3',18,11),(104,'Cabinet 4',3,11),(105,'Cabinet 5',10,11),(106,'Cabinet 6',16,11),(107,'Cabinet 7',22,11),(108,'Cabinet 8',10,11),(109,'Cabinet 9',10,11),(110,'Cabinet 10',20,11);
/*!40000 ALTER TABLE `Cabinet` ENABLE KEYS */;
UNLOCK TABLES;

--
-- Table structure for table `GradProfesional`
--

DROP TABLE IF EXISTS `GradProfesional`;
/*!40101 SET @saved_cs_client     = @@character_set_client */;
/*!50503 SET character_set_client = utf8mb4 */;
CREATE TABLE `GradProfesional` (
  `id_grad` int(3) NOT NULL AUTO_INCREMENT,
  `grad_profesional` varchar(20) DEFAULT NULL,
  `salariu_min` int(6) DEFAULT NULL,
  `salariu_max` int(6) DEFAULT NULL,
  PRIMARY KEY (`id_grad`)
) ENGINE=InnoDB AUTO_INCREMENT=4 DEFAULT CHARSET=utf8;
/*!40101 SET character_set_client = @saved_cs_client */;

--
-- Dumping data for table `GradProfesional`
--

LOCK TABLES `GradProfesional` WRITE;
/*!40000 ALTER TABLE `GradProfesional` DISABLE KEYS */;
INSERT INTO `GradProfesional` VALUES (1,'primar',10500,14500),(2,'specialist',7300,9900),(3,'rezident',4700,6200);
/*!40000 ALTER TABLE `GradProfesional` ENABLE KEYS */;
UNLOCK TABLES;

--
-- Table structure for table `Medic`
--

DROP TABLE IF EXISTS `Medic`;
/*!40101 SET @saved_cs_client     = @@character_set_client */;
/*!50503 SET character_set_client = utf8mb4 */;
CREATE TABLE `Medic` (
  `id_medic` int(3) NOT NULL AUTO_INCREMENT,
  `salariu` int(6) DEFAULT NULL,
  `data_angajarii` date DEFAULT NULL,
  `id_grad` int(3) DEFAULT NULL,
  `id_specialitate` int(3) DEFAULT NULL,
  `id_utilizator` int(3) DEFAULT NULL,
  PRIMARY KEY (`id_medic`),
  KEY `id_utilizator` (`id_utilizator`),
  KEY `id_grad` (`id_grad`),
  KEY `id_specialitate` (`id_specialitate`),
  CONSTRAINT `Medic_ibfk_1` FOREIGN KEY (`id_utilizator`) REFERENCES `Utilizator` (`id_utilizator`),
  CONSTRAINT `Medic_ibfk_2` FOREIGN KEY (`id_grad`) REFERENCES `GradProfesional` (`id_grad`),
  CONSTRAINT `Medic_ibfk_3` FOREIGN KEY (`id_specialitate`) REFERENCES `SpecialitateMedicala` (`id_specialitate`)
) ENGINE=InnoDB AUTO_INCREMENT=120 DEFAULT CHARSET=utf8;
/*!40101 SET character_set_client = @saved_cs_client */;

--
-- Dumping data for table `Medic`
--

LOCK TABLES `Medic` WRITE;
/*!40000 ALTER TABLE `Medic` DISABLE KEYS */;
INSERT INTO `Medic` VALUES (1,9200,'2009-05-26',2,1,1),(2,8500,'2015-09-27',2,2,2),(3,5200,'2012-07-12',3,3,3),(4,7700,'2012-04-22',2,4,4),(5,8300,'2015-11-27',2,5,5),(6,8600,'2019-08-11',2,6,6),(7,8400,'2018-02-19',2,7,7),(8,8700,'2009-03-18',2,8,8),(9,8400,'2009-04-24',2,9,9),(10,5000,'2008-04-13',3,10,10),(11,8900,'2012-11-04',2,11,11),(12,4800,'2017-12-05',3,12,12),(13,12000,'2009-11-08',1,13,13),(14,10600,'2011-05-07',1,14,14),(15,9100,'2011-12-13',2,15,15),(16,9300,'2009-09-19',2,16,16),(17,9400,'2011-09-20',2,17,17),(18,10700,'2008-11-01',1,18,18),(19,5700,'2011-09-30',3,19,19),(20,8900,'2015-05-12',2,20,20),(21,9300,'2014-04-24',2,21,21),(22,4900,'2009-10-23',3,22,22),(23,7400,'2008-02-10',2,23,23),(24,9400,'2019-11-02',2,24,24),(25,7300,'2011-12-20',2,25,25),(26,11200,'2013-01-03',1,26,26),(27,8900,'2015-07-18',2,1,27),(28,5800,'2010-04-29',3,2,28),(29,5300,'2015-08-24',3,3,29),(30,5900,'2009-12-21',3,4,30),(31,13200,'2008-11-13',1,5,31),(32,14200,'2016-08-22',1,6,32),(33,7400,'2016-12-10',2,7,33),(34,8200,'2015-12-06',2,8,34),(35,5700,'2011-03-23',3,9,35),(36,9200,'2013-03-28',2,10,36),(37,5000,'2018-05-14',3,11,37),(38,8800,'2012-10-26',2,12,38),(39,9300,'2011-09-18',2,13,39),(40,13000,'2019-03-10',1,14,40),(41,6100,'2016-03-29',3,15,41),(42,11800,'2011-08-02',1,16,42),(43,4800,'2008-11-26',3,17,43),(44,7600,'2012-05-07',2,18,44),(45,5600,'2008-12-11',3,19,45),(46,8000,'2018-05-12',2,20,46),(47,6000,'2011-02-14',3,21,47),(48,5500,'2015-11-15',3,22,48),(49,5100,'2016-09-07',3,23,49),(50,5500,'2016-06-30',3,24,50),(51,7300,'2014-05-22',2,25,51),(52,4800,'2016-01-06',3,26,52),(53,13600,'2016-12-06',1,1,53),(54,14100,'2013-05-17',1,2,54),(55,5900,'2009-09-02',3,3,55),(56,8100,'2008-04-15',2,4,56),(57,11100,'2013-02-07',1,5,57),(58,10800,'2019-02-09',1,6,58),(59,14200,'2017-04-13',1,7,59),(60,5900,'2009-10-20',3,8,60),(61,5500,'2009-07-19',3,9,61),(62,12100,'2019-04-30',1,10,62),(63,5100,'2008-12-05',3,11,63),(64,11700,'2011-04-30',1,12,64),(65,11800,'2008-08-22',1,13,65),(66,5900,'2008-06-28',3,14,66),(67,8700,'2013-06-27',2,15,67),(68,4900,'2014-08-03',3,16,68),(69,9100,'2016-09-05',2,17,69),(70,9600,'2018-04-04',2,18,70),(71,5200,'2014-06-16',3,19,71),(72,8300,'2012-04-19',2,20,72),(73,13400,'2008-07-01',1,21,73),(74,13300,'2018-08-19',1,22,74),(75,8100,'2013-01-25',2,23,75),(76,8400,'2014-03-05',2,24,76),(77,7900,'2019-09-30',2,25,77),(78,9600,'2019-07-16',2,26,78),(79,9100,'2019-01-07',2,1,79),(80,9500,'2017-01-31',2,2,80),(81,7900,'2016-01-29',2,3,81),(82,11600,'2013-08-24',1,4,82),(83,5400,'2019-10-22',3,5,83),(84,5200,'2016-09-20',3,6,84),(85,5000,'2016-12-18',3,7,85),(86,11700,'2013-10-08',1,8,86),(87,4700,'2016-11-27',3,9,87),(88,8800,'2016-05-06',2,10,88),(89,5600,'2013-10-04',3,11,89),(90,13200,'2009-10-11',1,12,90),(91,6000,'2011-11-01',3,13,91),(92,8100,'2011-09-27',2,14,92),(93,9100,'2009-11-22',2,15,93),(94,5800,'2013-02-09',3,16,94),(95,9000,'2019-09-03',2,17,95),(96,6100,'2009-06-27',3,18,96),(97,12400,'2011-06-18',1,19,97),(98,7600,'2018-08-23',2,20,98),(99,5600,'2013-10-10',3,21,99),(100,9000,'2013-02-18',2,22,100),(101,9800,'2008-01-28',2,23,101),(102,9500,'2016-03-10',2,24,102),(103,5000,'2010-08-13',3,25,103),(104,8200,'2018-07-22',2,26,104),(105,8000,'2010-07-23',2,1,105),(106,5100,'2015-10-11',3,2,106),(107,11900,'2018-04-12',1,3,107),(108,12100,'2010-06-17',1,4,108),(109,14200,'2010-02-19',1,5,109),(110,12400,'2009-07-15',1,6,110),(111,12800,'2013-04-17',1,7,111),(112,8000,'2014-11-08',2,8,112),(113,12500,'2009-11-02',1,9,113),(114,8800,'2013-11-16',2,10,114),(115,7700,'2019-05-22',2,11,115),(116,7400,'2008-02-21',2,12,116),(117,13600,'2015-08-24',1,13,117),(118,12200,'2011-07-27',1,14,118),(119,5600,'2012-07-21',3,15,119);
/*!40000 ALTER TABLE `Medic` ENABLE KEYS */;
UNLOCK TABLES;

--
-- Table structure for table `OrarMedic`
--

DROP TABLE IF EXISTS `OrarMedic`;
/*!40101 SET @saved_cs_client     = @@character_set_client */;
/*!50503 SET character_set_client = utf8mb4 */;
CREATE TABLE `OrarMedic` (
  `id_orar` int(3) NOT NULL AUTO_INCREMENT,
  `id_medic` int(3) DEFAULT NULL,
  `id_cabinet` int(3) DEFAULT NULL,
  `ziua_saptamanii` enum('Lu','Ma','Mi','Joi','Vn','Sa','Du') DEFAULT NULL,
  `ora_inceput` time DEFAULT NULL,
  `ora_sfarsit` time DEFAULT NULL,
  PRIMARY KEY (`id_orar`),
  KEY `id_medic` (`id_medic`),
  KEY `id_cabinet` (`id_cabinet`),
  CONSTRAINT `OrarMedic_ibfk_1` FOREIGN KEY (`id_medic`) REFERENCES `Medic` (`id_medic`),
  CONSTRAINT `OrarMedic_ibfk_2` FOREIGN KEY (`id_cabinet`) REFERENCES `Cabinet` (`id_cabinet`)
) ENGINE=InnoDB AUTO_INCREMENT=963 DEFAULT CHARSET=utf8;
/*!40101 SET character_set_client = @saved_cs_client */;

--
-- Dumping data for table `OrarMedic`
--

LOCK TABLES `OrarMedic` WRITE;
/*!40000 ALTER TABLE `OrarMedic` DISABLE KEYS */;
INSERT INTO `OrarMedic` VALUES (1,1,5,'Lu','08:30:00','12:30:00'),(2,1,5,'Ma','08:30:00','12:30:00'),(3,1,5,'Mi','08:30:00','12:30:00'),(4,1,5,'Joi','08:30:00','12:30:00'),(5,1,5,'Vn','08:30:00','12:30:00'),(6,1,5,'Sa','09:30:00','13:30:00'),(7,27,5,'Lu','13:00:00','17:00:00'),(8,27,5,'Ma','13:00:00','17:00:00'),(9,27,5,'Mi','13:00:00','17:00:00'),(10,27,5,'Joi','13:00:00','17:00:00'),(11,27,5,'Vn','13:00:00','17:00:00'),(12,27,12,'Sa','11:30:00','15:30:00'),(13,53,12,'Lu','11:30:00','15:30:00'),(14,53,12,'Lu','16:00:00','20:00:00'),(15,53,12,'Ma','11:30:00','15:30:00'),(16,53,12,'Ma','16:00:00','20:00:00'),(17,53,12,'Mi','11:30:00','15:30:00'),(18,53,12,'Mi','16:00:00','20:00:00'),(19,53,12,'Joi','11:30:00','15:30:00'),(20,79,73,'Lu','11:30:00','15:30:00'),(21,79,73,'Lu','16:00:00','20:00:00'),(22,79,73,'Ma','11:30:00','15:30:00'),(23,79,73,'Mi','11:30:00','15:30:00'),(24,79,12,'Joi','16:00:00','20:00:00'),(25,79,12,'Vn','11:30:00','15:30:00'),(26,79,12,'Vn','16:00:00','20:00:00'),(27,105,73,'Ma','16:00:00','20:00:00'),(28,105,73,'Mi','16:00:00','20:00:00'),(29,105,73,'Joi','11:30:00','15:30:00'),(30,105,73,'Joi','16:00:00','20:00:00'),(31,105,73,'Vn','11:30:00','15:30:00'),(32,105,73,'Vn','16:00:00','20:00:00'),(33,105,73,'Sa','11:30:00','15:30:00'),(34,2,20,'Lu','11:30:00','15:30:00'),(35,2,20,'Lu','16:00:00','20:00:00'),(36,2,20,'Ma','11:30:00','15:30:00'),(37,2,20,'Ma','16:00:00','20:00:00'),(38,2,20,'Mi','11:30:00','15:30:00'),(39,2,20,'Mi','16:00:00','20:00:00'),(40,2,20,'Joi','11:30:00','15:30:00'),(41,2,20,'Joi','16:00:00','20:00:00'),(42,28,59,'Lu','11:30:00','15:30:00'),(43,28,59,'Lu','16:00:00','20:00:00'),(44,28,59,'Ma','11:30:00','15:30:00'),(45,28,59,'Ma','16:00:00','20:00:00'),(46,28,59,'Mi','11:30:00','15:30:00'),(47,28,59,'Mi','16:00:00','20:00:00'),(48,28,20,'Vn','11:30:00','15:30:00'),(49,28,20,'Vn','16:00:00','20:00:00'),(50,54,88,'Lu','08:30:00','12:30:00'),(51,54,88,'Lu','13:00:00','17:00:00'),(52,54,88,'Ma','11:30:00','15:30:00'),(53,54,88,'Ma','16:00:00','20:00:00'),(54,54,88,'Mi','08:30:00','12:30:00'),(55,54,88,'Mi','13:00:00','17:00:00'),(56,54,88,'Joi','11:30:00','15:30:00'),(57,54,20,'Sa','11:30:00','15:30:00'),(58,80,95,'Lu','11:30:00','15:30:00'),(59,80,95,'Lu','16:00:00','20:00:00'),(60,80,95,'Ma','08:30:00','12:30:00'),(61,80,95,'Ma','13:00:00','17:00:00'),(62,80,59,'Joi','16:00:00','20:00:00'),(63,80,59,'Vn','08:30:00','12:30:00'),(64,80,59,'Vn','13:00:00','17:00:00'),(65,106,95,'Joi','11:30:00','15:30:00'),(66,106,95,'Joi','11:30:00','15:30:00'),(67,106,95,'Vn','16:00:00','20:00:00'),(68,106,95,'Vn','16:00:00','20:00:00'),(69,106,95,'Sa','11:30:00','15:30:00'),(70,3,35,'Ma','11:30:00','15:30:00'),(71,3,35,'Mi','11:30:00','15:30:00'),(72,3,35,'Joi','11:30:00','15:30:00'),(73,3,35,'Vn','11:30:00','15:30:00'),(74,3,35,'Sa','11:30:00','15:30:00'),(75,3,80,'Lu','11:30:00','15:30:00'),(76,29,35,'Ma','16:00:00','20:00:00'),(77,29,35,'Mi','16:00:00','20:00:00'),(78,29,35,'Joi','16:00:00','20:00:00'),(79,29,35,'Vn','16:00:00','20:00:00'),(80,29,80,'Sa','11:30:00','15:30:00'),(81,29,80,'Lu','16:00:00','20:00:00'),(82,55,80,'Ma','11:30:00','15:30:00'),(83,55,80,'Mi','11:30:00','15:30:00'),(84,55,80,'Joi','11:30:00','15:30:00'),(85,55,80,'Vn','11:30:00','15:30:00'),(86,81,104,'Lu','08:30:00','12:30:00'),(87,81,104,'Ma','08:30:00','12:30:00'),(88,81,104,'Mi','08:30:00','12:30:00'),(89,81,104,'Joi','08:30:00','12:30:00'),(90,81,104,'Vn','08:30:00','12:30:00'),(91,107,104,'Lu','13:00:00','17:00:00'),(92,107,104,'Ma','13:00:00','17:00:00'),(93,107,104,'Mi','13:00:00','17:00:00'),(94,107,104,'Joi','13:00:00','17:00:00'),(95,107,104,'Vn','13:00:00','17:00:00'),(96,4,10,'Lu','08:30:00','12:30:00'),(97,4,10,'Lu','13:00:00','17:00:00'),(98,4,10,'Ma','08:30:00','12:30:00'),(99,4,10,'Ma','13:00:00','17:00:00'),(100,4,10,'Mi','08:30:00','12:30:00'),(101,4,10,'Mi','08:30:00','12:30:00'),(102,4,10,'Joi','08:30:00','12:30:00'),(103,4,10,'Joi','13:00:00','17:00:00'),(104,30,17,'Lu','11:30:00','15:30:00'),(105,30,17,'Lu','16:00:00','20:00:00'),(106,30,17,'Ma','11:30:00','15:30:00'),(107,30,17,'Ma','16:00:00','20:00:00'),(108,30,17,'Mi','11:30:00','15:30:00'),(109,30,17,'Mi','16:00:00','20:00:00'),(110,30,17,'Vn','11:30:00','15:30:00'),(111,30,17,'Vn','16:00:00','20:00:00'),(112,30,17,'Sa','11:30:00','15:30:00'),(113,56,50,'Lu','08:30:00','12:30:00'),(114,56,50,'Lu','13:00:00','17:00:00'),(115,56,50,'Ma','08:30:00','12:30:00'),(116,56,50,'Ma','13:00:00','17:00:00'),(117,56,50,'Joi','08:30:00','12:30:00'),(118,56,50,'Joi','13:00:00','17:00:00'),(119,56,50,'Vn','08:30:00','12:30:00'),(120,56,50,'Vn','13:00:00','17:00:00'),(121,56,50,'Sa','09:30:00','13:30:00'),(122,82,87,'Lu','08:30:00','12:30:00'),(123,82,87,'Ma','11:30:00','15:30:00'),(124,82,87,'Mi','08:30:00','12:30:00'),(125,82,17,'Joi','11:30:00','15:30:00'),(126,82,17,'Joi','16:00:00','20:00:00'),(127,82,10,'Vn','08:30:00','12:30:00'),(128,82,10,'Vn','13:00:00','17:00:00'),(129,82,10,'Sa','09:30:00','13:30:00'),(130,108,87,'Lu','13:00:00','17:00:00'),(131,108,87,'Ma','16:00:00','20:00:00'),(132,108,87,'Mi','13:00:00','17:00:00'),(133,108,87,'Joi','11:30:00','15:30:00'),(134,108,87,'Joi','16:00:00','20:00:00'),(135,108,87,'Vn','08:30:00','12:30:00'),(136,108,87,'Vn','13:00:00','17:00:00'),(137,108,87,'Sa','11:30:00','15:30:00'),(138,5,1,'Lu','08:30:00','12:30:00'),(139,5,1,'Lu','13:00:00','17:00:00'),(140,5,1,'Ma','08:30:00','12:30:00'),(141,5,1,'Ma','13:00:00','17:00:00'),(142,5,1,'Mi','08:30:00','12:30:00'),(143,5,1,'Mi','13:00:00','17:00:00'),(144,5,1,'Joi','08:30:00','12:30:00'),(145,5,1,'Joi','13:00:00','17:00:00'),(146,5,1,'Vn','08:30:00','12:30:00'),(147,5,1,'Vn','13:00:00','17:00:00'),(148,5,1,'Sa','09:30:00','13:30:00'),(149,31,4,'Lu','08:30:00','12:30:00'),(150,31,4,'Lu','13:00:00','17:00:00'),(151,31,4,'Ma','08:30:00','12:30:00'),(152,31,4,'Ma','13:00:00','17:00:00'),(153,31,4,'Mi','08:30:00','12:30:00'),(154,31,4,'Mi','13:00:00','17:00:00'),(155,31,4,'Joi','08:30:00','12:30:00'),(156,31,4,'Joi','13:00:00','17:00:00'),(157,31,4,'Vn','08:30:00','12:30:00'),(158,31,4,'Vn','13:00:00','17:00:00'),(159,31,4,'Sa','09:30:00','13:30:00'),(160,57,39,'Ma','11:30:00','15:30:00'),(161,57,39,'Ma','16:00:00','20:00:00'),(162,57,39,'Mi','11:30:00','15:30:00'),(163,57,39,'Mi','16:00:00','20:00:00'),(164,57,39,'Joi','11:30:00','15:30:00'),(165,57,39,'Joi','16:00:00','20:00:00'),(166,57,39,'Vn','11:30:00','15:30:00'),(167,57,39,'Vn','16:00:00','20:00:00'),(168,57,39,'Sa','11:30:00','15:30:00'),(169,83,93,'Lu','11:30:00','15:30:00'),(170,83,93,'Lu','16:00:00','20:00:00'),(171,83,93,'Ma','08:30:00','12:30:00'),(172,83,93,'Ma','13:00:00','17:00:00'),(173,83,93,'Joi','11:30:00','15:30:00'),(174,83,93,'Joi','16:00:00','20:00:00'),(175,83,93,'Vn','08:30:00','12:30:00'),(176,83,93,'Vn','13:00:00','17:00:00'),(177,83,93,'Sa','11:30:00','15:30:00'),(178,109,99,'Lu','11:30:00','15:30:00'),(179,109,99,'Lu','16:00:00','20:00:00'),(180,109,99,'Ma','08:30:00','12:30:00'),(181,109,99,'Ma','13:00:00','17:00:00'),(182,109,99,'Joi','11:30:00','15:30:00'),(183,109,99,'Joi','16:00:00','20:00:00'),(184,109,99,'Vn','08:30:00','12:30:00'),(185,109,99,'Vn','13:00:00','17:00:00'),(186,109,99,'Sa','11:30:00','15:30:00'),(187,6,37,'Ma','11:30:00','15:30:00'),(188,6,37,'Ma','16:00:00','20:00:00'),(189,6,37,'Mi','11:30:00','15:30:00'),(190,6,37,'Mi','16:00:00','20:00:00'),(191,6,37,'Joi','11:30:00','15:30:00'),(192,6,37,'Joi','16:00:00','20:00:00'),(193,6,37,'Vn','11:30:00','15:30:00'),(194,6,37,'Vn','16:00:00','20:00:00'),(195,6,37,'Sa','11:30:00','15:30:00'),(196,32,77,'Ma','11:30:00','15:30:00'),(197,32,77,'Ma','16:00:00','20:00:00'),(198,32,77,'Mi','11:30:00','15:30:00'),(199,32,77,'Mi','16:00:00','20:00:00'),(200,32,77,'Joi','11:30:00','15:30:00'),(201,32,77,'Joi','16:00:00','20:00:00'),(202,32,77,'Vn','11:30:00','15:30:00'),(203,32,77,'Vn','16:00:00','20:00:00'),(204,32,77,'Sa','11:30:00','15:30:00'),(221,110,77,'Lu','11:30:00','15:30:00'),(222,110,77,'Lu','16:00:00','20:00:00'),(268,7,15,'Ma','11:30:00','15:30:00'),(269,7,15,'Ma','16:00:00','20:00:00'),(270,7,15,'Mi','11:30:00','15:30:00'),(271,7,15,'Mi','16:00:00','20:00:00'),(272,7,15,'Joi','11:30:00','15:30:00'),(273,7,15,'Joi','16:00:00','20:00:00'),(274,7,15,'Vn','11:30:00','15:30:00'),(275,7,15,'Vn','16:00:00','20:00:00'),(276,7,15,'Sa','11:30:00','15:30:00'),(277,33,30,'Lu','08:30:00','12:30:00'),(278,33,30,'Lu','13:00:00','17:00:00'),(279,33,30,'Ma','08:30:00','12:30:00'),(280,33,30,'Ma','13:00:00','17:00:00'),(281,33,30,'Mi','08:30:00','12:30:00'),(282,33,30,'Mi','13:00:00','17:00:00'),(283,33,30,'Joi','08:30:00','12:30:00'),(284,33,30,'Joi','13:00:00','17:00:00'),(285,33,30,'Vn','08:30:00','12:30:00'),(286,33,30,'Vn','13:00:00','17:00:00'),(287,59,32,'Ma','11:30:00','15:30:00'),(288,59,32,'Ma','16:00:00','20:00:00'),(289,59,32,'Mi','11:30:00','15:30:00'),(290,59,32,'Mi','16:00:00','20:00:00'),(291,59,32,'Joi','11:30:00','15:30:00'),(292,59,32,'Joi','16:00:00','20:00:00'),(293,59,32,'Vn','11:30:00','15:30:00'),(294,59,32,'Vn','16:00:00','20:00:00'),(295,59,32,'Sa','11:30:00','15:30:00'),(296,85,72,'Lu','11:30:00','15:30:00'),(297,85,72,'Ma','11:30:00','15:30:00'),(298,85,72,'Mi','11:30:00','15:30:00'),(299,85,72,'Joi','11:30:00','15:30:00'),(300,85,72,'Vn','11:30:00','15:30:00'),(301,85,72,'Sa','11:30:00','15:30:00'),(302,111,72,'Lu','16:00:00','20:00:00'),(303,111,72,'Ma','16:00:00','20:00:00'),(304,111,72,'Mi','16:00:00','20:00:00'),(305,111,72,'Joi','16:00:00','20:00:00'),(306,111,72,'Vn','16:00:00','20:00:00'),(307,8,62,'Lu','08:30:00','12:30:00'),(308,8,62,'Ma','11:30:00','15:30:00'),(309,8,62,'Mi','08:30:00','12:30:00'),(310,8,62,'Joi','11:30:00','15:30:00'),(311,8,62,'Vn','08:30:00','12:30:00'),(312,34,62,'Lu','13:00:00','17:00:00'),(313,34,62,'Ma','16:00:00','20:00:00'),(314,34,62,'Mi','13:00:00','17:00:00'),(315,34,62,'Joi','16:00:00','20:00:00'),(316,34,62,'Vn','13:00:00','17:00:00'),(317,60,74,'Ma','11:30:00','15:30:00'),(318,60,74,'Ma','16:00:00','20:00:00'),(319,60,74,'Mi','11:30:00','15:30:00'),(320,60,74,'Mi','16:00:00','20:00:00'),(321,86,74,'Lu','11:30:00','15:30:00'),(322,86,74,'Lu','16:00:00','20:00:00'),(323,86,74,'Joi','11:30:00','15:30:00'),(324,86,74,'Sa','11:30:00','15:30:00'),(325,112,74,'Joi','16:00:00','20:00:00'),(326,112,74,'Vn','11:30:00','15:30:00'),(327,112,74,'Vn','16:00:00','20:00:00'),(328,112,62,'Sa','11:30:00','15:30:00'),(329,9,27,'Lu','08:30:00','12:30:00'),(330,9,27,'Lu','13:00:00','17:00:00'),(331,9,27,'Ma','08:30:00','12:30:00'),(332,9,27,'Ma','13:00:00','17:00:00'),(333,9,27,'Mi','08:30:00','12:30:00'),(334,9,27,'Mi','13:00:00','17:00:00'),(335,9,27,'Joi','08:30:00','12:30:00'),(336,9,27,'Joi','13:00:00','17:00:00'),(337,9,27,'Vn','08:30:00','12:30:00'),(338,9,27,'Vn','13:00:00','17:00:00'),(339,35,81,'Lu','08:30:00','12:30:00'),(340,35,81,'Ma','11:30:00','15:30:00'),(341,35,81,'Mi','08:30:00','12:30:00'),(342,35,81,'Joi','11:30:00','15:30:00'),(343,35,81,'Vn','08:30:00','12:30:00'),(344,35,81,'Sa','11:30:00','15:30:00'),(345,61,81,'Lu','13:00:00','17:00:00'),(346,61,81,'Ma','16:00:00','20:00:00'),(347,61,81,'Mi','13:00:00','17:00:00'),(348,61,81,'Joi','16:00:00','20:00:00'),(349,61,81,'Vn','13:00:00','17:00:00'),(350,87,94,'Lu','11:30:00','15:30:00'),(351,87,94,'Ma','08:30:00','12:30:00'),(352,87,94,'Joi','11:30:00','15:30:00'),(353,87,94,'Vn','08:30:00','12:30:00'),(354,87,94,'Sa','11:30:00','15:30:00'),(355,113,94,'Lu','16:00:00','20:00:00'),(356,113,94,'Ma','13:00:00','17:00:00'),(357,113,94,'Joi','16:00:00','20:00:00'),(358,113,94,'Vn','13:00:00','17:00:00'),(359,10,18,'Lu','11:30:00','15:30:00'),(360,10,18,'Lu','16:00:00','20:00:00'),(361,10,18,'Ma','11:30:00','15:30:00'),(362,10,18,'Ma','16:00:00','20:00:00'),(363,10,18,'Mi','11:30:00','15:30:00'),(364,10,18,'Mi','16:00:00','20:00:00'),(365,10,18,'Joi','11:30:00','15:30:00'),(366,10,18,'Joi','16:00:00','20:00:00'),(367,10,18,'Vn','11:30:00','15:30:00'),(368,10,18,'Vn','16:00:00','20:00:00'),(369,36,38,'Ma','11:30:00','15:30:00'),(370,36,38,'Ma','16:00:00','20:00:00'),(371,36,38,'Mi','11:30:00','15:30:00'),(372,36,38,'Mi','16:00:00','20:00:00'),(373,36,38,'Joi','11:30:00','15:30:00'),(374,36,38,'Joi','16:00:00','20:00:00'),(375,36,38,'Vn','11:30:00','15:30:00'),(376,36,38,'Vn','16:00:00','20:00:00'),(377,36,38,'Sa','11:30:00','15:30:00'),(378,36,38,'Sa','16:00:00','20:00:00'),(379,62,24,'Lu','08:30:00','12:30:00'),(380,62,24,'Lu','13:00:00','17:00:00'),(381,62,24,'Ma','08:30:00','12:30:00'),(382,62,24,'Ma','13:00:00','17:00:00'),(383,62,24,'Mi','08:30:00','12:30:00'),(384,62,24,'Mi','13:00:00','17:00:00'),(385,62,24,'Joi','08:30:00','12:30:00'),(386,62,24,'Joi','13:00:00','17:00:00'),(387,62,24,'Vn','08:30:00','12:30:00'),(388,62,24,'Vn','13:00:00','17:00:00'),(389,88,41,'Lu','08:30:00','12:30:00'),(390,88,41,'Lu','13:00:00','17:00:00'),(391,88,41,'Ma','08:30:00','12:30:00'),(392,88,41,'Ma','13:00:00','17:00:00'),(393,88,41,'Joi','08:30:00','12:30:00'),(394,88,41,'Joi','13:00:00','17:00:00'),(395,88,41,'Vn','08:30:00','12:30:00'),(396,88,41,'Vn','13:00:00','17:00:00'),(397,88,41,'Sa','09:30:00','13:30:00'),(398,114,43,'Lu','08:30:00','12:30:00'),(399,114,43,'Lu','13:00:00','17:00:00'),(400,114,43,'Ma','08:30:00','12:30:00'),(401,114,43,'Ma','13:00:00','17:00:00'),(402,114,43,'Joi','08:30:00','12:30:00'),(403,114,43,'Joi','13:00:00','17:00:00'),(404,114,43,'Vn','08:30:00','12:30:00'),(405,114,43,'Vn','13:00:00','17:00:00'),(406,114,43,'Sa','09:30:00','13:30:00'),(407,11,25,'Lu','08:30:00','12:30:00'),(408,11,25,'Lu','13:00:00','17:00:00'),(409,11,25,'Ma','08:30:00','12:30:00'),(410,11,25,'Ma','13:00:00','17:00:00'),(411,11,25,'Mi','08:30:00','12:30:00'),(412,11,25,'Mi','13:00:00','17:00:00'),(413,11,25,'Joi','08:30:00','12:30:00'),(414,11,25,'Joi','13:00:00','17:00:00'),(415,11,25,'Vn','08:30:00','12:30:00'),(416,11,25,'Vn','13:00:00','17:00:00'),(417,37,54,'Lu','11:30:00','15:30:00'),(418,37,54,'Lu','16:00:00','20:00:00'),(419,37,54,'Ma','11:30:00','15:30:00'),(420,37,54,'Ma','16:00:00','20:00:00'),(421,37,54,'Mi','11:30:00','15:30:00'),(422,37,54,'Mi','16:00:00','20:00:00'),(423,37,54,'Vn','11:30:00','15:30:00'),(424,37,54,'Vn','16:00:00','20:00:00'),(425,37,54,'Sa','11:30:00','15:30:00'),(426,63,65,'Lu','08:30:00','12:30:00'),(427,63,65,'Lu','13:00:00','17:00:00'),(428,63,65,'Ma','11:30:00','15:30:00'),(429,63,65,'Ma','16:00:00','20:00:00'),(430,63,65,'Mi','08:30:00','12:30:00'),(431,63,65,'Mi','13:00:00','17:00:00'),(432,63,65,'Joi','11:30:00','15:30:00'),(433,63,65,'Joi','16:00:00','20:00:00'),(434,63,65,'Vn','08:30:00','12:30:00'),(435,63,65,'Vn','13:00:00','17:00:00'),(436,63,65,'Sa','11:30:00','15:30:00'),(437,89,69,'Lu','08:30:00','12:30:00'),(438,89,69,'Lu','13:00:00','17:00:00'),(439,89,69,'Ma','11:30:00','15:30:00'),(440,89,69,'Ma','16:00:00','20:00:00'),(441,89,69,'Mi','08:30:00','12:30:00'),(442,89,69,'Mi','13:00:00','17:00:00'),(443,89,69,'Joi','11:30:00','15:30:00'),(444,89,69,'Joi','16:00:00','20:00:00'),(445,89,69,'Vn','08:30:00','12:30:00'),(446,89,69,'Vn','13:00:00','17:00:00'),(447,89,69,'Sa','11:30:00','15:30:00'),(448,115,71,'Lu','11:30:00','15:30:00'),(449,115,71,'Lu','16:00:00','20:00:00'),(450,115,71,'Ma','11:30:00','15:30:00'),(451,115,71,'Ma','16:00:00','20:00:00'),(452,115,71,'Mi','11:30:00','15:30:00'),(453,115,71,'Mi','16:00:00','20:00:00'),(454,115,71,'Joi','11:30:00','15:30:00'),(455,115,71,'Joi','16:00:00','20:00:00'),(456,115,71,'Vn','11:30:00','15:30:00'),(457,115,71,'Vn','16:00:00','20:00:00'),(458,115,71,'Sa','11:30:00','15:30:00'),(459,12,19,'Lu','11:30:00','15:30:00'),(460,12,19,'Lu','16:00:00','20:00:00'),(461,12,19,'Ma','11:30:00','15:30:00'),(462,12,19,'Ma','16:00:00','20:00:00'),(463,12,19,'Mi','11:30:00','15:30:00'),(464,12,19,'Mi','16:00:00','20:00:00'),(465,12,19,'Joi','11:30:00','15:30:00'),(466,12,19,'Joi','16:00:00','20:00:00'),(467,12,19,'Vn','11:30:00','15:30:00'),(468,12,19,'Vn','16:00:00','20:00:00'),(469,12,19,'Sa','11:30:00','15:30:00'),(470,38,82,'Lu','08:30:00','12:30:00'),(471,38,82,'Ma','11:30:00','15:30:00'),(472,38,82,'Mi','08:30:00','12:30:00'),(473,38,82,'Joi','11:30:00','15:30:00'),(474,38,82,'Vn','08:30:00','12:30:00'),(475,38,82,'Sa','11:30:00','15:30:00'),(476,64,82,'Lu','13:00:00','17:00:00'),(477,64,82,'Ma','16:00:00','20:00:00'),(478,64,82,'Mi','13:00:00','17:00:00'),(479,64,82,'Joi','16:00:00','20:00:00'),(480,64,82,'Vn','13:00:00','17:00:00'),(481,90,96,'Lu','11:30:00','15:30:00'),(482,90,96,'Ma','08:30:00','12:30:00'),(483,90,96,'Joi','11:30:00','15:30:00'),(484,90,96,'Vn','08:30:00','12:30:00'),(485,90,96,'Sa','11:30:00','15:30:00'),(486,116,96,'Lu','16:00:00','20:00:00'),(487,116,96,'Ma','13:00:00','17:00:00'),(488,116,96,'Joi','16:00:00','20:00:00'),(489,116,96,'Vn','13:00:00','17:00:00'),(490,13,23,'Lu','08:30:00','12:30:00'),(491,13,23,'Lu','13:00:00','17:00:00'),(492,13,23,'Ma','08:30:00','12:30:00'),(493,13,23,'Ma','13:00:00','17:00:00'),(494,13,23,'Mi','08:30:00','12:30:00'),(495,13,23,'Mi','13:00:00','17:00:00'),(496,13,23,'Joi','08:30:00','12:30:00'),(497,13,23,'Joi','13:00:00','17:00:00'),(498,13,23,'Vn','08:30:00','12:30:00'),(499,13,23,'Vn','13:00:00','17:00:00'),(500,39,42,'Lu','08:30:00','12:30:00'),(501,39,42,'Lu','13:00:00','17:00:00'),(502,39,42,'Ma','08:30:00','12:30:00'),(503,39,42,'Ma','13:00:00','17:00:00'),(504,39,42,'Mi','08:30:00','12:30:00'),(505,39,42,'Mi','13:00:00','17:00:00'),(506,39,42,'Joi','08:30:00','12:30:00'),(507,39,42,'Joi','13:00:00','17:00:00'),(508,39,42,'Vn','08:30:00','12:30:00'),(509,39,42,'Vn','13:00:00','17:00:00'),(510,39,42,'Sa','09:30:00','13:30:00'),(511,65,56,'Lu','11:30:00','15:30:00'),(512,65,56,'Lu','16:00:00','20:00:00'),(513,65,56,'Ma','11:30:00','15:30:00'),(514,65,56,'Ma','16:00:00','20:00:00'),(515,65,56,'Mi','11:30:00','15:30:00'),(516,65,56,'Mi','16:00:00','20:00:00'),(517,65,56,'Vn','11:30:00','15:30:00'),(518,65,56,'Vn','16:00:00','20:00:00'),(519,65,56,'Sa','11:30:00','15:30:00'),(520,91,58,'Lu','11:30:00','15:30:00'),(521,91,58,'Lu','16:00:00','20:00:00'),(522,91,58,'Ma','11:30:00','15:30:00'),(523,91,58,'Ma','16:00:00','20:00:00'),(524,91,58,'Mi','11:30:00','15:30:00'),(525,91,58,'Mi','16:00:00','20:00:00'),(526,91,58,'Vn','11:30:00','15:30:00'),(527,91,58,'Vn','16:00:00','20:00:00'),(528,91,58,'Sa','11:30:00','15:30:00'),(529,117,75,'Lu','11:30:00','15:30:00'),(530,117,75,'Lu','16:00:00','20:00:00'),(531,117,75,'Ma','11:30:00','15:30:00'),(532,117,75,'Ma','16:00:00','20:00:00'),(533,117,75,'Mi','11:30:00','15:30:00'),(534,117,75,'Mi','16:00:00','20:00:00'),(535,117,75,'Joi','11:30:00','15:30:00'),(536,117,75,'Joi','16:00:00','20:00:00'),(537,117,75,'Vn','11:30:00','15:30:00'),(538,117,75,'Vn','16:00:00','20:00:00'),(539,117,75,'Sa','11:30:00','15:30:00'),(540,14,34,'Ma','11:30:00','15:30:00'),(541,14,34,'Ma','16:00:00','20:00:00'),(542,14,34,'Mi','11:30:00','15:30:00'),(543,14,34,'Mi','16:00:00','20:00:00'),(544,14,34,'Joi','11:30:00','15:30:00'),(545,14,34,'Joi','16:00:00','20:00:00'),(546,14,34,'Vn','11:30:00','15:30:00'),(547,14,34,'Vn','16:00:00','20:00:00'),(548,14,34,'Sa','11:30:00','15:30:00'),(549,40,55,'Lu','11:30:00','15:30:00'),(550,40,55,'Lu','16:00:00','20:00:00'),(551,40,55,'Ma','11:30:00','15:30:00'),(552,40,55,'Ma','16:00:00','20:00:00'),(553,40,55,'Mi','11:30:00','15:30:00'),(554,40,55,'Mi','16:00:00','20:00:00'),(555,40,55,'Vn','11:30:00','15:30:00'),(556,40,55,'Vn','16:00:00','20:00:00'),(557,40,55,'Sa','11:30:00','15:30:00'),(558,66,63,'Lu','08:30:00','12:30:00'),(559,66,63,'Ma','11:30:00','15:30:00'),(560,66,63,'Mi','08:30:00','12:30:00'),(561,66,63,'Joi','11:30:00','15:30:00'),(562,66,63,'Vn','08:30:00','12:30:00'),(563,66,63,'Sa','11:30:00','15:30:00'),(564,92,63,'Lu','13:00:00','17:00:00'),(565,92,63,'Ma','16:00:00','20:00:00'),(566,92,63,'Mi','13:00:00','17:00:00'),(567,92,63,'Joi','16:00:00','20:00:00'),(568,92,63,'Vn','13:00:00','17:00:00'),(569,118,76,'Lu','11:30:00','15:30:00'),(570,118,76,'Lu','16:00:00','20:00:00'),(571,118,76,'Ma','11:30:00','15:30:00'),(572,118,76,'Ma','16:00:00','20:00:00'),(573,118,76,'Mi','11:30:00','15:30:00'),(574,118,76,'Mi','16:00:00','20:00:00'),(575,118,76,'Joi','11:30:00','15:30:00'),(576,118,76,'Joi','16:00:00','20:00:00'),(577,118,76,'Vn','11:30:00','15:30:00'),(578,118,76,'Vn','16:00:00','20:00:00'),(579,118,76,'Sa','11:30:00','15:30:00'),(580,15,6,'Lu','08:30:00','12:30:00'),(581,15,6,'Lu','13:00:00','17:00:00'),(582,15,6,'Ma','08:30:00','12:30:00'),(583,15,6,'Ma','13:00:00','17:00:00'),(584,15,6,'Mi','08:30:00','12:30:00'),(585,15,6,'Mi','13:00:00','17:00:00'),(586,15,6,'Joi','08:30:00','12:30:00'),(587,15,6,'Joi','13:00:00','17:00:00'),(588,15,6,'Vn','08:30:00','12:30:00'),(589,15,6,'Vn','13:00:00','17:00:00'),(590,15,6,'Sa','09:30:00','13:30:00'),(591,41,52,'Lu','11:30:00','15:30:00'),(592,41,52,'Ma','11:30:00','15:30:00'),(593,41,52,'Mi','11:30:00','15:30:00'),(594,41,52,'Vn','11:30:00','15:30:00'),(595,41,52,'Sa','11:30:00','15:30:00'),(596,67,52,'Lu','16:00:00','20:00:00'),(597,67,52,'Ma','16:00:00','20:00:00'),(598,67,52,'Mi','16:00:00','20:00:00'),(599,67,52,'Vn','16:00:00','20:00:00'),(600,93,66,'Lu','08:30:00','12:30:00'),(601,93,66,'Ma','11:30:00','15:30:00'),(602,93,66,'Mi','08:30:00','12:30:00'),(603,93,66,'Joi','11:30:00','15:30:00'),(604,93,66,'Vn','08:30:00','12:30:00'),(605,93,66,'Sa','11:30:00','15:30:00'),(606,119,66,'Lu','13:00:00','17:00:00'),(607,119,66,'Ma','16:00:00','20:00:00'),(608,119,66,'Mi','13:00:00','17:00:00'),(609,119,66,'Joi','16:00:00','20:00:00'),(610,119,66,'Vn','13:00:00','17:00:00'),(611,16,106,'Lu','08:30:00','12:30:00'),(612,16,106,'Ma','08:30:00','12:30:00'),(613,16,106,'Mi','08:30:00','12:30:00'),(614,16,106,'Joi','08:30:00','12:30:00'),(615,16,106,'Vn','08:30:00','12:30:00'),(616,42,106,'Lu','13:00:00','17:00:00'),(617,42,106,'Ma','13:00:00','17:00:00'),(618,42,106,'Mi','13:00:00','17:00:00'),(619,42,106,'Joi','13:00:00','17:00:00'),(620,42,106,'Vn','13:00:00','17:00:00'),(621,17,47,'Lu','08:30:00','12:30:00'),(622,17,47,'Lu','13:00:00','17:00:00'),(623,17,47,'Ma','08:30:00','12:30:00'),(624,17,47,'Ma','13:00:00','17:00:00'),(625,17,47,'Joi','08:30:00','12:30:00'),(626,17,47,'Joi','13:00:00','17:00:00'),(627,17,47,'Vn','08:30:00','12:30:00'),(628,17,47,'Vn','13:00:00','17:00:00'),(629,17,47,'Sa','09:30:00','13:30:00'),(630,43,84,'Lu','08:30:00','12:30:00'),(631,43,84,'Lu','13:00:00','17:00:00'),(632,43,84,'Ma','11:30:00','15:30:00'),(633,43,84,'Ma','16:00:00','20:00:00'),(634,43,84,'Mi','08:30:00','12:30:00'),(635,43,84,'Mi','13:00:00','17:00:00'),(636,43,84,'Joi','11:30:00','15:30:00'),(637,43,84,'Joi','16:00:00','20:00:00'),(638,43,84,'Vn','08:30:00','12:30:00'),(639,43,84,'Vn','13:00:00','17:00:00'),(640,43,84,'Sa','11:30:00','15:30:00'),(641,69,85,'Lu','08:30:00','12:30:00'),(642,69,85,'Lu','13:00:00','17:00:00'),(643,69,85,'Ma','11:30:00','15:30:00'),(644,69,85,'Ma','16:00:00','20:00:00'),(645,69,85,'Mi','08:30:00','12:30:00'),(646,69,85,'Mi','13:00:00','17:00:00'),(647,69,85,'Joi','11:30:00','15:30:00'),(648,69,85,'Joi','16:00:00','20:00:00'),(649,69,85,'Vn','08:30:00','12:30:00'),(650,69,85,'Vn','13:00:00','17:00:00'),(651,69,85,'Sa','11:30:00','15:30:00'),(652,95,100,'Lu','11:30:00','15:30:00'),(653,95,100,'Lu','16:00:00','20:00:00'),(654,95,100,'Ma','08:30:00','12:30:00'),(655,95,100,'Ma','13:00:00','17:00:00'),(656,95,100,'Joi','11:30:00','15:30:00'),(657,95,100,'Joi','16:00:00','20:00:00'),(658,95,100,'Vn','08:30:00','12:30:00'),(659,95,100,'Vn','13:00:00','17:00:00'),(660,95,100,'Sa','11:30:00','15:30:00'),(661,18,7,'Lu','08:30:00','12:30:00'),(662,18,7,'Lu','13:00:00','17:00:00'),(663,18,7,'Ma','08:30:00','12:30:00'),(664,18,7,'Ma','13:00:00','17:00:00'),(665,18,7,'Mi','08:30:00','12:30:00'),(666,18,7,'Mi','13:00:00','17:00:00'),(667,18,7,'Joi','08:30:00','12:30:00'),(668,18,7,'Joi','13:00:00','17:00:00'),(669,18,7,'Vn','08:30:00','12:30:00'),(670,18,7,'Vn','13:00:00','17:00:00'),(671,18,7,'Sa','09:30:00','13:30:00'),(672,44,11,'Lu','11:30:00','15:30:00'),(673,44,11,'Lu','16:00:00','20:00:00'),(674,44,11,'Ma','11:30:00','15:30:00'),(675,44,11,'Ma','16:00:00','20:00:00'),(676,44,11,'Mi','11:30:00','15:30:00'),(677,44,11,'Mi','16:00:00','20:00:00'),(678,44,11,'Joi','11:30:00','15:30:00'),(679,44,11,'Joi','16:00:00','20:00:00'),(680,44,11,'Vn','11:30:00','15:30:00'),(681,44,11,'Vn','16:00:00','20:00:00'),(682,44,11,'Sa','11:30:00','15:30:00'),(683,70,22,'Lu','08:30:00','12:30:00'),(684,70,22,'Lu','13:00:00','17:00:00'),(685,70,22,'Ma','08:30:00','12:30:00'),(686,70,22,'Ma','13:00:00','17:00:00'),(687,70,22,'Mi','08:30:00','12:30:00'),(688,70,22,'Mi','13:00:00','17:00:00'),(689,70,22,'Joi','08:30:00','12:30:00'),(690,70,22,'Joi','13:00:00','17:00:00'),(691,70,22,'Vn','08:30:00','12:30:00'),(692,70,22,'Vn','13:00:00','17:00:00'),(693,96,67,'Lu','08:30:00','12:30:00'),(694,96,67,'Lu','13:00:00','17:00:00'),(695,96,67,'Ma','11:30:00','15:30:00'),(696,96,67,'Ma','16:00:00','20:00:00'),(697,96,67,'Mi','08:30:00','12:30:00'),(698,96,67,'Mi','13:00:00','17:00:00'),(699,96,67,'Joi','11:30:00','15:30:00'),(700,96,67,'Joi','16:00:00','20:00:00'),(701,96,67,'Vn','08:30:00','12:30:00'),(702,96,67,'Vn','13:00:00','17:00:00'),(703,96,67,'Sa','11:30:00','15:30:00'),(704,19,79,'Lu','16:00:00','20:00:00'),(705,19,79,'Ma','16:00:00','20:00:00'),(706,19,79,'Mi','16:00:00','20:00:00'),(707,19,79,'Joi','16:00:00','20:00:00'),(708,19,79,'Vn','16:00:00','20:00:00'),(709,45,79,'Lu','11:30:00','15:30:00'),(710,45,79,'Ma','11:30:00','15:30:00'),(711,45,79,'Mi','11:30:00','15:30:00'),(712,45,79,'Joi','11:30:00','15:30:00'),(713,45,79,'Vn','11:30:00','15:30:00'),(714,45,79,'Sa','11:30:00','15:30:00'),(715,20,8,'Lu','08:30:00','12:30:00'),(716,20,8,'Lu','13:00:00','17:00:00'),(717,20,8,'Ma','08:30:00','12:30:00'),(718,20,8,'Ma','13:00:00','17:00:00'),(719,20,8,'Mi','08:30:00','12:30:00'),(720,20,8,'Mi','13:00:00','17:00:00'),(721,20,8,'Joi','08:30:00','12:30:00'),(722,20,8,'Joi','13:00:00','17:00:00'),(723,20,8,'Vn','08:30:00','12:30:00'),(724,20,8,'Vn','13:00:00','17:00:00'),(725,20,8,'Sa','09:30:00','13:30:00'),(726,46,48,'Lu','08:30:00','12:30:00'),(727,46,48,'Lu','13:00:00','17:00:00'),(728,46,48,'Ma','08:30:00','12:30:00'),(729,46,48,'Ma','13:00:00','17:00:00'),(730,46,48,'Joi','08:30:00','12:30:00'),(731,46,48,'Joi','13:00:00','17:00:00'),(732,46,48,'Vn','08:30:00','12:30:00'),(733,46,48,'Vn','13:00:00','17:00:00'),(734,46,48,'Sa','09:30:00','13:30:00'),(735,72,101,'Lu','08:30:00','12:30:00'),(736,72,101,'Lu','13:00:00','17:00:00'),(737,72,101,'Ma','08:30:00','12:30:00'),(738,72,101,'Ma','13:00:00','17:00:00'),(739,72,101,'Mi','08:30:00','12:30:00'),(740,72,101,'Mi','13:00:00','17:00:00'),(741,72,101,'Joi','08:30:00','12:30:00'),(742,72,101,'Joi','13:00:00','17:00:00'),(743,72,101,'Vn','08:30:00','12:30:00'),(744,72,101,'Vn','13:00:00','17:00:00'),(745,98,110,'Lu','08:30:00','12:30:00'),(746,98,110,'Lu','13:00:00','17:00:00'),(747,98,110,'Ma','08:30:00','12:30:00'),(748,98,110,'Ma','13:00:00','17:00:00'),(749,98,110,'Mi','08:30:00','12:30:00'),(750,98,110,'Mi','13:00:00','17:00:00'),(751,98,110,'Joi','08:30:00','12:30:00'),(752,98,110,'Joi','13:00:00','17:00:00'),(753,98,110,'Vn','08:30:00','12:30:00'),(754,98,110,'Vn','13:00:00','17:00:00'),(755,21,16,'Lu','11:30:00','15:30:00'),(756,21,16,'Lu','16:00:00','20:00:00'),(757,21,16,'Ma','11:30:00','15:30:00'),(758,21,16,'Ma','16:00:00','20:00:00'),(759,21,16,'Mi','11:30:00','15:30:00'),(760,21,16,'Mi','16:00:00','20:00:00'),(761,21,16,'Joi','11:30:00','15:30:00'),(762,21,16,'Joi','16:00:00','20:00:00'),(763,21,16,'Vn','11:30:00','15:30:00'),(764,21,16,'Vn','16:00:00','20:00:00'),(765,21,16,'Sa','11:30:00','15:30:00'),(766,47,40,'Ma','11:30:00','15:30:00'),(767,47,40,'Ma','16:00:00','20:00:00'),(768,47,40,'Mi','11:30:00','15:30:00'),(769,47,40,'Mi','16:00:00','20:00:00'),(770,47,40,'Joi','11:30:00','15:30:00'),(771,47,40,'Joi','16:00:00','20:00:00'),(772,47,40,'Vn','11:30:00','15:30:00'),(773,47,40,'Vn','16:00:00','20:00:00'),(774,47,40,'Sa','11:30:00','15:30:00'),(775,73,45,'Lu','08:30:00','12:30:00'),(776,73,45,'Lu','13:00:00','17:00:00'),(777,73,45,'Ma','08:30:00','12:30:00'),(778,73,45,'Ma','13:00:00','17:00:00'),(779,73,45,'Joi','08:30:00','12:30:00'),(780,73,45,'Joi','13:00:00','17:00:00'),(781,73,45,'Vn','08:30:00','12:30:00'),(782,73,45,'Vn','13:00:00','17:00:00'),(783,73,45,'Sa','09:30:00','13:30:00'),(784,99,57,'Lu','11:30:00','15:30:00'),(785,99,57,'Lu','16:00:00','20:00:00'),(786,99,57,'Ma','11:30:00','15:30:00'),(787,99,57,'Ma','16:00:00','20:00:00'),(788,99,57,'Mi','11:30:00','15:30:00'),(789,99,57,'Mi','16:00:00','20:00:00'),(790,99,57,'Vn','11:30:00','15:30:00'),(791,99,57,'Vn','16:00:00','20:00:00'),(792,99,57,'Sa','11:30:00','15:30:00'),(793,22,14,'Lu','11:30:00','15:30:00'),(794,22,14,'Lu','16:00:00','20:00:00'),(795,22,14,'Ma','11:30:00','15:30:00'),(796,22,14,'Ma','16:00:00','20:00:00'),(797,22,14,'Mi','11:30:00','15:30:00'),(798,22,14,'Mi','16:00:00','20:00:00'),(799,22,14,'Joi','11:30:00','15:30:00'),(800,22,14,'Joi','16:00:00','20:00:00'),(801,22,14,'Vn','11:30:00','15:30:00'),(802,22,14,'Vn','16:00:00','20:00:00'),(803,22,14,'Sa','11:30:00','15:30:00'),(804,48,29,'Lu','08:30:00','12:30:00'),(805,48,29,'Lu','13:00:00','17:00:00'),(806,48,29,'Ma','08:30:00','12:30:00'),(807,48,29,'Ma','13:00:00','17:00:00'),(808,48,29,'Mi','08:30:00','12:30:00'),(809,48,29,'Mi','13:00:00','17:00:00'),(810,48,29,'Joi','08:30:00','12:30:00'),(811,48,29,'Joi','13:00:00','17:00:00'),(812,48,29,'Vn','08:30:00','12:30:00'),(813,48,29,'Vn','13:00:00','17:00:00'),(814,74,31,'Ma','11:30:00','15:30:00'),(815,74,31,'Ma','16:00:00','20:00:00'),(816,74,31,'Mi','11:30:00','15:30:00'),(817,74,31,'Mi','16:00:00','20:00:00'),(818,74,31,'Joi','11:30:00','15:30:00'),(819,74,31,'Joi','16:00:00','20:00:00'),(820,74,31,'Vn','11:30:00','15:30:00'),(821,74,31,'Vn','16:00:00','20:00:00'),(822,74,31,'Sa','11:30:00','15:30:00'),(823,100,53,'Lu','11:30:00','15:30:00'),(824,100,53,'Lu','16:00:00','20:00:00'),(825,100,53,'Ma','11:30:00','15:30:00'),(826,100,53,'Ma','16:00:00','20:00:00'),(827,100,53,'Mi','11:30:00','15:30:00'),(828,100,53,'Mi','16:00:00','20:00:00'),(829,100,53,'Vn','11:30:00','15:30:00'),(830,100,53,'Vn','16:00:00','20:00:00'),(831,100,53,'Sa','11:30:00','15:30:00'),(832,23,33,'Ma','11:30:00','15:30:00'),(833,23,33,'Mi','11:30:00','15:30:00'),(834,23,33,'Joi','11:30:00','15:30:00'),(835,23,33,'Vn','11:30:00','15:30:00'),(836,23,33,'Sa','11:30:00','15:30:00'),(837,49,72,'Ma','16:00:00','20:00:00'),(838,49,72,'Mi','16:00:00','20:00:00'),(839,49,72,'Joi','16:00:00','20:00:00'),(840,49,72,'Vn','16:00:00','20:00:00'),(841,75,49,'Lu','08:30:00','12:30:00'),(842,75,49,'Ma','08:30:00','12:30:00'),(843,75,49,'Joi','08:30:00','12:30:00'),(844,75,49,'Vn','08:30:00','12:30:00'),(845,75,49,'Sa','09:30:00','13:30:00'),(846,101,49,'Lu','13:00:00','17:00:00'),(847,101,49,'Ma','13:00:00','17:00:00'),(848,101,49,'Joi','13:00:00','17:00:00'),(849,101,49,'Vn','13:00:00','17:00:00'),(850,24,2,'Lu','08:30:00','12:30:00'),(851,24,2,'Lu','13:00:00','17:00:00'),(852,24,2,'Ma','08:30:00','12:30:00'),(853,24,2,'Ma','13:00:00','17:00:00'),(854,24,2,'Mi','08:30:00','12:30:00'),(855,24,2,'Mi','13:00:00','17:00:00'),(856,24,2,'Joi','08:30:00','12:30:00'),(857,24,2,'Joi','13:00:00','17:00:00'),(858,24,2,'Vn','08:30:00','12:30:00'),(859,24,2,'Vn','13:00:00','17:00:00'),(860,24,2,'Sa','09:30:00','13:30:00'),(861,50,26,'Lu','08:30:00','12:30:00'),(862,50,26,'Lu','13:00:00','17:00:00'),(863,50,26,'Ma','08:30:00','12:30:00'),(864,50,26,'Ma','13:00:00','17:00:00'),(865,50,26,'Mi','08:30:00','12:30:00'),(866,50,26,'Mi','13:00:00','17:00:00'),(867,50,26,'Joi','08:30:00','12:30:00'),(868,50,26,'Joi','13:00:00','17:00:00'),(869,50,26,'Vn','08:30:00','12:30:00'),(870,50,26,'Vn','13:00:00','17:00:00'),(871,76,36,'Ma','11:30:00','15:30:00'),(872,76,36,'Ma','16:00:00','20:00:00'),(873,76,36,'Mi','11:30:00','15:30:00'),(874,76,36,'Mi','16:00:00','20:00:00'),(875,76,36,'Joi','11:30:00','15:30:00'),(876,76,36,'Joi','16:00:00','20:00:00'),(877,76,36,'Vn','11:30:00','15:30:00'),(878,76,36,'Vn','16:00:00','20:00:00'),(879,76,36,'Sa','11:30:00','15:30:00'),(880,102,70,'Lu','08:30:00','12:30:00'),(881,102,70,'Lu','13:00:00','17:00:00'),(882,102,70,'Ma','11:30:00','15:30:00'),(883,102,70,'Ma','16:00:00','20:00:00'),(884,102,70,'Mi','08:30:00','12:30:00'),(885,102,70,'Mi','13:00:00','17:00:00'),(886,102,70,'Joi','11:30:00','15:30:00'),(887,102,70,'Joi','16:00:00','20:00:00'),(888,102,70,'Vn','08:30:00','12:30:00'),(889,102,70,'Vn','13:00:00','17:00:00'),(890,102,70,'Sa','11:30:00','15:30:00'),(891,25,89,'Lu','08:30:00','12:30:00'),(892,25,89,'Ma','11:30:00','15:30:00'),(893,25,89,'Mi','08:30:00','12:30:00'),(894,25,89,'Joi','11:30:00','15:30:00'),(895,25,89,'Vn','08:30:00','12:30:00'),(896,25,89,'Sa','11:30:00','15:30:00'),(897,51,89,'Lu','13:00:00','17:00:00'),(898,51,89,'Ma','16:00:00','20:00:00'),(899,51,89,'Mi','13:00:00','17:00:00'),(900,51,89,'Joi','16:00:00','20:00:00'),(901,51,89,'Vn','13:00:00','17:00:00'),(902,77,97,'Lu','11:30:00','15:30:00'),(903,77,97,'Lu','16:00:00','20:00:00'),(904,77,97,'Ma','08:30:00','12:30:00'),(905,77,97,'Ma','13:00:00','17:00:00'),(906,77,97,'Joi','11:30:00','15:30:00'),(907,77,97,'Joi','16:00:00','20:00:00'),(908,77,97,'Vn','08:30:00','12:30:00'),(909,77,97,'Vn','13:00:00','17:00:00'),(910,77,97,'Sa','11:30:00','15:30:00'),(911,103,61,'Lu','08:30:00','12:30:00'),(912,103,61,'Lu','13:00:00','17:00:00'),(913,103,61,'Ma','11:30:00','15:30:00'),(914,103,61,'Ma','16:00:00','20:00:00'),(915,103,61,'Mi','08:30:00','12:30:00'),(916,103,61,'Mi','13:00:00','17:00:00'),(917,103,61,'Joi','11:30:00','15:30:00'),(918,103,61,'Joi','16:00:00','20:00:00'),(919,103,61,'Vn','08:30:00','12:30:00'),(920,103,61,'Vn','13:00:00','17:00:00'),(921,103,61,'Sa','11:30:00','15:30:00'),(922,26,3,'Lu','08:30:00','12:30:00'),(923,26,3,'Lu','13:00:00','17:00:00'),(924,26,3,'Ma','08:30:00','12:30:00'),(925,26,3,'Ma','13:00:00','17:00:00'),(926,26,3,'Mi','08:30:00','12:30:00'),(927,26,3,'Mi','13:00:00','17:00:00'),(928,26,3,'Joi','08:30:00','12:30:00'),(929,26,3,'Joi','13:00:00','17:00:00'),(930,26,3,'Vn','08:30:00','12:30:00'),(931,26,3,'Vn','13:00:00','17:00:00'),(932,26,3,'Sa','09:30:00','13:30:00'),(933,52,13,'Lu','11:30:00','15:30:00'),(934,52,13,'Lu','16:00:00','20:00:00'),(935,52,13,'Ma','11:30:00','15:30:00'),(936,52,13,'Ma','16:00:00','20:00:00'),(937,52,13,'Mi','11:30:00','15:30:00'),(938,52,13,'Mi','16:00:00','20:00:00'),(939,52,13,'Joi','11:30:00','15:30:00'),(940,52,13,'Joi','16:00:00','20:00:00'),(941,52,13,'Vn','11:30:00','15:30:00'),(942,52,13,'Vn','16:00:00','20:00:00'),(943,52,13,'Sa','11:30:00','15:30:00'),(944,78,21,'Lu','08:30:00','12:30:00'),(945,78,21,'Lu','13:00:00','17:00:00'),(946,78,21,'Ma','08:30:00','12:30:00'),(947,78,21,'Ma','13:00:00','17:00:00'),(948,78,21,'Mi','08:30:00','12:30:00'),(949,78,21,'Mi','13:00:00','17:00:00'),(950,78,21,'Joi','08:30:00','12:30:00'),(951,78,21,'Joi','13:00:00','17:00:00'),(952,78,21,'Vn','08:30:00','12:30:00'),(953,78,21,'Vn','13:00:00','17:00:00'),(954,104,51,'Lu','11:30:00','15:30:00'),(955,104,51,'Lu','16:00:00','20:00:00'),(956,104,51,'Ma','11:30:00','15:30:00'),(957,104,51,'Ma','16:00:00','20:00:00'),(958,104,51,'Mi','11:30:00','15:30:00'),(959,104,51,'Mi','16:00:00','20:00:00'),(960,104,51,'Vn','11:30:00','15:30:00'),(961,104,51,'Vn','16:00:00','20:00:00'),(962,104,51,'Sa','11:30:00','15:30:00');
/*!40000 ALTER TABLE `OrarMedic` ENABLE KEYS */;
UNLOCK TABLES;

--
-- Table structure for table `Permisiuni`
--

DROP TABLE IF EXISTS `Permisiuni`;
/*!40101 SET @saved_cs_client     = @@character_set_client */;
/*!50503 SET character_set_client = utf8mb4 */;
CREATE TABLE `Permisiuni` (
  `id_permisiune` int(3) NOT NULL AUTO_INCREMENT,
  `nume` varchar(25) DEFAULT NULL,
  `descriere` varchar(50) DEFAULT NULL,
  PRIMARY KEY (`id_permisiune`)
) ENGINE=InnoDB AUTO_INCREMENT=18 DEFAULT CHARSET=utf8;
/*!40101 SET character_set_client = @saved_cs_client */;

--
-- Dumping data for table `Permisiuni`
--

LOCK TABLES `Permisiuni` WRITE;
/*!40000 ALTER TABLE `Permisiuni` DISABLE KEYS */;
INSERT INTO `Permisiuni` VALUES (1,'vizualizare_pacient','Abilitatea de a vizualiza pacienti'),(2,'vizualizare_programare','Abilitatea de a vizualiza programari'),(3,'vizualizare_utilizator','Abilitatea de a vizualiza utilizatori'),(4,'vizualizare_permisiuni','Abilitatea de a vizualiza permisiuni'),(5,'vizualizare_roluri','Abilitatea de a vizualiza roluri'),(6,'adaugare_pacient','Abilitatea de a adauga pacient'),(7,'adaugare_programare','Abilitatea de a adauga programare'),(8,'adaugare_medic','Abilitatea de a adauga medic'),(9,'adaugare_utilizator','Abilitatea de a adauga utilizator'),(10,'stergere_pacient','Abilitatea de a sterge pacient'),(11,'stergere_medic','Abilitatea de a sterge medic'),(12,'stergere_programare','Abilitatea de a sterge programare'),(13,'stergere_utilizator','Abilitatea de a sterge utilizator'),(14,'editare_pacient','Abilitatea de a edita pacient'),(15,'editare_medic','Abilitatea de a edita medic'),(16,'editare_programare','Abilitatea de a edita programare'),(17,'editare_utilizator','Abilitatea de a edita utilizator');
/*!40000 ALTER TABLE `Permisiuni` ENABLE KEYS */;
UNLOCK TABLES;

--
-- Table structure for table `Policlinica`
--

DROP TABLE IF EXISTS `Policlinica`;
/*!40101 SET @saved_cs_client     = @@character_set_client */;
/*!50503 SET character_set_client = utf8mb4 */;
CREATE TABLE `Policlinica` (
  `id_policlinica` int(3) NOT NULL AUTO_INCREMENT,
  `denumire` varchar(50) DEFAULT NULL,
  `email` varchar(100) DEFAULT NULL,
  `telefon` varchar(20) DEFAULT NULL,
  `adresa` varchar(225) DEFAULT NULL,
  `link_google_map` varchar(225) DEFAULT NULL,
  `zona_id` int(3) DEFAULT NULL,
  `data_deschiderii` date DEFAULT NULL,
  `chiria_lunara` int(6) DEFAULT NULL,
  PRIMARY KEY (`id_policlinica`),
  KEY `zona_id` (`zona_id`),
  CONSTRAINT `Policlinica_ibfk_1` FOREIGN KEY (`zona_id`) REFERENCES `Zona` (`id_zona`)
) ENGINE=InnoDB AUTO_INCREMENT=12 DEFAULT CHARSET=utf8;
/*!40101 SET character_set_client = @saved_cs_client */;

--
-- Dumping data for table `Policlinica`
--

LOCK TABLES `Policlinica` WRITE;
/*!40000 ALTER TABLE `Policlinica` DISABLE KEYS */;
INSERT INTO `Policlinica` VALUES (1,'TITU MAIORESCU','titu_maiorescu@clinica_med.ro','021-9212','Calea Vacaresti 189','https://goo.gl/maps/JWwmj54Z7AMHRJgx5',1,'2009-05-26',10900),(2,'ORHIDEEA','orhideea@clinica_med.ro','021-9213','Splaiul Independentei 319C','https://goo.gl/maps/cF4kjd2uLCaLrK8J7',8,'2015-09-27',12200),(3,'COTROCENI','cotroceni@clinica_med.ro','021-9214','Soseaua Cotroceni 20','https://goo.gl/maps/6R4crrwGjMygALHU8',1,'2012-07-12',14000),(4,'ENESCU','enescu@clinica_med.ro','021-9215','Strada George Enescu 12','https://goo.gl/maps/hG9R3P2cAG7HNaML9',1,'2012-04-22',10700),(5,'FLOREASCA','floreasca@clinica_med.ro','021-9216','Strada Axinte Uricariul','https://goo.gl/maps/RThPLu1sycY5n69T9',4,'2015-11-27',13200),(6,'AVIATIEI','aviatiei@clinica_med.ro','021-9217','Calea Floreasca 169A','https://goo.gl/maps/i98wHj4zURppzp6z5',6,'2019-08-11',11600),(7,'LUJERULUI','lujerului@clinica_med.ro','021-9218','Bulevardul Iuliu Maniu 51','https://goo.gl/maps/ZWj5cb2wnCZ24n6M7',3,'2018-02-19',11800),(8,'SUN PLAZA','sun_plaza@clinica_med.ro','021-9219','Calea Vacaresti 391','https://goo.gl/maps/qAemtskpWdMKhwas8',2,'2009-03-18',13900),(9,'VICTORIA','victoria@clinica_med.ro','021-9261','Strada Buzesti 75','https://goo.gl/maps/Y4TzUNcjeHZ7VjM48',1,'2009-04-24',11700),(10,'DOROBANTI','dorobanti@clinica_med.ro','021-9265','Calea Dorobanti 240','https://goo.gl/maps/Z4QvA2SnNFdFe8nm6',5,'2008-04-13',14200),(11,'DOAMNA GHICA','doamna_ghica@clinica_med.ro','021-9267','Strada Doamna Ghica 135','https://goo.gl/maps/GeKJyuEZfsBT2gHa9',7,'2012-11-04',13300);
/*!40000 ALTER TABLE `Policlinica` ENABLE KEYS */;
UNLOCK TABLES;

--
-- Table structure for table `ProgramPoliclinica`
--

DROP TABLE IF EXISTS `ProgramPoliclinica`;
/*!40101 SET @saved_cs_client     = @@character_set_client */;
/*!50503 SET character_set_client = utf8mb4 */;
CREATE TABLE `ProgramPoliclinica` (
  `id_program` int(3) NOT NULL AUTO_INCREMENT,
  `id_policlinica` int(3) DEFAULT NULL,
  `ziua_saptamanii` enum('Lu','Ma','Mi','Joi','Vn','Sa','Du') DEFAULT NULL,
  `ora_inceput` time DEFAULT NULL,
  `ora_sfarsit` time DEFAULT NULL,
  PRIMARY KEY (`id_program`),
  KEY `id_policlinica` (`id_policlinica`),
  CONSTRAINT `ProgramPoliclinica_ibfk_1` FOREIGN KEY (`id_policlinica`) REFERENCES `Policlinica` (`id_policlinica`)
) ENGINE=InnoDB AUTO_INCREMENT=61 DEFAULT CHARSET=utf8;
/*!40101 SET character_set_client = @saved_cs_client */;

--
-- Dumping data for table `ProgramPoliclinica`
--

LOCK TABLES `ProgramPoliclinica` WRITE;
/*!40000 ALTER TABLE `ProgramPoliclinica` DISABLE KEYS */;
INSERT INTO `ProgramPoliclinica` VALUES (1,1,'Lu','08:00:00','17:00:00'),(2,1,'Ma','08:00:00','17:00:00'),(3,1,'Mi','08:00:00','17:00:00'),(4,1,'Joi','08:00:00','17:00:00'),(5,1,'Vn','08:00:00','17:00:00'),(6,1,'Sa','09:00:00','14:00:00'),(7,2,'Lu','11:00:00','20:00:00'),(8,2,'Ma','11:00:00','20:00:00'),(9,2,'Mi','11:00:00','20:00:00'),(10,2,'Joi','11:00:00','20:00:00'),(11,2,'Vn','11:00:00','20:00:00'),(12,2,'Sa','11:00:00','16:00:00'),(13,3,'Lu','08:00:00','17:00:00'),(14,3,'Ma','08:00:00','17:00:00'),(15,3,'Mi','08:00:00','17:00:00'),(16,3,'Joi','08:00:00','17:00:00'),(17,3,'Vn','08:00:00','17:00:00'),(18,4,'Ma','11:00:00','20:00:00'),(19,4,'Mi','11:00:00','20:00:00'),(20,4,'Joi','11:00:00','20:00:00'),(21,4,'Vn','11:00:00','20:00:00'),(22,4,'Sa','11:00:00','16:00:00'),(23,5,'Lu','08:00:00','17:00:00'),(24,5,'Ma','08:00:00','17:00:00'),(25,5,'Joi','08:00:00','17:00:00'),(26,5,'Vn','08:00:00','17:00:00'),(27,5,'Sa','09:00:00','14:00:00'),(28,6,'Lu','11:00:00','20:00:00'),(29,6,'Ma','11:00:00','20:00:00'),(30,6,'Mi','11:00:00','20:00:00'),(31,6,'Vn','11:00:00','20:00:00'),(32,6,'Sa','11:00:00','16:00:00'),(33,7,'Lu','08:00:00','17:00:00'),(34,7,'Ma','11:00:00','20:00:00'),(35,7,'Mi','08:00:00','17:00:00'),(36,7,'Joi','11:00:00','20:00:00'),(37,7,'Vn','08:00:00','17:00:00'),(38,7,'Sa','11:00:00','16:00:00'),(39,8,'Lu','11:00:00','20:00:00'),(40,8,'Ma','11:00:00','20:00:00'),(41,8,'Mi','11:00:00','20:00:00'),(42,8,'Joi','11:00:00','20:00:00'),(43,8,'Vn','11:00:00','20:00:00'),(44,8,'Sa','11:00:00','16:00:00'),(45,9,'Lu','08:00:00','17:00:00'),(46,9,'Ma','11:00:00','20:00:00'),(47,9,'Mi','08:00:00','17:00:00'),(48,9,'Joi','11:00:00','20:00:00'),(49,9,'Vn','08:00:00','17:00:00'),(50,9,'Sa','11:00:00','16:00:00'),(51,10,'Lu','11:00:00','20:00:00'),(52,10,'Ma','08:00:00','17:00:00'),(53,10,'Joi','11:00:00','20:00:00'),(54,10,'Vn','08:00:00','17:00:00'),(55,10,'Sa','11:00:00','16:00:00'),(56,11,'Lu','08:00:00','17:00:00'),(57,11,'Ma','08:00:00','17:00:00'),(58,11,'Mi','08:00:00','17:00:00'),(59,11,'Joi','08:00:00','17:00:00'),(60,11,'Vn','08:00:00','17:00:00');
/*!40000 ALTER TABLE `ProgramPoliclinica` ENABLE KEYS */;
UNLOCK TABLES;

--
-- Table structure for table `Roluri`
--

DROP TABLE IF EXISTS `Roluri`;
/*!40101 SET @saved_cs_client     = @@character_set_client */;
/*!50503 SET character_set_client = utf8mb4 */;
CREATE TABLE `Roluri` (
  `id_rol` int(3) NOT NULL AUTO_INCREMENT,
  `nume` varchar(25) DEFAULT NULL,
  PRIMARY KEY (`id_rol`)
) ENGINE=InnoDB AUTO_INCREMENT=5 DEFAULT CHARSET=utf8;
/*!40101 SET character_set_client = @saved_cs_client */;

--
-- Dumping data for table `Roluri`
--

LOCK TABLES `Roluri` WRITE;
/*!40000 ALTER TABLE `Roluri` DISABLE KEYS */;
INSERT INTO `Roluri` VALUES (1,'administrator'),(2,'vizitator'),(3,'pacient'),(4,'medic');
/*!40000 ALTER TABLE `Roluri` ENABLE KEYS */;
UNLOCK TABLES;

--
-- Table structure for table `RoluriPermisiuni`
--

DROP TABLE IF EXISTS `RoluriPermisiuni`;
/*!40101 SET @saved_cs_client     = @@character_set_client */;
/*!50503 SET character_set_client = utf8mb4 */;
CREATE TABLE `RoluriPermisiuni` (
  `id_permisiune` int(3) DEFAULT NULL,
  `id_rol` int(3) DEFAULT NULL,
  KEY `id_permisiune` (`id_permisiune`),
  KEY `id_rol` (`id_rol`),
  CONSTRAINT `RoluriPermisiuni_ibfk_1` FOREIGN KEY (`id_permisiune`) REFERENCES `Permisiuni` (`id_permisiune`),
  CONSTRAINT `RoluriPermisiuni_ibfk_2` FOREIGN KEY (`id_rol`) REFERENCES `Roluri` (`id_rol`)
) ENGINE=InnoDB DEFAULT CHARSET=utf8;
/*!40101 SET character_set_client = @saved_cs_client */;

--
-- Dumping data for table `RoluriPermisiuni`
--

LOCK TABLES `RoluriPermisiuni` WRITE;
/*!40000 ALTER TABLE `RoluriPermisiuni` DISABLE KEYS */;
INSERT INTO `RoluriPermisiuni` VALUES (6,1),(8,1),(7,1),(9,1),(10,1),(11,1),(12,1),(13,1),(14,1),(15,1),(16,1),(17,1),(1,1),(2,1),(3,1),(4,1),(5,1),(7,2),(9,2),(12,2),(13,2),(16,2),(17,2),(2,2),(3,2),(7,3),(6,3),(9,3),(12,3),(13,3),(10,3),(16,3),(17,3),(14,3),(2,3),(3,3),(7,4),(8,4),(9,4),(12,4),(13,4),(11,4),(16,4),(17,4),(15,4),(14,4),(1,4),(2,4),(3,4);
/*!40000 ALTER TABLE `RoluriPermisiuni` ENABLE KEYS */;
UNLOCK TABLES;

--
-- Table structure for table `SpecialitateMedicala`
--

DROP TABLE IF EXISTS `SpecialitateMedicala`;
/*!40101 SET @saved_cs_client     = @@character_set_client */;
/*!50503 SET character_set_client = utf8mb4 */;
CREATE TABLE `SpecialitateMedicala` (
  `id_specialitate` int(3) NOT NULL AUTO_INCREMENT,
  `denumire` varchar(50) DEFAULT NULL,
  `salariu_min` int(6) DEFAULT NULL,
  `salariu_max` int(6) DEFAULT NULL,
  PRIMARY KEY (`id_specialitate`)
) ENGINE=InnoDB AUTO_INCREMENT=27 DEFAULT CHARSET=utf8;
/*!40101 SET character_set_client = @saved_cs_client */;

--
-- Dumping data for table `SpecialitateMedicala`
--

LOCK TABLES `SpecialitateMedicala` WRITE;
/*!40000 ALTER TABLE `SpecialitateMedicala` DISABLE KEYS */;
INSERT INTO `SpecialitateMedicala` VALUES (1,'ALERGOLOGIE SI IMUNOLOGIE',5500,11800),(2,'BOLI INFECTIOASE',6000,11800),(3,'CARDIOLOGIE ',5500,13100),(4,'ENDOCRINOLOGIE',5000,11700),(5,'EPIDEMIOLOGIE',5400,12800),(6,'GASTROENTEROLOGIE',6000,14400),(7,'GENETICA MEDICALA',5900,11200),(8,'GERIATRIE SI GERONTOLOGIE',5500,10500),(9,'HEMATOLOGIE',5200,12300),(10,'MEDICINA DE FAMILIE',4800,11700),(11,'MEDICINA DE LABORATOR',5000,11200),(12,'MEDICINA GENERALA',4800,14300),(13,'MEDICINA INTERNA',5600,11400),(14,'MEDICINA MUNCII',6000,11500),(15,'NEUROLOGIE',5700,13000),(16,'OFTALMOLOGIE',5700,12100),(17,'ONCOLOGIE MEDICALA',5500,10900),(18,'ORL (OTORINOLARINGOLOGIE)',5400,11800),(19,'ORTOPEDIE SI TRAUMATOLOGIE',6000,12000),(20,'PEDIATRIE',4700,14100),(21,'PNEUMOLOGIE',5400,12000),(22,'PSIHIATRIE',5200,11300),(23,'RADIOLOGIE - IMAGISTICA MEDICALA',5000,14200),(24,'RECUPERARE MEDICALA',6100,14400),(25,'REUMATOLOGIE',5200,10900),(26,'UROLOGIE',5900,12900);
/*!40000 ALTER TABLE `SpecialitateMedicala` ENABLE KEYS */;
UNLOCK TABLES;

--
-- Table structure for table `Utilizator`
--

DROP TABLE IF EXISTS `Utilizator`;
/*!40101 SET @saved_cs_client     = @@character_set_client */;
/*!50503 SET character_set_client = utf8mb4 */;
CREATE TABLE `Utilizator` (
  `id_utilizator` int(3) NOT NULL AUTO_INCREMENT,
  `nume` varchar(25) DEFAULT NULL,
  `prenume` varchar(50) DEFAULT NULL,
  `email` varchar(100) DEFAULT NULL,
  `telefon` varchar(20) DEFAULT NULL,
  `nume_utilizator` varchar(25) DEFAULT NULL,
  `parola_criptata` varchar(100) DEFAULT NULL,
  `numar_autentificari` int(4) DEFAULT NULL,
  `ultima_autentificare` timestamp NOT NULL DEFAULT CURRENT_TIMESTAMP ON UPDATE CURRENT_TIMESTAMP,
  `ip_ultima_autentificare` varchar(100) DEFAULT NULL,
  `token_invitatie` varchar(100) DEFAULT NULL,
  `invitatie_creata_la` timestamp NOT NULL DEFAULT '0000-00-00 00:00:00',
  `invitatie_trimisa_la` timestamp NOT NULL DEFAULT '0000-00-00 00:00:00',
  `invitatie_acceptata_la` timestamp NOT NULL DEFAULT '0000-00-00 00:00:00',
  `numar_invitatii` int(4) DEFAULT NULL,
  `creat_la` timestamp NOT NULL DEFAULT '0000-00-00 00:00:00',
  `actualizat_la` timestamp NOT NULL DEFAULT '0000-00-00 00:00:00',
  `id_rol` int(3) DEFAULT NULL,
  PRIMARY KEY (`id_utilizator`),
  KEY `id_rol` (`id_rol`),
  CONSTRAINT `Utilizator_ibfk_1` FOREIGN KEY (`id_rol`) REFERENCES `Roluri` (`id_rol`)
) ENGINE=InnoDB AUTO_INCREMENT=120 DEFAULT CHARSET=utf8;
/*!40101 SET character_set_client = @saved_cs_client */;

--
-- Dumping data for table `Utilizator`
--

LOCK TABLES `Utilizator` WRITE;
/*!40000 ALTER TABLE `Utilizator` DISABLE KEYS */;
INSERT INTO `Utilizator` VALUES (1,'COPAESCU','CATALIN','catalin_copaescu@yahoo.com','0761-600-926','catalin_copaescu','11cd91fbbc2a466e34ed4d321cd112a9',80,'2020-04-11 13:14:46','208.122.233.49','ffO77H5RpZJMLcMJWTaMdfTrQOnEZe1j1muYAIKx6gidHechePHDe9oUSvT809mj','2019-10-23 06:02:48','2019-10-23 06:02:55','2019-10-24 12:45:16',4,'2019-10-24 12:47:59','2020-01-19 11:49:55',4),(2,'BRATILA','PETRE CORNEL','petrecornelbratila@protonmail.com','0785-853-326','petrecornelbratila','901a3bc75dfd7f478e5b3947888a1e02',62,'2020-04-11 13:14:46','42.63.188.249','2JuW1l7VFHcRQgUtVChvwbIuvRNxlw99WegS5I6pH2o8coAkaMewwXpk5yD6UATS','2018-02-04 06:48:29','2018-02-04 06:48:52','2018-02-04 19:25:37',3,'2018-02-04 19:29:27','2020-01-04 02:19:15',4),(3,'RAHIMIAN','HADI','hadi_rahimian@aol.com','0743-586-713','hadi_rahimian','b67bf4b743275a61d90a87cb4c7a502e',121,'2020-04-11 13:14:46','182.158.244.244','wA9nPYDVA1jZ8A2CBEwtJvo6wriopIMaswACe4AVCHlRYk5YoZwi6vSDtLeGrfff','2018-12-18 01:00:36','2018-12-18 01:02:11','2018-12-18 19:55:55',3,'2018-12-18 19:58:59','2020-02-24 03:09:19',4),(4,'PREDESCU','VLAD','vlad.predescu@protonmail.com','0764-623-355','vlad.predescu','ee305057e40921b173468c1c62520000',71,'2020-04-11 13:14:46','238.205.58.176','uSSETjpGJRqLLbD7RN5oK8C0DftXuIsMv4JgsfW7hMSo2M03OuW1Yznat0VRJ2L1','2018-06-12 17:44:10','2018-06-12 17:44:58','2018-06-13 02:26:19',1,'2018-06-13 02:30:07','2019-12-22 06:02:55',4),(5,'SURLEA','VERONICA','veronicasurlea@gmail.com','0774-128-523','veronicasurlea','c79de5c991bcfedf1db798cfd8d90209',142,'2020-04-11 13:14:46','204.240.85.204','5i6sBmhxotACLrj0O88dFnNnBtcvugQUqWrwqkX8cf2t43Zqs7N0KNg5IgQ9oPHY','2019-04-06 22:45:35','2019-04-06 22:46:50','2019-04-08 09:27:25',4,'2019-04-08 09:31:13','2020-03-06 14:43:45',4),(6,'SCHEINER','MIHAELA','mihaela.scheiner@outlook.com','0729-969-565','mihaela.scheiner','e08430953c7633f7c1c7bbd2c752e2a2',147,'2020-04-11 13:14:46','12.197.199.151','WPynFadtWaYAaxOIVawsR9dBmCWwam8W0TKFHrgj7d6Q4ZpRLu8wgXcHI0bHZwQp','2018-11-23 21:42:01','2018-11-23 21:43:51','2018-11-24 01:01:43',4,'2018-11-24 01:05:18','2020-01-26 07:45:56',4),(7,'ULMEANU','DAN','danulmeanu@protonmail.com','0721-412-439','danulmeanu','9f732cb8687e245904d3a847cc100e24',58,'2020-04-11 13:14:46','158.83.190.202','l9qxBhxLnUQv8fBNjqDFlKZCIzu4koSLfkNhoG8PLQr34ROUTmMwwOg8vo23oPI6','2018-08-11 01:19:54','2018-08-11 01:21:20','2018-08-11 09:49:57',1,'2018-08-11 09:52:32','2020-01-24 21:41:14',4),(8,'TOMULESCU','VICTOR','victortomulescu@aol.com','0772-969-797','victortomulescu','3b044df83831bf4983844359aa8601ff',100,'2020-04-11 13:14:46','186.75.64.93','3QxMs0WEjbM5Tg4wImc8FxCcX3pSFmRHA2ptKLffmR0toUKwMnUt8PIKJuKVQW3f','2018-04-10 22:40:02','2018-04-10 22:41:43','2018-04-12 07:08:10',4,'2018-04-12 07:10:19','2020-01-16 22:14:57',4),(9,'SAFTA','DANA','dana.safta@outlook.com','0781-969-370','dana.safta','2b1c15fea9eb36adb6b18d64a57711ac',78,'2020-04-11 13:14:46','21.76.66.98','Q81y3nswRzYwG6sYI33bG6gf7dvuWFVONiWZf2nRmJIuOD5n50K0DncSz7TalF0b','2019-06-18 22:27:04','2019-06-18 22:27:12','2019-06-20 15:14:35',4,'2019-06-20 15:17:36','2020-02-11 04:15:42',4),(10,'TURCU','FLORIN','florin_turcu@gmail.com','0776-517-349','florin_turcu','c306fb7cb362b0da013ab8e3329d7d81',142,'2020-04-11 13:14:46','42.165.195.230','Nj2rx1jpvD94Y1PeoZG6wH9aJXTMEdE1RFVbMcp1dZI12zdap08OFL5BfFH6ESfw','2018-05-31 05:21:51','2018-05-31 05:23:29','2018-05-31 15:52:02',3,'2018-05-31 15:54:40','2020-01-09 17:43:56',4),(11,'BARTA','CRISTIAN BOGDAN','cristianbogdan_barta@protonmail.com','0725-821-878','cristianbogdan_barta','33da115883a38d609ea66ca9ca330edd',124,'2020-04-11 13:14:46','64.128.196.94','0Ut9qJ2FghhbBddaoZhfesXzSusON5cCwN7JBTQjq23TopwDL7nKOym6C9f4Rp0r','2019-08-03 16:34:38','2019-08-03 16:36:25','2019-08-04 18:40:03',1,'2019-08-04 18:42:12','2020-01-15 06:55:21',4),(12,'GODOROJA','DANIELA','daniela.godoroja@aol.com','0771-756-806','daniela.godoroja','2190ce87d619e0d8bd4965cf1c33ddb9',143,'2020-04-11 13:14:46','132.128.241.69','5V4ivoiQpt0qH7V8YqbCRr5WjEqJXWxLsH8SGTbgNdiHZI9m55JOeo0RDiMqCjkw','2018-08-17 03:54:11','2018-08-17 03:54:11','2018-08-17 06:47:43',2,'2018-08-17 06:50:32','2020-01-18 14:31:30',4),(13,'BORDAS','DANIEL','danielbordas@gmail.com','0776-914-683','danielbordas','75a02d520fd493b8a99cebba889d975b',96,'2020-04-11 13:14:46','120.142.101.74','RkMH4K3SnVXQbaoCWUuLEkdqkQIkE9qtVGvcH96KhbaCOPr7QIlqdAI4GUYikB3y','2018-04-13 02:53:37','2018-04-13 02:54:17','2018-04-14 11:02:02',1,'2018-04-14 11:05:41','2020-01-18 12:57:59',4),(14,'OPRISIU','CARMEN','carmen_oprisiu@yahoo.com','0763-596-252','carmen_oprisiu','9b0f80297e2ce927fe910f5768cb6ab8',103,'2020-04-11 13:14:46','66.109.92.135','9ThCQvrQVKG6QWXnd3qfhaRjrCctA3V2HZbWMZxgFL1E9btAbFdFqUSJtlE0WvM8','2019-06-11 11:52:07','2019-06-11 11:53:28','2019-06-11 19:50:36',2,'2019-06-11 19:54:25','2020-01-08 06:22:01',4),(15,'CRISTESCU','MIHAI ADRIAN','mihaiadrian_cristescu@yahoo.com','0774-034-320','mihaiadrian_cristescu','cda6c88058d39a3ec662b27d0d51895d',75,'2020-04-11 13:14:46','147.76.189.214','I5y6llUUddBYalko5EE7tu2ANH2peFlwUj0RxTukDJwpRu0N62ZieulRcX6Bp7My','2018-04-17 11:46:21','2018-04-17 11:47:06','2018-04-19 03:10:33',4,'2018-04-19 03:12:40','2020-01-17 23:00:52',4),(16,'BARUS','JANINA','janinabarus@aol.com','0782-274-255','janinabarus','cb047d19d6c65d336b1ba226d4b7e953',115,'2020-04-11 13:14:46','3.119.87.74','rnMJWE291gT5lfkSXHW9ruF8dz22npeL2UFD1tygie5CVYCQsyre078HfLt4kHvo','2019-01-19 08:21:58','2019-01-19 08:23:39','2019-01-20 13:24:29',1,'2019-01-20 13:27:40','2020-02-05 09:04:47',4),(17,'NITA','GHEORGHE','gheorghe_nita@gmail.com','0761-583-251','gheorghe_nita','72163168f08b35cec9945c4021efc609',103,'2020-04-11 13:14:46','107.64.247.43','HxVIvH902pw0XWUS8hDJLVA4UfVrmDB5Aa2LrSe22NYOtCSB2aM1WPlZl6iqRmTg','2018-04-18 15:37:24','2018-04-18 15:37:35','2018-04-19 18:34:24',1,'2018-04-19 18:37:57','2020-02-07 12:29:45',4),(18,'GRIGORUTA','SIMONA','simona.grigoruta@gmail.com','0770-139-841','simona.grigoruta','beba028da5913e64710e12f5813cfc67',121,'2020-04-11 13:14:46','220.222.197.66','ZqZPLA7xaSWgjI2NWMDUH1JlEFh9otIkVPn6711PkvVVHoKJwGI0wQ3LYv4pfhoV','2018-03-30 14:07:41','2018-03-30 14:09:34','2018-04-01 13:42:08',1,'2018-04-01 13:44:19','2020-02-23 20:20:53',4),(19,'DANTZER','DIANA','diana_dantzer@yahoo.com','0785-970-268','diana_dantzer','589bdf63466bff7021906bad6bd9aa25',146,'2020-04-11 13:14:46','240.251.30.149','Tsw77WeJH8KTwtZ88ipOxx6BUcJGVPD1Nr4iNxKOHiFUTILshk0QZ9djmRJ3ZtUH','2018-04-01 08:52:47','2018-04-01 08:53:41','2018-04-01 21:51:02',1,'2018-04-01 21:53:20','2020-01-08 07:25:30',4),(20,'ANCA','ALEXANDRU','alexandruanca@outlook.com','0727-523-144','alexandruanca','ec6193e7b5e23688e25dc7234fcab56b',116,'2020-04-11 13:14:46','153.65.116.135','7eehwN1xuPofp2CRjbpwU8Df4rRqK4acmTQYoIseiq2ALhCm4HZLvNPFx4K7eHTb','2018-06-06 11:07:30','2018-06-06 11:08:23','2018-06-07 05:12:24',3,'2018-06-07 05:15:21','2020-01-31 00:05:48',4),(21,'NICOLAE','GABRIEL','gabriel_nicolae@yahoo.com','0721-156-096','gabriel_nicolae','ad6b3e42ebcc874439ee55e41f6b3819',92,'2020-04-11 13:14:46','74.215.99.99','1UcWBbB9OeqeJuCqYSO1wi8XDvi12JiZV6DuRSB1cyIttT8dPf7FA0pqUxZuC9HS','2019-04-27 14:05:45','2019-04-27 14:07:25','2019-04-27 17:32:31',1,'2019-04-27 17:36:23','2020-02-09 14:20:54',4),(22,'CODITA','IONELA','ionelacodita@yahoo.com','0783-728-496','ionelacodita','996a57a28e675c7a269c7868d9451cb2',64,'2020-04-11 13:14:46','195.178.55.239','Ki7ztVgGaNUcqHGvxPaooXMcuJXj594yWI9zWHTz3X9uqZsKrEGsNBvzjJsI3ule','2019-03-25 22:12:49','2019-03-25 22:14:30','2019-03-26 09:08:58',1,'2019-03-26 09:11:27','2020-01-20 11:35:33',4),(23,'GHERMAN','ADRIANA','adrianagherman@protonmail.com','0736-768-365','adrianagherman','4fb94997b610b6a655f654cd7276db92',94,'2020-04-11 13:14:46','29.174.34.145','nrJjmniLt4beDKwRdaronnQZ5QHTvO4ujPlVkQUBeU4bOe6GH5XY89eOLsxuw915','2018-02-10 05:53:27','2018-02-10 05:54:53','2018-02-12 02:10:55',1,'2018-02-12 02:13:44','2020-01-12 20:59:43',4),(24,'STANCA','IONUT','ionutstanca@yahoo.com','0784-291-614','ionutstanca','2dce9e20e4c45e5072e23847babc1680',128,'2020-04-11 13:14:46','121.169.232.152','f60tr1Chy3Wckmi9WxOU0dmTTp2leVHvfzpreH2P76YccBxGMMNnKhnLmMUdOog1','2018-10-12 19:55:23','2018-10-12 19:55:29','2018-10-14 16:31:15',4,'2018-10-14 16:33:55','2019-12-05 07:18:29',4),(25,'GENUNCHE','AMELIA','ameliagenunche@gmail.com','0723-194-510','ameliagenunche','9f601be3d03c02e040745343a6de92a6',111,'2020-04-11 13:14:46','62.100.64.20','qQmKau4l3UOtpgO3aHGZVIxvyA3PFfaT0IjwapxPaKnoa1eMy6tNJgLWThkh1QLw','2019-06-28 19:03:10','2019-06-28 19:03:25','2019-06-30 13:07:08',4,'2019-06-30 13:10:01','2020-02-16 18:32:22',4),(26,'CRACIUN','ALINA','alinacraciun@protonmail.com','0763-884-434','alinacraciun','724fa8ff44e230ba311a00ba4af54ba9',119,'2020-04-11 13:14:46','155.214.105.131','bQZ5HntAQQWwi9jV78xDpXSLqlP81XYOz7DzCaOcWUOUNKsDNHzpZpkXpxx1DyvL','2019-01-10 20:36:15','2019-01-10 20:37:13','2019-01-12 01:05:29',4,'2019-01-12 01:07:56','2020-02-12 20:00:24',4),(27,'SZATMARI','JUDIT','judit.szatmari@aol.com','0723-136-085','judit.szatmari','fdc242cf328ac927de08f38d800a8d3b',115,'2020-04-11 13:14:46','89.48.224.225','fQUOR8hi9bLvoMUwotxi8mEydfmZX3BURLXY041BxVWPNC8IIovRyP58hXkKqZ6p','2018-08-02 06:58:21','2018-08-02 06:58:27','2018-08-02 23:09:35',3,'2018-08-02 23:13:11','2020-02-16 05:31:24',4),(28,'BRAGARU','RADU STEFANIA','radustefania_bragaru@protonmail.com','0783-386-503','radustefania_bragaru','ff93855a8a350f89d92e981ea842b12d',68,'2020-04-11 13:14:46','202.82.54.21','37349bfNujSbgvbXPzkUNLjarVBobtaEBlVwP38Zf81LxsBsQletWziNd4KwZcvA','2019-10-05 06:09:37','2019-10-05 06:11:12','2019-10-07 01:35:09',3,'2019-10-07 01:37:47','2020-01-15 03:44:15',4),(29,'STEFANUT','CLAUDIA','claudia.stefanut@yahoo.com','0726-213-820','claudia.stefanut','1a47d39a12ca9573f7ba835e42d15797',145,'2020-04-11 13:14:46','194.153.183.203','E8AMWzuDFmxSQnJnesuxWS1gDSTjCn1JZnPxxiU4EYeremKohCVU8L6gTBXevPdL','2018-12-18 18:59:35','2018-12-18 19:01:15','2018-12-19 19:30:34',4,'2018-12-19 19:32:56','2020-01-27 05:09:53',4),(30,'SECARA','DIANA CRISTINA','dianacristina.secara@gmail.com','0767-778-559','dianacristina.secara','d8480ca0dab2aabbd4797b41afb2e34e',72,'2020-04-11 13:14:46','213.207.142.90','86UIJDXZ1xwZWxULtq5PAyrcPJ2mSWT72GffgOq2XzxxTr1kTA3EJagcBCKfb1No','2019-06-17 13:35:40','2019-06-17 13:37:13','2019-06-19 05:50:57',4,'2019-06-19 05:54:52','2020-01-01 02:45:04',4),(31,'RUSU','ELENA GEORGIANA','elenageorgiana_rusu@protonmail.com','0779-484-246','elenageorgiana_rusu','b1641b325b949a80d916564ad2e34590',75,'2020-04-11 13:14:46','23.91.135.153','nJJkoueChalhQkgqjnKjHQmBtliDDgiDqNhlO8AOgz38cKSdlYztn5DJV49GuWS6','2018-04-28 20:06:11','2018-04-28 20:06:58','2018-04-30 03:46:42',1,'2018-04-30 03:49:14','2020-01-17 01:18:29',4),(32,'ALBEAN','DANIELA','danielaalbean@aol.com','0789-453-761','danielaalbean','30e57a2d7b58af450c000926bc13e274',111,'2020-04-11 13:14:46','106.71.34.206','zyzmZvnrsShdrZDCqS9CA1PuMSFYMXAgHSbZYrzBsyPQv38rRLS0GIsDOgqCxQCS','2019-02-26 20:50:29','2019-02-26 20:51:43','2019-02-28 10:24:13',3,'2019-02-28 10:27:08','2019-12-23 10:25:38',4),(33,'FLESERIU','CARMEN','carmen.fleseriu@yahoo.com','0779-813-562','carmen.fleseriu','e1f7153d447659a69160b70830d0c444',79,'2020-04-11 13:14:46','178.19.59.236','3HxlpVY4SWVDzk5SRKEXfdcJqZktcjFNgsnOg7xq4C0cOeImboIoCW06VRjtDZH8','2018-09-24 05:00:30','2018-09-24 05:02:21','2018-09-26 01:44:38',4,'2018-09-26 01:47:39','2020-03-05 00:13:43',4),(34,'EDGHIUN','ISMAIL','ismail_edghiun@outlook.com','0766-716-714','ismail_edghiun','5fb2187e055ecc81ecea309fe9a29605',114,'2020-04-11 13:14:46','4.59.32.232','tfy9pg5ChoNzd9g7cqcFoXxxJURQPPTq3E6roRxko8hezsy9jouW7FfrnhJqdNL0','2018-02-05 19:37:36','2018-02-05 19:39:08','2018-02-06 10:34:06',1,'2018-02-06 10:36:27','2020-01-14 18:07:32',4),(35,'NITOIU','CONSTANTIN','constantinnitoiu@protonmail.com','0747-193-575','constantinnitoiu','52a72738c2c0354228747b4abdee5047',81,'2020-04-11 13:14:46','63.116.139.97','UnNd2c33TvDi4HGEviOqiSe1clWz9MP6PrrQ7BEkZfTJRrokrcDPnAhbipMr4L6x','2018-03-22 20:13:07','2018-03-22 20:13:14','2018-03-24 08:40:10',3,'2018-03-24 08:42:53','2020-02-01 17:57:28',4),(36,'BALASA','DANIELA','daniela_balasa@outlook.com','0765-006-107','daniela_balasa','a76efca534485f2f33324359b4b3b194',117,'2020-04-11 13:14:46','68.45.22.221','4UMeffsFXzqYLxFphFmKAguHEtqCIBnZ2J3lMaA9x8Tf8kWYcaSE2I5qWBsKADXM','2018-09-25 03:19:23','2018-09-25 03:21:22','2018-09-26 20:42:10',1,'2018-09-26 20:44:43','2020-01-29 23:33:07',4),(37,'STANESCU','GEORGETA','georgeta.stanescu@gmail.com','0742-905-842','georgeta.stanescu','44f2494709215b727b69008ed8bba956',89,'2020-04-11 13:14:46','39.30.31.63','VaOM70SNrdi1LWRtnRb7E11Irwrg7Dh4f7MYdZOeXjLXp3UMsYM64q2GWp0ldKy9','2018-11-30 13:04:10','2018-11-30 13:05:45','2018-11-30 14:33:55',3,'2018-11-30 14:36:30','2020-01-23 00:59:47',4),(38,'DUSMANU','ALINA','alinadusmanu@protonmail.com','0748-121-492','alinadusmanu','7655964feaf3b7d1fc16ced27e355f93',148,'2020-04-11 13:14:46','222.167.170.95','xawHSzM731iB39TeydBLrg0BK1Bx5CzEFf11ab0xtgrK4gNfXNDs7CXKvyqYZ50k','2018-04-17 16:29:15','2018-04-17 16:31:14','2018-04-18 19:46:39',3,'2018-04-18 19:49:57','2019-12-27 15:26:05',4),(39,'POPESCU','ILEANA','ileanapopescu@outlook.com','0784-532-164','ileanapopescu','8bbb666c4c06c032cae6f564f37650af',122,'2020-04-11 13:14:46','216.42.62.182','tDlO74JQ6cB5CiaSgDlEbXeao1zGwcgbNIyl9bRokAqM0YIx8lKMoTnOu20bMv1W','2018-08-22 04:20:22','2018-08-22 04:21:33','2018-08-23 16:15:10',3,'2018-08-23 16:17:55','2020-03-08 02:12:05',4),(40,'COZMA','DRAGOS','dragos.cozma@aol.com','0777-973-061','dragos.cozma','e66c3a49f6ceec7ba8aa9bfd27dcff27',115,'2020-04-11 13:14:46','221.59.132.228','NzNLVtRdYh0Xcg4o6Q5FsHNhGgzpbS7x3gqMy1zLetPHmOxNxX4pGGC49sG8AO76','2018-03-28 05:20:38','2018-03-28 05:22:35','2018-03-28 06:59:27',1,'2018-03-28 07:03:18','2020-03-18 09:56:08',4),(41,'BUZATEL','ROXANA','roxana.buzatel@outlook.com','0774-144-697','roxana.buzatel','1df502b2c79729e54a9bda4457619093',62,'2020-04-11 13:14:46','246.41.218.213','ffO77H5RpZJMLcMJWTaMdfTrQOnEZe1j1muYAIKx6gidHechePHDe9oUSvT809mj','2019-03-08 22:48:40','2019-03-08 22:48:54','2019-03-10 19:15:22',2,'2019-03-10 19:18:21','2020-02-06 10:14:42',4),(42,'TANASE','IONUT','ionut.tanase@yahoo.com','0729-691-844','ionut.tanase','64014cd02441776e82fb84a2cd18993e',116,'2020-04-11 13:14:46','160.160.69.115','2JuW1l7VFHcRQgUtVChvwbIuvRNxlw99WegS5I6pH2o8coAkaMewwXpk5yD6UATS','2019-02-16 11:08:01','2019-02-16 11:09:19','2019-02-17 12:22:04',3,'2019-02-17 12:25:27','2020-02-14 00:27:56',4),(43,'NEAGU','ANA MARIA','anamaria_neagu@outlook.com','0738-325-676','anamaria_neagu','8aabe983e8c63c05823717d8bcfd7931',141,'2020-04-11 13:14:46','116.235.74.164','wA9nPYDVA1jZ8A2CBEwtJvo6wriopIMaswACe4AVCHlRYk5YoZwi6vSDtLeGrfff','2020-01-02 20:20:39','2020-01-02 20:22:30','2020-01-04 13:07:48',1,'2020-01-04 13:09:49','2020-01-23 07:43:59',4),(44,'PALADE','CRISTIAN','cristian_palade@protonmail.com','0773-208-281','cristian_palade','00e80c6d3e566d65bbf7e71f9a969ad5',111,'2020-04-11 13:14:46','95.231.118.146','uSSETjpGJRqLLbD7RN5oK8C0DftXuIsMv4JgsfW7hMSo2M03OuW1Yznat0VRJ2L1','2018-07-25 05:25:50','2018-07-25 05:27:11','2018-07-26 13:36:28',3,'2018-07-26 13:40:24','2020-01-13 19:20:47',4),(45,'CORBU','ANA','anacorbu@protonmail.com','0780-479-271','anacorbu','29ee747b5a2cb20fd5559ba719b5fa26',80,'2020-04-11 13:14:46','123.176.10.20','5i6sBmhxotACLrj0O88dFnNnBtcvugQUqWrwqkX8cf2t43Zqs7N0KNg5IgQ9oPHY','2018-09-18 23:13:47','2018-09-18 23:14:58','2018-09-20 13:42:29',2,'2018-09-20 13:46:04','2020-01-31 07:36:37',4),(46,'MORNOS','CRISTIAN','cristian.mornos@outlook.com','0775-647-508','cristian.mornos','81d8717a9660518dafda94c8c8a3a5a2',120,'2020-04-11 13:14:46','68.30.193.125','WPynFadtWaYAaxOIVawsR9dBmCWwam8W0TKFHrgj7d6Q4ZpRLu8wgXcHI0bHZwQp','2019-10-22 12:58:01','2019-10-22 12:59:53','2019-10-24 12:46:36',3,'2019-10-24 12:48:44','2020-01-25 16:09:12',4),(47,'MOGOS','ANTONIA','antonia_mogos@protonmail.com','0731-432-812','antonia_mogos','77d8e03b2eef94f8e5065acb609370f0',109,'2020-04-11 13:14:46','44.94.86.147','l9qxBhxLnUQv8fBNjqDFlKZCIzu4koSLfkNhoG8PLQr34ROUTmMwwOg8vo23oPI6','2018-10-23 04:15:17','2018-10-23 04:17:05','2018-10-24 07:49:10',3,'2018-10-24 07:53:07','2020-01-05 19:02:41',4),(48,'MOROSANU','ARITINA','aritina.morosanu@yahoo.com','0772-168-218','aritina.morosanu','d16ce64d43706dc79114f0427f3ca761',137,'2020-04-11 13:14:46','223.175.205.248','3QxMs0WEjbM5Tg4wImc8FxCcX3pSFmRHA2ptKLffmR0toUKwMnUt8PIKJuKVQW3f','2018-07-17 15:29:01','2018-07-17 15:30:27','2018-07-19 09:49:38',2,'2018-07-19 09:53:00','2019-12-15 04:50:30',4),(49,'SOROHAN','LIVIA','livia.sorohan@gmail.com','0773-286-877','livia.sorohan','0df3821b2d88498fd5a7ed9fb6ed677a',109,'2020-04-11 13:14:46','122.116.212.212','Q81y3nswRzYwG6sYI33bG6gf7dvuWFVONiWZf2nRmJIuOD5n50K0DncSz7TalF0b','2018-03-15 01:45:47','2018-03-15 01:47:33','2018-03-16 10:44:15',2,'2018-03-16 10:47:14','2020-02-26 15:05:26',4),(50,'BUCUR','MIRCEA','mircea_bucur@yahoo.com','0735-978-537','mircea_bucur','52049b84a2108136d9969d889fb04913',83,'2020-04-11 13:14:46','174.229.123.175','Nj2rx1jpvD94Y1PeoZG6wH9aJXTMEdE1RFVbMcp1dZI12zdap08OFL5BfFH6ESfw','2019-04-18 19:28:26','2019-04-18 19:28:59','2019-04-20 09:15:56',2,'2019-04-20 09:18:44','2020-03-03 10:09:36',4),(51,'STANCIU','CARMEN','carmen_stanciu@outlook.com','0730-244-883','carmen_stanciu','2b6870f761f94ee07c1db1e3ce8a946e',141,'2020-04-11 13:14:46','6.4.248.228','0Ut9qJ2FghhbBddaoZhfesXzSusON5cCwN7JBTQjq23TopwDL7nKOym6C9f4Rp0r','2019-10-18 05:11:27','2019-10-18 05:12:54','2019-10-19 23:10:35',1,'2019-10-19 23:13:41','2019-12-24 20:42:04',4),(52,'TOROK','BARNA','barna_torok@aol.com','0731-847-539','barna_torok','a3be026391e77738c6ac56b99fafbe24',104,'2020-04-11 13:14:46','143.30.221.14','5V4ivoiQpt0qH7V8YqbCRr5WjEqJXWxLsH8SGTbgNdiHZI9m55JOeo0RDiMqCjkw','2019-01-04 00:38:33','2019-01-04 00:40:08','2019-01-04 01:08:41',4,'2019-01-04 01:11:45','2019-12-24 22:00:37',4),(53,'IONESCU','LIGIA','ligia_ionescu@aol.com','0784-719-271','ligia_ionescu','cc69fbc6a8b321d151721e5301488315',147,'2020-04-11 13:14:46','154.229.180.210','RkMH4K3SnVXQbaoCWUuLEkdqkQIkE9qtVGvcH96KhbaCOPr7QIlqdAI4GUYikB3y','2019-07-29 20:45:00','2019-07-29 20:46:34','2019-07-30 17:15:17',3,'2019-07-30 17:17:21','2020-01-20 06:01:29',4),(54,'POPESCU','ELENA','elena.popescu@gmail.com','0748-926-354','elena.popescu','183a649be310f0be119592f055bf88a3',74,'2020-04-11 13:14:46','8.162.31.171','9ThCQvrQVKG6QWXnd3qfhaRjrCctA3V2HZbWMZxgFL1E9btAbFdFqUSJtlE0WvM8','2018-10-08 14:55:57','2018-10-08 14:57:03','2018-10-08 19:53:58',1,'2018-10-08 19:57:07','2020-01-30 00:14:01',4),(55,'BUTUZA','CRISTINA','cristina.butuza@yahoo.com','0720-448-277','cristina.butuza','04fcaac7991b950b09ccde85f722ae5a',80,'2020-04-11 13:14:46','7.24.94.148','I5y6llUUddBYalko5EE7tu2ANH2peFlwUj0RxTukDJwpRu0N62ZieulRcX6Bp7My','2019-01-14 21:31:18','2019-01-14 21:32:09','2019-01-15 08:47:34',4,'2019-01-15 08:51:08','2019-12-30 19:14:04',4),(56,'STOIAN','IOANA','ioanastoian@gmail.com','0737-702-812','ioanastoian','d6cb971fdc152e342119abfea87a3f9a',130,'2020-04-11 13:14:46','204.78.26.145','rnMJWE291gT5lfkSXHW9ruF8dz22npeL2UFD1tygie5CVYCQsyre078HfLt4kHvo','2018-10-20 23:55:14','2018-10-20 23:56:09','2018-10-22 17:19:32',4,'2018-10-22 17:21:54','2020-01-02 02:31:03',4),(57,'SAI','CLAUDIA','claudia_sai@aol.com','0781-217-542','claudia_sai','3fe0552a0943a800db64a515e3456132',58,'2020-04-11 13:14:46','147.45.34.33','HxVIvH902pw0XWUS8hDJLVA4UfVrmDB5Aa2LrSe22NYOtCSB2aM1WPlZl6iqRmTg','2018-10-26 16:08:52','2018-10-26 16:08:57','2018-10-27 21:18:33',1,'2018-10-27 21:21:44','2020-02-12 08:57:47',4),(58,'PACU','IRINA','irina.pacu@gmail.com','0773-094-520','irina.pacu','5e5d4c23bf65e7b042530e006e3c5c97',51,'2020-04-11 13:14:46','64.216.139.47','ZqZPLA7xaSWgjI2NWMDUH1JlEFh9otIkVPn6711PkvVVHoKJwGI0wQ3LYv4pfhoV','2019-08-08 18:05:12','2019-08-08 18:06:51','2019-08-09 15:37:45',3,'2019-08-09 15:40:34','2019-12-30 07:27:52',4),(59,'CERNAT','MATEI','matei_cernat@gmail.com','0763-959-749','matei_cernat','fc9c288c9dcf397cb8891e4a4b95844b',132,'2020-04-11 13:14:46','64.178.197.200','Tsw77WeJH8KTwtZ88ipOxx6BUcJGVPD1Nr4iNxKOHiFUTILshk0QZ9djmRJ3ZtUH','2019-06-23 03:06:02','2019-06-23 03:08:01','2019-06-23 23:16:42',3,'2019-06-23 23:19:12','2020-01-20 10:26:59',4),(60,'MAN','SORIN','sorinman@gmail.com','0743-407-376','sorinman','0e5bbf65fe071df9f970e6a361b7e0aa',58,'2020-04-11 13:14:46','156.178.170.65','7eehwN1xuPofp2CRjbpwU8Df4rRqK4acmTQYoIseiq2ALhCm4HZLvNPFx4K7eHTb','2018-06-26 18:21:07','2018-06-26 18:22:08','2018-06-28 06:33:51',4,'2018-06-28 06:35:56','2020-01-14 17:59:46',4),(61,'DINCA','FLORIN','florin_dinca@gmail.com','0776-770-003','florin_dinca','809262edac70c4cd7478c52cc10ac051',145,'2020-04-11 13:14:46','63.118.148.137','1UcWBbB9OeqeJuCqYSO1wi8XDvi12JiZV6DuRSB1cyIttT8dPf7FA0pqUxZuC9HS','2019-12-01 19:34:07','2019-12-01 19:35:15','2019-12-02 20:02:48',3,'2019-12-02 20:05:43','2020-02-13 16:42:30',4),(62,'PUSCASU','CATALINA','catalinapuscasu@protonmail.com','0731-619-609','catalinapuscasu','dee1020b292182161873b324d737bca2',99,'2020-04-11 13:14:46','239.34.201.150','Ki7ztVgGaNUcqHGvxPaooXMcuJXj594yWI9zWHTz3X9uqZsKrEGsNBvzjJsI3ule','2020-01-20 03:53:47','2020-01-20 03:54:24','2020-01-20 17:35:58',2,'2020-01-20 17:38:19','2020-01-28 20:43:33',4),(63,'PATPAIAC','TEODOR','teodor_patpaiac@protonmail.com','0760-785-444','teodor_patpaiac','79fd9cb4324c36cc14876ec103a066f3',113,'2020-04-11 13:14:46','148.36.237.74','nrJjmniLt4beDKwRdaronnQZ5QHTvO4ujPlVkQUBeU4bOe6GH5XY89eOLsxuw915','2018-06-06 17:53:11','2018-06-06 17:54:51','2018-06-08 12:55:03',4,'2018-06-08 12:58:05','2019-12-12 14:36:43',4),(64,'ADINA','PLOTOGEA VADANUTA','plotogeavadanuta_adina@yahoo.com','0771-789-885','plotogeavadanuta_adina','215ddbf5986ea48bc1efe56dd648020f',120,'2020-04-11 13:14:46','159.70.123.155','f60tr1Chy3Wckmi9WxOU0dmTTp2leVHvfzpreH2P76YccBxGMMNnKhnLmMUdOog1','2019-11-28 14:51:08','2019-11-28 14:51:37','2019-11-29 20:50:57',2,'2019-11-29 20:53:04','2020-02-05 07:52:01',4),(65,'GONGU','MIRCEA','mirceagongu@yahoo.com','0721-010-773','mirceagongu','dbdade9a19cf343f2cd1f4fe67a88205',109,'2020-04-11 13:14:46','151.41.248.116','qQmKau4l3UOtpgO3aHGZVIxvyA3PFfaT0IjwapxPaKnoa1eMy6tNJgLWThkh1QLw','2018-03-05 05:42:41','2018-03-05 05:44:09','2018-03-06 02:33:09',4,'2018-03-06 02:36:40','2020-01-25 13:42:08',4),(66,'LAPUSAN','CARMEN','carmen_lapusan@protonmail.com','0770-354-212','carmen_lapusan','7232a3eb199cc05bbea98528287a99b8',135,'2020-04-11 13:14:46','83.67.85.223','bQZ5HntAQQWwi9jV78xDpXSLqlP81XYOz7DzCaOcWUOUNKsDNHzpZpkXpxx1DyvL','2019-01-22 17:06:40','2019-01-22 17:08:32','2019-01-23 07:16:35',1,'2019-01-23 07:19:46','2020-02-20 02:59:17',4),(67,'FORTOFOIU','MARIA','maria.fortofoiu@outlook.com','0729-633-927','maria.fortofoiu','7a19fe8d043900138a9651864152bf5f',98,'2020-04-11 13:14:46','106.110.231.72','fQUOR8hi9bLvoMUwotxi8mEydfmZX3BURLXY041BxVWPNC8IIovRyP58hXkKqZ6p','2018-09-12 05:31:49','2018-09-12 05:32:46','2018-09-12 13:47:01',2,'2018-09-12 13:50:27','2020-01-28 13:00:22',4),(68,'URSU','ANCA','anca.ursu@outlook.com','0749-084-509','anca.ursu','5409d9a75b58ece638b34a9f880ff978',136,'2020-04-11 13:14:46','166.112.59.210','37349bfNujSbgvbXPzkUNLjarVBobtaEBlVwP38Zf81LxsBsQletWziNd4KwZcvA','2018-03-23 09:25:43','2018-03-23 09:26:50','2018-03-25 08:08:56',2,'2018-03-25 08:12:31','2020-03-22 11:06:43',4),(69,'RADU','NICOLETA','nicoletaradu@aol.com','0775-669-350','nicoletaradu','8568eb81e378d712034c8c8e9548b01a',135,'2020-04-11 13:14:46','123.232.38.242','E8AMWzuDFmxSQnJnesuxWS1gDSTjCn1JZnPxxiU4EYeremKohCVU8L6gTBXevPdL','2018-12-11 15:39:43','2018-12-11 15:40:31','2018-12-12 08:27:16',4,'2018-12-12 08:30:55','2019-12-24 16:48:23',4),(70,'ERHAN','IONELA','ionela_erhan@protonmail.com','0734-204-473','ionela_erhan','bc562a9c59130ebdbc02fc1bb6609c0e',119,'2020-04-11 13:14:46','94.242.178.161','86UIJDXZ1xwZWxULtq5PAyrcPJ2mSWT72GffgOq2XzxxTr1kTA3EJagcBCKfb1No','2019-12-21 11:08:03','2019-12-21 11:08:40','2019-12-23 02:53:08',3,'2019-12-23 02:56:39','2020-02-26 17:37:07',4),(71,'BULBOACA','ADRIANA','adrianabulboaca@gmail.com','0783-766-713','adrianabulboaca','cda9efd2dc0b62763adad42778247c69',140,'2020-04-11 13:14:46','20.117.24.17','nJJkoueChalhQkgqjnKjHQmBtliDDgiDqNhlO8AOgz38cKSdlYztn5DJV49GuWS6','2018-12-10 17:47:38','2018-12-10 17:48:19','2018-12-10 22:07:23',3,'2018-12-10 22:10:02','2020-02-04 10:54:29',4),(72,'LEVAI','ANTONIA','antonialevai@aol.com','0746-566-207','antonialevai','caaa6b53ed9c58d7e953d9bd456cd1e4',95,'2020-04-11 13:14:46','11.4.233.154','zyzmZvnrsShdrZDCqS9CA1PuMSFYMXAgHSbZYrzBsyPQv38rRLS0GIsDOgqCxQCS','2018-09-18 16:40:40','2018-09-18 16:42:14','2018-09-20 15:01:11',2,'2018-09-20 15:03:52','2020-02-05 07:45:45',4),(73,'ZUGRAVU','ADRIAN','adrianzugravu@yahoo.com','0744-363-262','adrianzugravu','d3800c8ae6ff24ac1cc56b48bb3ba322',107,'2020-04-11 13:14:46','70.135.214.165','3HxlpVY4SWVDzk5SRKEXfdcJqZktcjFNgsnOg7xq4C0cOeImboIoCW06VRjtDZH8','2018-08-31 15:07:00','2018-08-31 15:08:51','2018-09-01 17:47:22',2,'2018-09-01 17:50:49','2020-02-15 15:11:48',4),(74,'BUTU','LELIA','lelia_butu@outlook.com','0747-225-807','lelia_butu','5530f3ad8bb1cf5d102b62fbdcf6743f',97,'2020-04-11 13:14:46','179.148.201.62','tfy9pg5ChoNzd9g7cqcFoXxxJURQPPTq3E6roRxko8hezsy9jouW7FfrnhJqdNL0','2019-02-06 10:39:36','2019-02-06 10:40:06','2019-02-08 04:56:53',2,'2019-02-08 05:00:07','2020-02-03 16:50:09',4),(75,'MIHAILESCU','DOINA IOANA','doinaioana.mihailescu@outlook.com','0738-768-807','doinaioana.mihailescu','46fda141cd9b4d0bfb3276dca4043a74',118,'2020-04-11 13:14:46','205.85.62.51','UnNd2c33TvDi4HGEviOqiSe1clWz9MP6PrrQ7BEkZfTJRrokrcDPnAhbipMr4L6x','2019-06-04 17:03:34','2019-06-04 17:04:32','2019-06-06 04:25:52',1,'2019-06-06 04:29:40','2020-01-04 23:41:57',4),(76,'BANDE','ADORIAN','adorian_bande@outlook.com','0728-208-361','adorian_bande','ed9eb4ca82214cccfb89e8084409ac23',146,'2020-04-11 13:14:46','66.178.189.162','4UMeffsFXzqYLxFphFmKAguHEtqCIBnZ2J3lMaA9x8Tf8kWYcaSE2I5qWBsKADXM','2019-09-27 14:25:38','2019-09-27 14:26:58','2019-09-27 16:22:19',4,'2019-09-27 16:25:39','2020-01-13 23:02:05',4),(77,'ROSU','ADRIAN','adrian.rosu@aol.com','0742-971-321','adrian.rosu','669f65763aa7c15e35e02dfc97a70bdd',127,'2020-04-11 13:14:46','239.206.65.203','VaOM70SNrdi1LWRtnRb7E11Irwrg7Dh4f7MYdZOeXjLXp3UMsYM64q2GWp0ldKy9','2018-05-05 06:04:05','2018-05-05 06:05:53','2018-05-07 05:37:37',1,'2018-05-07 05:40:54','2020-01-26 05:11:09',4),(78,'APARU','ANCA','ancaaparu@yahoo.com','0731-903-535','ancaaparu','31f46cb39e57aafd6730c871dea25df3',149,'2020-04-11 13:14:46','67.227.182.227','xawHSzM731iB39TeydBLrg0BK1Bx5CzEFf11ab0xtgrK4gNfXNDs7CXKvyqYZ50k','2018-05-28 20:10:07','2018-05-28 20:11:06','2018-05-30 12:04:43',1,'2018-05-30 12:07:07','2019-12-30 16:57:59',4),(79,'PUIU','GEORGIANA','georgianapuiu@gmail.com','0776-525-846','georgianapuiu','7786562063a703b3e3b178db2631a918',112,'2020-04-11 13:14:46','88.5.12.45','tDlO74JQ6cB5CiaSgDlEbXeao1zGwcgbNIyl9bRokAqM0YIx8lKMoTnOu20bMv1W','2018-12-03 19:44:53','2018-12-03 19:46:26','2018-12-04 04:34:19',3,'2018-12-04 04:36:29','2020-03-13 21:17:18',4),(80,'PISTOL','ADRIANA','adrianapistol@protonmail.com','0775-908-247','adrianapistol','36a01197e480ef30b2da09c7d25bb222',66,'2020-04-11 13:14:46','184.34.119.241','NzNLVtRdYh0Xcg4o6Q5FsHNhGgzpbS7x3gqMy1zLetPHmOxNxX4pGGC49sG8AO76','2019-04-26 23:20:40','2019-04-26 23:21:26','2019-04-27 19:41:03',3,'2019-04-27 19:44:43','2019-12-07 10:50:21',4),(81,'RADA','IOANA','ioanarada@yahoo.com','0725-244-841','ioanarada','642066ba24a15d733420e48546606693',146,'2020-04-11 13:14:46','94.248.204.25','ffO77H5RpZJMLcMJWTaMdfTrQOnEZe1j1muYAIKx6gidHechePHDe9oUSvT809mj','2019-09-27 18:35:18','2019-09-27 18:36:33','2019-09-28 21:45:54',2,'2019-09-28 21:49:43','2020-02-27 02:13:21',4),(82,'VASCU','CORNELIU','corneliu.vascu@outlook.com','0731-953-553','corneliu.vascu','5e64b3e46852ad913f176a015dcdc84c',79,'2020-04-11 13:14:46','13.240.157.66','2JuW1l7VFHcRQgUtVChvwbIuvRNxlw99WegS5I6pH2o8coAkaMewwXpk5yD6UATS','2018-08-30 08:01:03','2018-08-30 08:02:58','2018-08-31 10:49:57',4,'2018-08-31 10:52:05','2020-01-28 02:51:33',4),(83,'TIGAU','MIRELA','mirelatigau@aol.com','0737-327-256','mirelatigau','b4748f249236450b6d0ec6ce3328183b',110,'2020-04-11 13:14:46','107.87.110.39','wA9nPYDVA1jZ8A2CBEwtJvo6wriopIMaswACe4AVCHlRYk5YoZwi6vSDtLeGrfff','2020-01-03 17:25:57','2020-01-03 17:27:46','2020-01-03 21:55:38',4,'2020-01-03 21:58:49','2020-02-28 10:40:30',4),(84,'LUCA','ANDREI','andrei_luca@protonmail.com','0739-391-269','andrei_luca','be4e8b8e7042964d584cc4056b7b6d60',61,'2020-04-11 13:14:46','111.188.107.217','uSSETjpGJRqLLbD7RN5oK8C0DftXuIsMv4JgsfW7hMSo2M03OuW1Yznat0VRJ2L1','2019-12-22 00:13:11','2019-12-22 00:14:34','2019-12-23 14:11:54',2,'2019-12-23 14:15:24','2020-01-01 14:59:59',4),(85,'MUNTEAN','LIVIU','liviu.muntean@yahoo.com','0780-773-180','liviu.muntean','1376173a04e12c802f77a7590e48117a',125,'2020-04-11 13:14:46','15.171.60.35','5i6sBmhxotACLrj0O88dFnNnBtcvugQUqWrwqkX8cf2t43Zqs7N0KNg5IgQ9oPHY','2019-10-05 05:54:41','2019-10-05 05:56:10','2019-10-06 14:16:14',2,'2019-10-06 14:18:15','2020-02-13 15:57:34',4),(86,'DRACEA','LAURA LARISA','lauralarisa_dracea@protonmail.com','0747-197-920','lauralarisa_dracea','578d81bfae69f17aa71fcd536234aa75',94,'2020-04-11 13:14:46','241.102.33.108','WPynFadtWaYAaxOIVawsR9dBmCWwam8W0TKFHrgj7d6Q4ZpRLu8wgXcHI0bHZwQp','2018-10-19 14:00:27','2018-10-19 14:01:44','2018-10-21 13:49:06',1,'2018-10-21 13:52:40','2020-01-07 05:00:02',4),(87,'PRUNOIU','CRISTINA','cristina_prunoiu@yahoo.com','0721-298-095','cristina_prunoiu','9efd4a7ff57325b7b8e468932fcabf94',145,'2020-04-11 13:14:46','188.115.8.196','l9qxBhxLnUQv8fBNjqDFlKZCIzu4koSLfkNhoG8PLQr34ROUTmMwwOg8vo23oPI6','2018-08-20 13:24:49','2018-08-20 13:26:44','2018-08-22 11:20:22',2,'2018-08-22 11:24:11','2020-02-25 01:08:24',4),(88,'SZINI','ELENA','elena.szini@protonmail.com','0779-326-592','elena.szini','57d3a01a57b0ba6fddd9ee399acab3ce',93,'2020-04-11 13:14:46','203.177.24.87','3QxMs0WEjbM5Tg4wImc8FxCcX3pSFmRHA2ptKLffmR0toUKwMnUt8PIKJuKVQW3f','2018-09-11 10:09:20','2018-09-11 10:11:08','2018-09-13 00:18:09',3,'2018-09-13 00:20:32','2019-12-17 11:55:54',4),(89,'OPRESCU','NICOLETA','nicoleta.oprescu@aol.com','0731-836-366','nicoleta.oprescu','94a5a78d9b05a55a28c3c0fa1ccb67c9',80,'2020-04-11 13:14:46','112.49.158.139','Q81y3nswRzYwG6sYI33bG6gf7dvuWFVONiWZf2nRmJIuOD5n50K0DncSz7TalF0b','2019-06-27 19:38:45','2019-06-27 19:40:00','2019-06-28 00:33:11',4,'2019-06-28 00:35:39','2020-02-09 02:11:32',4),(90,'DAVID','ADRIANA','adrianadavid@outlook.com','0761-418-828','adrianadavid','84d4c70464b81a82acf863a9286e7a51',73,'2020-04-11 13:14:46','221.188.23.52','Nj2rx1jpvD94Y1PeoZG6wH9aJXTMEdE1RFVbMcp1dZI12zdap08OFL5BfFH6ESfw','2019-04-10 04:52:22','2019-04-10 04:53:14','2019-04-10 10:55:05',1,'2019-04-10 10:58:15','2020-01-29 17:22:09',4),(91,'RADUTOIU','ELENA','elenaradutoiu@aol.com','0768-256-936','elenaradutoiu','4b8490ecefaf66becd28426b1a9e61a6',77,'2020-04-11 13:14:46','189.36.113.204','0Ut9qJ2FghhbBddaoZhfesXzSusON5cCwN7JBTQjq23TopwDL7nKOym6C9f4Rp0r','2019-10-25 22:32:12','2019-10-25 22:32:48','2019-10-26 13:59:28',1,'2019-10-26 14:01:56','2019-12-30 17:22:39',4),(92,'STOIA','STELIAN','stelianstoia@yahoo.com','0789-437-678','stelianstoia','a65b406d6315ea174d4484385b40247c',114,'2020-04-11 13:14:46','182.43.170.217','5V4ivoiQpt0qH7V8YqbCRr5WjEqJXWxLsH8SGTbgNdiHZI9m55JOeo0RDiMqCjkw','2019-03-09 11:10:30','2019-03-09 11:10:52','2019-03-09 22:15:44',3,'2019-03-09 22:18:33','2020-03-03 10:47:46',4),(93,'BOTEZ','PAUL','paul.botez@yahoo.com','0720-450-349','paul.botez','a4898cac1b2afdac1b57fafc56b18a08',89,'2020-04-11 13:14:46','75.221.130.236','RkMH4K3SnVXQbaoCWUuLEkdqkQIkE9qtVGvcH96KhbaCOPr7QIlqdAI4GUYikB3y','2018-05-24 21:22:30','2018-05-24 21:22:34','2018-05-25 06:23:53',4,'2018-05-25 06:26:35','2020-02-14 23:04:54',4),(94,'VINTILA','AURA','aura_vintila@outlook.com','0772-000-669','aura_vintila','a6b72c5b301dbc0c1eddf6c1d14d20f8',55,'2020-04-11 13:14:46','36.222.251.88','9ThCQvrQVKG6QWXnd3qfhaRjrCctA3V2HZbWMZxgFL1E9btAbFdFqUSJtlE0WvM8','2018-05-03 10:27:35','2018-05-03 10:28:48','2018-05-03 22:15:47',1,'2018-05-03 22:18:50','2020-01-10 20:07:44',4),(95,'ROTARU','CLAUDIU','claudiu_rotaru@aol.com','0781-900-427','claudiu_rotaru','c9a7b2cb63feab0edd54c1d29daf84ff',57,'2020-04-11 13:14:46','185.157.232.187','I5y6llUUddBYalko5EE7tu2ANH2peFlwUj0RxTukDJwpRu0N62ZieulRcX6Bp7My','2018-05-31 21:17:02','2018-05-31 21:18:58','2018-06-02 05:10:56',1,'2018-06-02 05:14:08','2020-03-10 07:24:54',4),(96,'ALDEA','RALUCA','raluca_aldea@protonmail.com','0789-699-177','raluca_aldea','cd20bdb69becc716ff2a01fddc19514d',70,'2020-04-11 13:14:46','238.129.178.250','rnMJWE291gT5lfkSXHW9ruF8dz22npeL2UFD1tygie5CVYCQsyre078HfLt4kHvo','2018-12-24 12:08:59','2018-12-24 12:08:59','2018-12-25 16:10:52',4,'2018-12-25 16:13:42','2019-12-17 00:57:11',4),(97,'DABIJA','ANCA','ancadabija@outlook.com','0736-502-056','ancadabija','f7ed55361dbdf8ec18df4ddbaddd9eb5',131,'2020-04-11 13:14:46','215.72.214.104','HxVIvH902pw0XWUS8hDJLVA4UfVrmDB5Aa2LrSe22NYOtCSB2aM1WPlZl6iqRmTg','2019-07-30 06:00:22','2019-07-30 06:00:34','2019-08-01 02:25:04',4,'2019-08-01 02:27:39','2020-02-24 21:26:35',4),(98,'CITA','RADIANA','radiana.cita@protonmail.com','0768-088-243','radiana.cita','4d947a012963470f06b065d581c81be6',95,'2020-04-11 13:14:46','125.63.188.249','ZqZPLA7xaSWgjI2NWMDUH1JlEFh9otIkVPn6711PkvVVHoKJwGI0wQ3LYv4pfhoV','2018-11-11 02:41:32','2018-11-11 02:42:31','2018-11-12 20:36:24',3,'2018-11-12 20:38:48','2020-02-18 05:35:21',4),(99,'FERICIAN','ADELA','adelaferician@outlook.com','0731-364-386','adelaferician','3265e01989a39f9e90374c6844aa3d19',132,'2020-04-11 13:14:46','178.145.186.247','Tsw77WeJH8KTwtZ88ipOxx6BUcJGVPD1Nr4iNxKOHiFUTILshk0QZ9djmRJ3ZtUH','2019-06-30 04:33:09','2019-06-30 04:33:32','2019-07-01 08:50:23',4,'2019-07-01 08:52:40','2020-02-18 20:43:33',4),(100,'HADNAGY','LADISLAU','ladislau_hadnagy@aol.com','0766-066-516','ladislau_hadnagy','1c61a6b7f740a9546f7a0c1d4bfafde9',126,'2020-04-11 13:14:46','172.119.78.29','7eehwN1xuPofp2CRjbpwU8Df4rRqK4acmTQYoIseiq2ALhCm4HZLvNPFx4K7eHTb','2018-10-21 23:47:42','2018-10-21 23:48:39','2018-10-22 15:26:19',4,'2018-10-22 15:28:33','2020-01-12 03:00:10',4),(101,'BELEI','OANA','oana.belei@yahoo.com','0778-190-570','oana.belei','471d1735d3ed6b9e2a785d35ae0f02f6',82,'2020-04-11 13:14:46','162.221.117.173','1UcWBbB9OeqeJuCqYSO1wi8XDvi12JiZV6DuRSB1cyIttT8dPf7FA0pqUxZuC9HS','2019-06-19 18:25:39','2019-06-19 18:27:15','2019-06-21 11:44:00',2,'2019-06-21 11:46:19','2020-03-05 00:51:02',4),(102,'COJOCARU','ADRIANA','adriana.cojocaru@aol.com','0725-308-864','adriana.cojocaru','501c0c6d339a8299d39e3333e9326580',85,'2020-04-11 13:14:46','10.28.111.217','Ki7ztVgGaNUcqHGvxPaooXMcuJXj594yWI9zWHTz3X9uqZsKrEGsNBvzjJsI3ule','2018-10-30 05:51:44','2018-10-30 05:52:52','2018-10-30 21:24:40',2,'2018-10-30 21:27:34','2020-03-17 13:26:55',4),(103,'SANDIC','MARIA','maria.sandic@yahoo.com','0735-032-934','maria.sandic','7aa4d116bbed7e418a7f517e2f00da08',131,'2020-04-11 13:14:46','2.107.26.59','nrJjmniLt4beDKwRdaronnQZ5QHTvO4ujPlVkQUBeU4bOe6GH5XY89eOLsxuw915','2019-08-31 07:08:21','2019-08-31 07:09:16','2019-08-31 08:54:59',1,'2019-08-31 08:58:32','2019-12-12 10:53:35',4),(104,'DATCU','ALINA','alina.datcu@outlook.com','0767-425-358','alina.datcu','49467b408cd48c78c1ae101179d774da',149,'2020-04-11 13:14:46','217.156.126.163','f60tr1Chy3Wckmi9WxOU0dmTTp2leVHvfzpreH2P76YccBxGMMNnKhnLmMUdOog1','2019-10-03 03:13:08','2019-10-03 03:14:18','2019-10-03 13:24:29',4,'2019-10-03 13:27:31','2020-01-11 05:02:29',4),(105,'POPESCU','CATALIN','catalinpopescu@protonmail.com','0785-296-686','catalinpopescu','0eb7aeb344ec40f7e8faec16bb9c9f66',102,'2020-04-11 13:14:46','183.177.81.126','qQmKau4l3UOtpgO3aHGZVIxvyA3PFfaT0IjwapxPaKnoa1eMy6tNJgLWThkh1QLw','2019-09-12 03:47:12','2019-09-12 03:48:20','2019-09-14 01:21:03',2,'2019-09-14 01:23:33','2020-01-22 04:40:07',4),(106,'DAN','NICOLETA','nicoletadan@outlook.com','0721-212-883','nicoletadan','da736b9706a9048386c9581afbc2cab6',116,'2020-04-11 13:14:46','133.36.28.32','bQZ5HntAQQWwi9jV78xDpXSLqlP81XYOz7DzCaOcWUOUNKsDNHzpZpkXpxx1DyvL','2019-02-20 18:23:12','2019-02-20 18:23:21','2019-02-20 23:35:25',1,'2019-02-20 23:38:53','2020-02-17 17:19:41',4),(107,'TANASESCU','CARMEN','carmentanasescu@gmail.com','0739-086-896','carmentanasescu','c1023c6b48578f597bb0f07773552144',123,'2020-04-11 13:14:46','73.20.128.77','fQUOR8hi9bLvoMUwotxi8mEydfmZX3BURLXY041BxVWPNC8IIovRyP58hXkKqZ6p','2018-07-11 17:41:00','2018-07-11 17:42:22','2018-07-13 02:57:32',2,'2018-07-13 03:01:23','2020-01-26 15:48:23',4),(108,'MIHAILA','ADRIAN','adrian.mihaila@protonmail.com','0744-006-005','adrian.mihaila','302fe7a72f95998deeddd1029353c945',117,'2020-04-11 13:14:46','251.23.111.233','37349bfNujSbgvbXPzkUNLjarVBobtaEBlVwP38Zf81LxsBsQletWziNd4KwZcvA','2019-02-16 18:21:59','2019-02-16 18:22:20','2019-02-17 01:05:01',3,'2019-02-17 01:07:51','2020-01-19 09:07:28',4),(109,'COJAN','CARMEN MARIA','carmenmaria_cojan@yahoo.com','0788-599-870','carmenmaria_cojan','2fa99929b831a8ed651c9551b90b51aa',66,'2020-04-11 13:14:46','79.198.249.148','E8AMWzuDFmxSQnJnesuxWS1gDSTjCn1JZnPxxiU4EYeremKohCVU8L6gTBXevPdL','2019-12-25 23:53:32','2019-12-25 23:55:15','2019-12-27 05:36:07',2,'2019-12-27 05:38:47','2020-02-18 04:16:57',4),(110,'URSEA','MIHAELA','mihaela.ursea@yahoo.com','0781-191-793','mihaela.ursea','14523fb9fea24ba763e1305def35fbfd',130,'2020-04-11 13:14:46','244.24.134.100','86UIJDXZ1xwZWxULtq5PAyrcPJ2mSWT72GffgOq2XzxxTr1kTA3EJagcBCKfb1No','2018-06-15 01:28:17','2018-06-15 01:29:47','2018-06-16 09:49:06',4,'2018-06-16 09:51:54','2020-02-06 09:12:34',4),(111,'SERBAN','ANA MARIA','anamaria.serban@protonmail.com','0779-011-205','anamaria.serban','ce459370b86688f3346a24015c20d329',102,'2020-04-11 13:14:46','94.171.72.95','nJJkoueChalhQkgqjnKjHQmBtliDDgiDqNhlO8AOgz38cKSdlYztn5DJV49GuWS6','2018-03-25 16:47:22','2018-03-25 16:47:46','2018-03-26 17:20:42',3,'2018-03-26 17:22:43','2020-01-10 18:18:35',4),(112,'CONSTANTIN','ANCA','anca_constantin@yahoo.com','0738-237-301','anca_constantin','8197ba5e5c993ef9f34153a1d59d2284',70,'2020-04-11 13:14:46','7.247.216.84','zyzmZvnrsShdrZDCqS9CA1PuMSFYMXAgHSbZYrzBsyPQv38rRLS0GIsDOgqCxQCS','2019-09-16 16:38:38','2019-09-16 16:40:07','2019-09-17 18:19:51',1,'2019-09-17 18:23:31','2020-02-03 18:58:02',4),(113,'VLADAREANU','RADU','radu.vladareanu@gmail.com','0788-193-367','radu.vladareanu','cba997f55175e419d0577699c284e620',95,'2020-04-11 13:14:46','23.112.238.103','3HxlpVY4SWVDzk5SRKEXfdcJqZktcjFNgsnOg7xq4C0cOeImboIoCW06VRjtDZH8','2019-10-10 17:57:39','2019-10-10 17:57:53','2019-10-11 00:40:44',3,'2019-10-11 00:43:03','2020-02-21 04:02:53',4),(114,'COMSA','SERBAN','serbancomsa@gmail.com','0776-676-886','serbancomsa','d86e9413550354984958d27564dcb5c3',117,'2020-04-11 13:14:46','51.196.72.20','tfy9pg5ChoNzd9g7cqcFoXxxJURQPPTq3E6roRxko8hezsy9jouW7FfrnhJqdNL0','2019-09-01 00:58:56','2019-09-01 00:59:39','2019-09-01 05:27:42',4,'2019-09-01 05:30:16','2020-01-06 02:30:34',4),(115,'ZAMFIR','MIHAELA','mihaela.zamfir@protonmail.com','0744-654-493','mihaela.zamfir','adb3bf1a79717d4bcc7b6395a83ba17c',51,'2020-04-11 13:14:46','134.108.135.102','UnNd2c33TvDi4HGEviOqiSe1clWz9MP6PrrQ7BEkZfTJRrokrcDPnAhbipMr4L6x','2018-12-04 08:08:18','2018-12-04 08:09:11','2018-12-04 10:19:54',4,'2018-12-04 10:23:50','2020-01-28 00:25:06',4),(116,'POPESCU','DIANA','diana_popescu@yahoo.com','0778-289-838','diana_popescu','ba0a2ebf840444522de279daf22ee8f2',53,'2020-04-11 13:14:46','103.208.230.23','4UMeffsFXzqYLxFphFmKAguHEtqCIBnZ2J3lMaA9x8Tf8kWYcaSE2I5qWBsKADXM','2019-07-17 22:51:17','2019-07-17 22:51:33','2019-07-19 20:20:00',4,'2019-07-19 20:23:59','2020-02-01 06:42:15',4),(117,'SRAM','LIVIA','livia.sram@yahoo.com','0760-751-657','livia.sram','7fb2664f110dcfe4e1e80a79867f18cf',65,'2020-04-11 13:14:46','172.41.188.66','VaOM70SNrdi1LWRtnRb7E11Irwrg7Dh4f7MYdZOeXjLXp3UMsYM64q2GWp0ldKy9','2018-11-10 02:58:08','2018-11-10 02:58:52','2018-11-11 07:43:54',4,'2018-11-11 07:46:00','2020-02-17 17:22:32',4),(118,'SCHMIDT','ROLAND','roland_schmidt@outlook.com','0725-991-017','roland_schmidt','13ce7c16ed7ab060f0eed9db047befee',113,'2020-04-11 13:14:46','14.120.57.174','xawHSzM731iB39TeydBLrg0BK1Bx5CzEFf11ab0xtgrK4gNfXNDs7CXKvyqYZ50k','2019-08-01 03:23:22','2019-08-01 03:24:11','2019-08-01 10:43:04',2,'2019-08-01 10:45:36','2019-12-27 09:56:08',4),(119,'MIHAI','DANIEL','daniel.mihai@outlook.com','0721-674-489','daniel.mihai','249ca294bc324bea9f7ab2bd80b42181',122,'2020-04-11 13:14:46','199.221.5.109','NzNLVtRdYh0Xcg4o6Q5FsHNhGgzpbS7x3gqMy1zLetPHmOxNxX4pGGC49sG8AO76','2019-04-02 17:09:03','2019-04-02 17:11:00','2019-04-04 15:27:14',4,'2019-04-04 15:29:39','2019-12-20 21:34:03',4);
/*!40000 ALTER TABLE `Utilizator` ENABLE KEYS */;
UNLOCK TABLES;

--
-- Table structure for table `Zona`
--

DROP TABLE IF EXISTS `Zona`;
/*!40101 SET @saved_cs_client     = @@character_set_client */;
/*!50503 SET character_set_client = utf8mb4 */;
CREATE TABLE `Zona` (
  `id_zona` int(3) NOT NULL AUTO_INCREMENT,
  `denumire` varchar(50) DEFAULT NULL,
  PRIMARY KEY (`id_zona`)
) ENGINE=InnoDB AUTO_INCREMENT=9 DEFAULT CHARSET=utf8;
/*!40101 SET character_set_client = @saved_cs_client */;

--
-- Dumping data for table `Zona`
--

LOCK TABLES `Zona` WRITE;
/*!40000 ALTER TABLE `Zona` DISABLE KEYS */;
INSERT INTO `Zona` VALUES (1,'Zona Centrala'),(2,'Cartierul Berceni'),(3,'Cartierul Militari'),(4,'Cartierul Floreasca'),(5,'Cartierul Aviatorilor'),(6,'Cartierul Aviatiei'),(7,'Cartierul Colentina'),(8,'Cartierul Giulesti');
/*!40000 ALTER TABLE `Zona` ENABLE KEYS */;
UNLOCK TABLES;
/*!40103 SET TIME_ZONE=@OLD_TIME_ZONE */;

/*!40101 SET SQL_MODE=@OLD_SQL_MODE */;
/*!40014 SET FOREIGN_KEY_CHECKS=@OLD_FOREIGN_KEY_CHECKS */;
/*!40014 SET UNIQUE_CHECKS=@OLD_UNIQUE_CHECKS */;
/*!40101 SET CHARACTER_SET_CLIENT=@OLD_CHARACTER_SET_CLIENT */;
/*!40101 SET CHARACTER_SET_RESULTS=@OLD_CHARACTER_SET_RESULTS */;
/*!40101 SET COLLATION_CONNECTION=@OLD_COLLATION_CONNECTION */;
/*!40111 SET SQL_NOTES=@OLD_SQL_NOTES */;

-- Dump completed on 2020-05-11 13:34:10
